County,StateFIPS,n_school_districts,n_counties,n_tracts,n_blocks,n_ISPs,zoom_5_5_coverage_pct,fcc_25_3_coverage_pct,other_100_20_coverage_pct,max_MaxAdDown,median_MaxAdDown,mean_MaxAdDown,min_MaxAdDown,std_MaxAdDown,max_MaxAdUp,median_MaxAdUp,mean_MaxAdUp,min_MaxAdUp,std_MaxAdUp,n_LEADIDs
01001,01,1,1,17,245,13,0.8897546897546897,0.7327561327561327,0.47445887445887447,1000.0,25.0,466.63957633477634,0.0,488.0292350656963,1000.0,5.0,141.18086695526696,0.0,327.19967349485825,1
01003,01,2,1,43,503,25,0.8940184883088635,0.7375747688961392,0.4382272974442632,2000.0,40.0,287.89263012506797,0.0,390.3321152000685,2000.0,5.0,65.37997476889615,0.0,208.30907700766852,2
01005,01,2,1,9,238,12,0.8997517070142769,0.6446306641837368,0.3292985723153321,1000.0,25.0,324.4962172563625,0.0,453.79785759009377,1000.0,3.0,29.043103662321542,0.0,127.6665408488663,2
01007,01,1,1,8,234,13,0.9090350338045482,0.5703749231714813,0.08912108174554395,1000.0,25.0,82.49284572833434,0.0,235.95159107146068,1000.0,2.0,64.27725998770744,0.0,237.62644790282852,1
01009,01,2,1,16,379,11,0.9668874172185431,0.7738883632923368,0.2986439608956165,1000.0,25.0,225.0708880479344,0.0,365.5974890841077,1000.0,5.0,95.28688741721854,0.0,278.3679637275785,2
01011,01,1,1,4,224,9,0.9802414928649835,0.5916575192096597,0.059275521405049394,1000.0,25.0,65.46461909989023,0.0,181.23444940165103,1000.0,4.0,47.27967069154775,0.0,182.29023128398993,1
01013,01,1,1,9,482,12,0.8813953488372093,0.2717607973421927,0.16578073089700995,1000.0,20.0,165.43617541528238,0.0,340.93571289032195,500.0,1.0,13.088118272425248,0.0,59.831584967452386,1
01015,01,5,1,37,460,14,0.9312384473197782,0.6951735469295544,0.3638529472170877,1000.0,25.0,342.76691723146433,0.0,456.52206466838095,1000.0,4.0,58.12101753953584,0.0,197.207786394139,5
01017,01,2,1,9,466,12,0.8911491019259901,0.8346678208180047,0.5951092837048257,2000.0,1000.0,601.9559619130058,0.0,483.67355941314264,1000.0,35.0,27.239755464185244,0.0,44.09839034649047,2
01019,01,1,1,8,381,11,0.9721845318860244,0.7265943012211669,0.2503392130257802,1200.0,25.0,115.74072048846675,0.0,267.1324816799533,1000.0,5.0,11.983636363636364,0.0,46.763915657807736,1
01021,01,1,1,12,336,14,0.9392726059392726,0.6639973306639974,0.23189856523189856,1000.0,25.0,158.28016149482815,0.0,326.3982840989032,1000.0,3.0,125.17713313313314,0.0,324.48232825443745,1
01023,01,1,1,4,354,15,0.8758526603001364,0.5954979536152797,0.24488403819918145,2000.0,25.0,41.575034106412005,0.0,76.31141624946319,1000.0,5.0,18.200480218281037,0.0,55.67384950641322,1
01025,01,2,1,9,317,15,0.8860145513338723,0.5194017784963622,0.24575586095392077,1000.0,25.0,214.798606305578,0.0,390.8140107573653,1000.0,3.0,28.698257073565077,0.0,123.43936266963823,2
01027,01,1,1,4,461,7,0.8134196586227193,0.5544437904649794,0.1347851677457328,2000.0,25.0,153.2378575632725,0.0,338.2467155476266,1000.0,3.0,7.687515008828723,0.0,35.886540920081735,1
01029,01,2,1,4,392,9,0.7562189054726368,0.58017604286261,0.3723689246077306,100.0,25.0,46.61565862992729,0.0,43.35223352247551,50.0,3.0,19.605547646383467,0.0,23.4615034809259,2
01031,01,4,1,16,296,13,0.8291896869244936,0.6558471454880295,0.4098756906077348,1000.0,25.0,417.6180046040516,0.0,482.30705915063646,1000.0,4.0,207.56094014732966,0.0,394.64648043281585,4
01033,01,4,1,15,504,15,0.8757776856076317,0.6576109498133554,0.38151527720171435,1200.0,25.0,396.4730601410203,0.0,533.3717240117613,1000.0,4.0,69.92927360707867,0.0,230.05943793025162,4
01035,01,1,1,5,268,12,0.9132530120481928,0.485140562248996,0.13413654618473897,1200.0,18.0,133.64482248995984,0.0,315.6689039241284,50.0,1.5,7.799632128514056,0.0,15.438022384603547,1
01037,01,1,1,3,317,10,0.9028776978417267,0.7868705035971223,0.4919064748201439,1000.0,60.0,491.81148561151076,0.0,488.2645217940592,1000.0,5.0,148.13688129496404,0.0,334.75191409639615,1
01039,01,3,1,14,456,14,0.873921698739217,0.6219862862198628,0.2924131829241318,2000.0,25.0,362.38525857111256,0.0,574.7078950853243,2000.0,3.0,131.26490267639903,0.0,462.9881594119491,3
01041,01,1,1,6,319,12,0.858195211786372,0.6869244935543278,0.30448127685696746,1000.0,25.0,257.9753836709638,0.0,411.11722909937987,1000.0,3.0,227.33935297728667,0.0,412.395377884849,1
01043,01,3,1,22,578,16,0.9538190175851194,0.7326420439360736,0.32727564273878884,1000.0,25.0,309.81827056496877,0.0,441.86211324020553,1000.0,4.0,78.71055203378054,0.0,247.85840573501255,3
01045,01,6,1,14,376,11,0.8420027497708524,0.6738084326306141,0.39676901924839597,1200.0,40.0,403.9332186067828,0.0,477.3932154567092,1000.0,4.0,182.4217380843263,0.0,374.6117918582234,6
01047,01,2,1,17,307,14,0.8634036453000205,0.6606594306778619,0.4190047102191276,1000.0,25.0,384.04012205611303,0.0,472.9787040662366,1000.0,4.0,19.597588367806676,0.0,34.243547374481075,2
01049,01,2,1,21,485,13,0.9667014250955857,0.875634341327772,0.39555092109836637,1000.0,25.0,399.15216044490785,0.0,475.0905053321257,1000.0,10.0,247.7031172749392,0.0,421.90195037431045,2
01051,01,2,1,20,264,16,0.8757619218357834,0.7343133739691646,0.5426676228038724,2000.0,100.0,475.69728433130155,0.0,483.7239485496158,1000.0,20.0,119.48772714234492,0.0,295.78569180898626,2
01053,01,2,1,10,401,16,0.8374129353233831,0.41134328358208955,0.21691542288557214,1000.0,18.0,219.46132696517415,0.0,399.5252040199921,50.0,1.0,11.286427064676618,0.0,19.16434488906352,2
01055,01,4,1,33,374,20,0.9354064314426083,0.7314091112103618,0.4091670388566324,1200.0,25.0,450.3892217507816,0.0,543.0776599903616,1000.0,4.0,66.00947320232245,0.0,219.3419534292163,4
01057,01,2,1,5,406,10,0.754,0.385,0.222,1000.0,10.0,229.31431,0.0,406.7381142188806,1000.0,1.0,90.804113,0.0,277.41633877557933,2
01059,01,2,1,11,371,12,0.8890526315789473,0.6785263157894736,0.32863157894736844,1200.0,25.0,340.71065263157897,0.0,461.5574938891203,1000.0,4.0,65.24904042105263,0.0,223.99784903346674,2
01061,01,2,1,6,564,13,0.8420723117858819,0.6135545468774456,0.3313507591172327,1000.0,25.0,286.0835248082642,0.0,431.75713174557023,1000.0,3.0,90.29375082172484,0.0,270.2797687942313,2
01063,01,1,1,4,218,8,0.9144295302013423,0.5234899328859061,0.003355704697986577,500.0,25.0,18.741342281879195,0.0,21.71988031159179,20.0,2.0,2.2287852348993287,0.0,1.5767089480115242,1
01065,01,1,1,7,216,12,0.9602649006622517,0.7268211920529801,0.25662251655629137,1000.0,25.0,203.38187417218543,0.0,373.5943499940331,100.0,4.0,17.760864238410594,0.0,28.46855685989279,1
01067,01,2,1,6,314,8,0.8227790432801823,0.6009111617312073,0.16993166287015946,1200.0,25.0,212.8346624145786,0.0,431.6776710768974,100.0,3.0,7.982297038724374,0.0,13.500136060328083,2
01069,01,2,1,26,408,14,0.8491405216973194,0.7146892655367232,0.5045077533357375,1200.0,100.0,513.4082844091838,0.0,519.9281533701414,1000.0,25.0,83.92582570020436,0.0,243.4575152972257,2
01071,01,2,1,16,477,17,0.9096622152395916,0.7558697739373309,0.5786855197695732,2000.0,1000.0,543.5546844723749,0.0,487.6423038298677,1000.0,35.0,375.5709843763638,0.0,477.2398577422155,2
01073,01,12,1,189,845,23,0.9079832516420931,0.7098009644196615,0.4085355770312014,1200.0,25.0,375.5917873778766,0.0,466.1489088962678,1000.0,4.0,101.5360527718797,0.0,281.10049729026827,12
01075,01,1,1,4,380,10,0.8354735152487961,0.47030497592295345,0.36276083467094705,1000.0,18.0,333.8292086677368,0.0,449.03220421250455,1000.0,1.0,203.2635296950241,0.0,395.8902853765687,1
01077,01,2,1,26,388,15,0.9627086161462908,0.7260241156272459,0.3139822726183822,1200.0,25.0,329.6580225185659,0.0,502.13936825728484,1000.0,4.0,54.65387814421464,0.0,201.7527230399376,2
01079,01,1,1,11,357,7,0.9438502673796791,0.7122326203208557,0.2376336898395722,1000.0,25.0,220.475506684492,0.0,390.8774427935527,35.0,4.0,10.079881016042782,0.0,13.088526845096249,1
01081,01,4,1,48,377,17,0.9101520600668812,0.788440911098492,0.556438892043662,1000.0,250.0,433.55381008265505,0.0,436.60638984358917,1000.0,25.0,149.41854325194018,0.0,283.92997292267955,4
01083,01,5,1,23,438,15,0.948354522781191,0.7445708376421923,0.424965022203297,2000.0,25.0,405.49155666403067,0.0,475.8790750911456,1000.0,5.0,82.28603960094897,0.0,245.80116649584386,5
01085,01,1,1,4,209,9,0.7030995106035889,0.3099510603588907,0.10929853181076672,1000.0,10.0,111.49516476345839,0.0,291.4846389615017,1000.0,1.0,15.873853181076672,0.0,84.93366491984771,1
01087,01,1,1,12,256,10,0.8533412182140745,0.576581904198699,0.3075103489059728,1000.0,25.0,316.0233140153755,0.0,453.50548565561735,1000.0,3.0,12.950204612655233,0.0,28.52623039813251,1
01089,01,3,1,95,432,23,0.9100162778079218,0.7876288659793814,0.5323494302767228,2000.0,1000.0,660.5256966250678,0.0,677.6560437903282,1000.0,35.0,244.21617436787844,0.0,413.57168849800473,3
01091,01,3,1,8,316,18,0.9140823589222166,0.5160142348754448,0.3210472801220132,1000.0,25.0,158.87080223690901,0.0,300.194915580901,1000.0,3.0,58.43550381291306,0.0,211.78644327047297,3
01093,01,3,1,11,499,10,0.8476567656765677,0.6871287128712872,0.4407920792079208,1000.0,40.0,451.3982172937294,0.0,487.0186769259389,1000.0,4.0,315.7517280528053,0.0,458.904625939152,3
01095,01,5,1,26,406,16,0.9453632604843473,0.816850898658341,0.4611425196185976,1000.0,30.0,465.1716668635558,0.0,486.2801744533333,1000.0,15.0,185.05331600708803,0.0,371.81995821273614,5
01097,01,4,1,134,487,21,0.900902273974273,0.6739620801072974,0.4326647564469914,1200.0,25.0,421.1964918612449,0.0,519.8159203712479,1000.0,5.0,124.50364299213558,0.0,307.64866201944386,4
01099,01,1,1,9,266,12,0.9595170454545454,0.5198863636363636,0.18821022727272727,1200.0,25.0,104.82386363636364,0.0,262.37342942914603,50.0,2.0,7.65944696969697,0.0,13.371947786399973,1
01101,01,3,1,71,345,19,0.8465521299129207,0.7267004000941398,0.5455989644622264,1000.0,1000.0,525.8530136502707,0.0,489.9422483075266,1000.0,35.0,112.15005271828666,0.0,284.7946131156173,3
01103,01,3,1,31,520,18,0.9369517306944385,0.7230456765049047,0.4227129337539432,1000.0,25.0,398.0842086340262,0.0,472.5537958862714,1000.0,5.0,69.49113218962016,0.0,224.05624262514684,3
01105,01,1,1,4,185,10,0.9102844638949672,0.4420131291028446,0.04814004376367615,1000.0,18.0,25.524227571115976,0.0,67.29627995780024,100.0,1.5,6.529304157549234,0.0,20.17032425560247,1
01107,01,1,1,6,313,10,0.80125,0.5875,0.24125,1000.0,25.0,136.6910425,0.0,209.43188284724897,1000.0,3.0,6.95102625,0.0,26.049739190426497,1
01109,01,2,1,11,367,16,0.8555506018724922,0.6870263040570664,0.41261703076237183,1000.0,50.0,405.9850940704414,0.0,476.79492997675334,1000.0,4.0,393.2042884529648,0.0,486.290936957243,2
01111,01,2,1,6,379,10,0.5829439252336449,0.46514797507788164,0.1810747663551402,1000.0,10.0,188.25518535825546,0.0,378.2578026358496,1000.0,1.0,64.5713738317757,0.0,234.9202884759903,2
01113,01,2,1,18,255,12,0.9129478315524827,0.7168447517284726,0.4668447517284727,1000.0,25.0,164.5062658705217,0.0,231.84275414970978,1000.0,5.0,65.70187492143306,0.0,223.01993154087364,2
01115,01,4,1,24,280,16,0.9357873210633947,0.8323108384458078,0.43626448534423995,1200.0,40.0,276.7859261077028,0.0,390.6686444672251,1000.0,10.0,87.20162099522835,0.0,235.70449918618013,4
01117,01,7,1,55,467,18,0.9043638517738433,0.688310406108076,0.36237082867109854,1000.0,25.0,323.23132416244323,0.0,446.85300247037435,1000.0,4.0,58.91056164022905,0.0,207.4686010275355,7
01119,01,1,1,5,228,9,0.8608169440242057,0.44175491679273826,0.28895612708018154,1000.0,18.0,277.00289258698945,0.0,434.4654923925618,1000.0,1.5,16.404986384266262,0.0,43.84931757799516,1
01121,01,4,1,24,471,11,0.8718168366949615,0.6870960205591465,0.394595436492485,1000.0,25.0,386.107923370454,0.0,471.14257357023627,1000.0,4.0,76.45776575033098,0.0,238.91104995680206,4
01123,01,3,1,12,352,13,0.8830811554332875,0.7095696600510906,0.4342699941049322,1000.0,25.0,430.0043073295343,0.0,482.4153647523681,1000.0,4.0,30.575821182943603,0.0,104.09356271861715,3
01125,01,2,1,59,465,17,0.9488871834228703,0.7410590943975441,0.3819646968534152,2000.0,25.0,378.04614689178817,0.0,502.27626879592094,1000.0,4.0,62.557317421335384,0.0,214.07949701245397,2
01127,01,2,1,20,383,11,0.9406272201359992,0.7015122297777326,0.3721709124124632,1000.0,25.0,336.9607238404547,0.0,452.7752134119183,1000.0,4.0,25.717003552217598,0.0,107.27265409094457,2
01129,01,1,1,5,281,8,0.6429199648197009,0.3500439753737907,0.06596306068601583,1000.0,10.0,77.84390501319261,0.0,245.33316403704492,50.0,1.0,4.7512436235708,0.0,12.075893095800156,1
01131,01,1,1,5,257,10,0.9010367577756834,0.4354382657869934,0.23091423185673893,1000.0,18.0,193.62491611687088,0.0,372.7132271723299,1000.0,1.0,107.51921394910461,0.0,296.67046620366256,1
01133,01,2,1,8,357,12,0.8753300088002347,0.618363156350836,0.24229979466119098,1000.0,25.0,237.32885303608097,0.0,404.46546963098353,1000.0,3.0,205.90315400410677,0.0,401.1668585025563,2
02013,02,1,1,1,55,3,0.16901408450704225,0.0,0.0,10.0,4.0,3.9859154929577465,0.0,3.1418509455709556,5.0,1.0,1.419943661971831,0.0,1.67147435250033,1
02016,02,3,1,2,88,4,0.3888888888888889,0.012345679012345678,0.0,30.0,4.0,5.796296296296297,0.0,4.635492217412862,30.0,1.0,3.101086419753086,0.0,4.223232856144022,3
02020,02,1,1,61,357,12,0.8709587254262555,0.7505823162210007,0.6014161930494736,2000.0,100.0,617.8281002515606,0.0,880.5036586333188,1000.0,50.0,47.22700531072393,0.0,41.83625020146473,1
02050,02,5,1,3,442,2,0.9111866969009826,0.0,0.0,10.0,10.0,9.113378684807257,0.0,2.84069711049187,4.0,2.0,1.8832290249433108,0.0,0.6791762817044071,5
02060,02,1,1,1,80,2,0.9090909090909091,0.0,0.0,10.0,10.0,9.090909090909092,0.0,2.8912724941310364,2.0,2.0,1.8181818181818181,0.0,0.5782544988262072,1
02063,02,3,1,2,146,4,0.708029197080292,0.5888077858880778,0.41849148418491483,2000.0,50.0,564.316301703163,0.0,787.5416179181743,1000.0,10.0,170.2603406326034,0.0,360.3229203465218,3
02066,02,3,1,1,154,2,0.9665071770334929,0.9473684210526315,0.23923444976076555,1000.0,50.0,273.9952153110048,0.0,407.5972158791146,1000.0,10.0,246.10047846889952,0.0,423.11028228372294,3
02068,02,1,1,1,120,3,0.6470588235294118,0.3333333333333333,0.05392156862745098,1000.0,20.0,62.675333333333334,0.0,202.59646268413664,100.0,2.0,9.661254901960785,0.0,20.446210518461523,1
02070,02,2,1,2,119,4,0.9372693726937269,0.0,0.0,10.0,10.0,9.37269372693727,0.0,2.4292644318648113,2.0,2.0,1.8745387453874538,0.0,0.4858528863729623,2
02090,02,1,1,22,408,7,0.7934614535012149,0.6010603048376408,0.39474265518003093,2000.0,25.0,792.1069140711288,0.0,968.1707549548274,1000.0,4.0,21.635299315219793,0.0,29.187725248182147,1
02100,02,1,1,1,95,2,0.9813664596273292,0.9813664596273292,0.40372670807453415,200.0,25.0,95.1863354037267,0.0,86.58068527166901,20.0,3.0,9.807453416149068,0.0,8.42282281063652,1
02105,02,3,1,1,78,5,0.7634408602150538,0.6559139784946236,0.3548387096774194,400.0,40.0,67.34408602150538,0.0,95.9476582380929,30.0,8.0,12.56989247311828,0.0,12.163808078345108,3
02110,02,1,1,6,212,6,0.8431061806656102,0.7923930269413629,0.5039619651347068,2000.0,100.0,711.6521394611727,0.0,929.0756341293046,1000.0,30.0,24.847068145800318,0.0,34.52656442786091,1
02122,02,1,1,14,567,8,0.9234493889785566,0.792713857505188,0.5344708323726078,2000.0,150.0,356.1842287295365,0.0,673.9045018616803,300.0,50.0,29.95374129582661,0.0,25.083257526792284,1
02130,02,1,1,5,111,3,0.7699029126213592,0.574757281553398,0.38349514563106796,2000.0,25.0,585.3737864077669,0.0,791.8442884524368,1000.0,10.0,200.59708737864077,0.0,385.69867666988415,1
02150,02,1,1,5,154,3,0.7333333333333333,0.41875,0.3416666666666667,2000.0,10.0,689.1041666666666,0.0,945.3881097527802,50.0,1.0,17.740366666666667,0.0,23.284636297306488,1
02158,02,5,1,1,144,1,0.874251497005988,0.0,0.0,10.0,10.0,8.760479041916168,0.0,3.272605538779446,2.0,2.0,1.7531017964071856,0.0,0.6521707952827931,5
02164,02,1,1,1,146,5,0.495,0.0,0.0,15.0,4.0,5.78,0.0,4.379210823560101,2.0,1.0,1.1879600000000001,0.0,0.8402134201241869,1
02170,02,1,1,24,275,9,0.9714512291831879,0.703674332540312,0.36611155167856196,2000.0,40.0,638.9798255352895,0.0,850.6569115720629,1000.0,15.0,29.30215596087761,0.0,34.94637852830034,1
02180,02,2,1,2,386,2,0.7752081406105458,0.6049953746530989,0.27567067530064754,2000.0,50.0,569.7187789084181,0.0,882.9865800062311,50.0,10.0,17.470127659574466,0.0,20.44513295814631,2
02185,02,1,1,3,229,3,0.21637913115776347,0.19704843067969238,0.0,25.0,0.0,5.391394720432342,0.0,9.813923705172193,10.0,0.0,1.1682128455622531,0.0,1.982207682792776,1
02188,02,1,1,2,145,2,0.515625,0.515625,0.2734375,2000.0,25.0,553.2109375,0.0,889.3531083935751,50.0,3.0,14.4704375,0.0,21.869305812431428,1
02195,02,1,1,1,98,2,0.7860262008733624,0.7860262008733624,0.42358078602620086,2000.0,25.0,856.2227074235808,0.0,982.6744915404166,50.0,3.0,22.266375545851528,0.0,23.851767293720297,1
02198,02,6,1,3,171,3,0.75,0.5481770833333334,0.0,25.0,25.0,17.28125,0.0,9.487605996027348,4.0,3.0,2.3932291666666665,0.0,0.9777477189501457,6
02220,02,1,1,2,110,2,0.8300653594771242,0.4934640522875817,0.4477124183006536,2000.0,15.0,901.1928104575163,0.0,990.9673657993426,50.0,1.0,22.92156862745098,0.0,24.446134673648515,1
02230,02,1,1,1,82,1,1.0,1.0,0.359375,200.0,25.0,87.890625,25.0,84.29795622213118,20.0,3.0,9.109375,3.0,8.188944318721314,1
02240,02,4,1,2,317,6,0.8936170212765957,0.7843971631205674,0.019858156028368795,1000.0,25.0,45.768794326241135,0.0,121.72402038074111,200.0,3.0,5.225531914893617,0.0,12.134164849761216,4
02275,02,1,1,1,59,2,0.7720588235294118,0.7720588235294118,0.39705882352941174,2000.0,25.0,803.4926470588235,0.0,974.6042539397134,50.0,3.0,20.977941176470587,0.0,23.665717324234826,1
02282,02,1,1,1,2,1,0.0,0.0,0.0,0.0,0.0,0.0,0.0,0.0,0.0,0.0,0.0,0.0,0.0,1
02290,02,7,1,4,364,6,0.4410927717700626,0.11155378486055777,0.0,50.0,4.0,8.637450199203187,0.0,11.116796987962807,15.0,1.0,1.8357199772339214,0.0,2.409005043040968,7
04001,04,11,1,18,1363,10,0.9488838990886277,0.13905032360322284,0.034539690925901465,115.0,10.0,17.728437458724077,0.0,22.967411410782553,100.0,2.0,2.795693699643376,0.0,3.948719636437617,11
04003,04,22,1,38,927,19,0.9583716372088182,0.39378696685341613,0.10079267340814875,1000.0,20.0,71.391454044022,0.0,208.3476613957525,1000.0,5.0,30.419898392104486,0.0,155.06732991731178,22
04005,04,10,1,39,1484,23,0.9314251891937598,0.3180991840358517,0.12019616961907581,1000.0,9.0,106.20358939669387,0.0,280.36430717716803,1000.0,2.0,10.335760368663594,0.0,56.343268871886416,10
04007,04,9,1,16,395,20,0.9503575357535754,0.7922167216721672,0.2938668866886689,5000.0,40.0,197.1606193619362,0.0,435.10206780372835,5000.0,5.0,33.37743811881188,0.0,304.0145109306224,9
04009,04,8,1,9,469,11,0.9089967548159912,0.42518815162604434,0.21749637506041566,1000.0,15.0,230.6177242284057,0.0,405.7132102037868,1000.0,3.0,85.29786149278465,0.0,261.69833267993414,8
04011,04,4,1,3,374,7,0.9942426926483614,0.43976970770593443,0.1474756421612046,1000.0,20.0,168.07174490699734,0.0,346.26791385098454,1000.0,5.0,77.16283436669619,0.0,251.74349418031198,4
04012,04,6,1,11,471,13,0.9403817914831131,0.4851688693098385,0.2251101321585903,1000.0,18.0,46.602055800293684,0.0,93.14736717815416,50.0,2.0,4.93456093979442,0.0,6.2399936303305905,6
04013,04,55,1,1000,1047,68,0.888330155131847,0.8495274506023872,0.39738977137853426,1000.0,50.0,332.795976457308,0.0,435.56884577667006,1000.0,5.0,62.938982823775895,0.0,208.50949461628292,55
04015,04,14,1,66,1258,30,0.9580526213646067,0.30659291912722836,0.1141423382960437,1000.0,15.0,115.4635906179822,0.0,293.75479000868216,1000.0,2.0,14.794033380465219,0.0,87.79425081057978,14
04017,04,11,1,37,913,14,0.9584379358437936,0.272629009762901,0.1506276150627615,5000.0,15.0,140.0475941422594,0.0,324.7515202670442,5000.0,1.5,8.107144142259415,0.0,33.47512288984758,11
04019,04,16,1,270,720,36,0.9021027776744878,0.6614918380247649,0.22491912393559663,1200.0,25.0,194.80764046406128,0.0,378.08526559701136,1000.0,7.0,21.087002435578032,0.0,96.58651615361552,16
04021,04,18,1,95,1134,30,0.9410530522529723,0.41558750970280595,0.1333031041293605,1200.0,20.0,122.50747019989701,0.0,285.23934996331144,1000.0,10.0,22.388327950997947,0.0,104.9431940307505,18
04023,04,6,1,14,354,15,0.8642103442311019,0.6494551115723923,0.14046012800553537,1000.0,25.0,156.3171596609583,0.0,339.77781629665753,50.0,7.0,11.269915585538834,0.0,13.575922864129824,6
04025,04,24,1,72,686,26,0.9383796550943152,0.7210340699517909,0.20490503769372634,5000.0,40.0,156.4004837091921,0.0,361.5164394715829,5000.0,5.0,24.85024518717443,0.0,212.89596894019724,24
04027,04,9,1,66,480,16,0.8604280014508524,0.7247733043162858,0.35281102647805584,1000.0,25.0,356.77007878128404,0.0,464.2822764687506,1000.0,4.0,14.8054108088502,0.0,29.76039015726261,9
05001,05,2,1,8,460,10,0.8834067547723935,0.5318649045521292,0.07165932452276065,1200.0,25.0,62.635847283406754,0.0,177.88765192042655,1000.0,2.0,38.68682290748899,0.0,178.6064130776288,2
05003,05,3,1,7,371,7,0.907608695652174,0.5513833992094862,0.21541501976284586,1024.0,25.0,127.35169169960474,0.0,282.88220133310347,1024.0,3.0,116.55071541501975,0.0,286.9377605645715,3
05005,05,6,1,10,494,12,0.9299551645376871,0.7006175450469504,0.4028423991202098,1000.0,25.0,406.88156027408843,0.0,479.08856525390746,1000.0,4.0,272.0953997123763,0.0,435.05023551680955,6
05007,05,8,1,57,447,28,0.9501989766913018,0.7658897100625355,0.3206935758953951,1000.0,30.0,290.0800823194997,0.0,425.94825071886726,1000.0,5.0,78.84229215463331,0.0,242.63127159838857,8
05009,05,6,1,7,611,15,0.9366674278754662,0.8260637892974043,0.45170130166704725,1000.0,30.0,330.2481455431225,0.0,441.2317863711223,1000.0,20.0,167.9452427494862,0.0,344.9983450806849,6
05011,05,3,1,5,270,8,0.9473684210526315,0.3643724696356275,0.31983805668016196,1000.0,20.0,152.90168883747833,0.0,288.9161962251688,1000.0,1.5,103.38445806824754,0.0,295.36463030739367,3
05013,05,3,1,2,303,5,0.9739534883720931,0.9311627906976744,0.761860465116279,1000.0,1000.0,761.8846511627906,0.0,419.77205971797775,1000.0,1000.0,758.4253990697674,0.0,425.88340499458315,3
05015,05,5,1,8,363,14,0.9476237623762376,0.885940594059406,0.16633663366336635,1000.0,25.0,143.86520554455444,0.0,312.904068813785,1000.0,3.0,46.43498910891089,0.0,163.91659448827713,5
05017,05,3,1,4,258,8,0.9625418060200669,0.5979933110367893,0.27759197324414714,200.0,25.0,47.4889525083612,0.0,51.37092619762032,25.0,3.0,7.14182474916388,0.0,8.056167297635989,3
05019,05,6,1,6,591,11,0.9742975734355045,0.8060344827586207,0.6772030651340997,1000.0,1000.0,652.8722784163474,0.0,464.40124337726513,1000.0,50.0,471.91812324393356,0.0,484.23750345373554,6
05021,05,4,1,6,443,14,0.9316261203585148,0.7156209987195903,0.39180537772087065,1000.0,50.0,219.43526248399488,0.0,346.027625780993,1000.0,5.0,70.45302688860436,0.0,226.2188049599166,4
05023,05,8,1,9,293,18,0.930715935334873,0.6423402617397999,0.2646651270207852,1000.0,25.0,212.859828791378,0.0,381.23050003126957,1000.0,4.0,47.485295765973824,0.0,162.379033900842,8
05025,05,4,1,2,292,8,0.985655737704918,0.7155365126676602,0.235096870342772,1000.0,50.0,64.63105439642325,0.0,57.586001583652326,1000.0,20.0,51.38166691505216,0.0,60.6857589306142,4
05027,05,4,1,7,415,12,0.8964781216648879,0.634204909284952,0.3863393810032017,1000.0,25.0,397.8767182497332,0.0,477.7092233134444,1000.0,4.0,201.06489220917823,0.0,387.3963184147069,4
05029,05,7,1,6,369,10,0.932620320855615,0.6237967914438503,0.23288770053475935,2000.0,25.0,223.427279144385,0.0,396.9450216199318,500.0,4.0,13.815447058823528,0.0,24.44115695867549,7
05031,05,9,1,22,636,19,0.9456679354721769,0.8142106217147,0.3199202465107848,1000.0,50.0,304.68743846293273,0.0,429.9515456539169,1000.0,20.0,122.96107975348922,0.0,301.5903502632568,9
05033,05,5,1,15,406,11,0.9423556294142086,0.7704611549646864,0.4953261321146656,10000.0,75.0,516.6009842127129,0.0,810.0547994624002,10000.0,20.0,259.20158371416704,0.0,774.2742581526253,5
05035,05,3,1,20,365,12,0.8885313720983682,0.5555044817283383,0.3084348425649276,1200.0,25.0,371.01207354631117,0.0,538.8690823167136,1000.0,3.0,32.24102689037003,0.0,142.25259379956609,3
05037,05,3,1,6,419,8,0.9458023379383634,0.5859015232022671,0.2681544456252214,1200.0,25.0,136.25298618490967,0.416,308.95886917926924,500.0,3.0,9.750988310308182,0.128,26.677397344667348,3
05039,05,4,1,3,419,11,0.9175475687103594,0.7237491190979564,0.42565186751233264,1000.0,25.0,257.87949260042285,0.0,393.50294935589403,1000.0,25.0,246.34571670190275,0.0,392.6567044820428,4
05041,05,5,1,5,422,10,0.9215744303048239,0.38946433856170465,0.2941698727434152,1000.0,18.0,51.72551879254217,0.0,67.0503399819049,35.0,5.0,8.032963006806748,0.0,8.170094338996583,5
05043,05,6,1,5,416,12,0.959866220735786,0.3764399851356373,0.24972129319955408,200.0,10.0,37.56346636937941,0.0,43.54720366873802,150.0,5.0,7.998615384615385,0.0,8.776193767291243,6
05045,05,10,1,28,332,16,0.861109350237718,0.6723930269413629,0.304405705229794,2000.0,25.0,255.90075309033278,0.0,579.1102657650546,1000.0,4.0,50.656074041204434,0.0,147.06841466372197,10
05047,05,6,1,5,500,9,0.8929035049762007,0.5763738641280831,0.3314582431847685,10000.0,25.0,660.8152202509735,0.0,1855.7322010961539,10000.0,3.0,643.4523998269148,0.0,1860.181109496716,6
05049,05,4,1,4,468,10,0.766571777145181,0.5427002846685645,0.3340788938592924,1024.0,25.0,346.50999755998373,0.0,466.0047919311243,1000.0,3.0,264.16178487189916,0.0,437.24637111200565,4
05051,05,11,1,30,354,12,0.9158214310356724,0.6160905264610501,0.39529427999724004,1000.0,25.0,150.0883234665011,0.0,281.7030666232835,1000.0,3.0,24.06108010763817,0.0,114.56099941562726,11
05053,05,3,1,5,314,10,0.9325842696629213,0.7681845062093435,0.25310467179183915,1000.0,50.0,90.84535777646363,0.0,183.02328288376165,1000.0,5.0,73.76685866351272,0.0,188.2273916579449,3
05055,05,4,1,12,413,17,0.960559698623818,0.7678173291304682,0.3013761820558161,1000.0,50.0,317.12714815099565,0.0,441.7664366959522,1000.0,20.0,148.44060428999768,0.0,312.15430785376634,4
05057,05,5,1,7,452,16,0.9418829910887253,0.7638512204571871,0.45040681906237895,1000.0,25.0,374.8011972103836,0.0,459.1576099626351,1000.0,4.0,351.079360712902,0.0,474.8747817427277,5
05059,05,7,1,9,481,12,0.9487922705314009,0.7260869565217392,0.562962962962963,1000.0,1000.0,551.154700805153,0.0,487.5106028125612,1000.0,50.0,319.2833996779388,0.0,452.17229396904173,7
05061,05,5,1,3,467,13,0.9158544509421702,0.5194931773879142,0.26380766731643923,1000.0,25.0,216.95817283950618,0.0,385.3011253464545,1000.0,3.0,205.4561910331384,0.0,391.12513788688864,5
05063,05,7,1,10,452,14,0.955188246097337,0.8046831955922865,0.29044995408631774,1000.0,50.0,301.1914005509642,0.0,431.59488212524076,1000.0,20.0,128.65146611570248,0.0,311.615235773855,7
05065,05,5,1,4,631,8,0.9102164256686514,0.7345241470560439,0.24950382761553727,1000.0,50.0,243.97916643039412,0.0,383.24686134058885,1000.0,20.0,201.27214270862868,0.0,385.10637077222646,5
05067,05,4,1,6,493,9,0.9620653319283456,0.7669125395152793,0.28113804004214965,1000.0,50.0,257.36789209694416,0.0,400.36367280249976,1000.0,20.0,26.108536564805057,0.0,50.25309440637541,4
05069,05,5,1,24,474,15,0.8232740801984291,0.5776147168251343,0.2371847871021083,1000.0,25.0,53.29013311285655,0.0,68.40808624233065,1000.0,3.0,5.961345390657296,0.0,22.55951413230925,5
05071,05,7,1,6,427,8,0.9342073610777003,0.7262448881404859,0.33473658888621605,1000.0,30.0,349.45466201587686,0.0,459.48909147045885,1000.0,4.0,262.0111893192206,0.0,433.5967429265773,7
05073,05,2,1,3,399,5,0.8307830783078308,0.4527452745274527,0.009000900090009001,100.0,20.0,20.954581458145814,0.0,16.125640898119848,10.0,1.5,2.030977497749775,0.0,1.5347145094835437,2
05075,05,6,1,6,618,10,0.9376353399740147,0.7739281074058034,0.2614407391367114,1000.0,50.0,283.810623357875,0.0,423.10770532034473,1000.0,20.0,177.28988277753717,0.0,365.0812032706536,6
05077,05,1,1,4,261,9,0.9244935543278084,0.3738489871086556,0.30939226519337015,1000.0,18.0,63.12917863720074,0.768,121.41556306656331,50.0,1.5,5.945922651933701,0.128,8.692791808064912,1
05079,05,2,1,4,302,11,0.9312080536912751,0.2986577181208054,0.025727069351230425,1024.0,10.0,30.416700223713644,0.0,100.10941660133314,1024.0,5.0,15.991907158836689,0.0,100.40602761776344,2
05081,05,4,1,6,358,7,0.873015873015873,0.580599647266314,0.11957671957671957,5000.0,25.0,165.86265396825397,0.0,511.86431597124266,5000.0,3.0,42.81273227513228,0.0,418.18982017022034,4
05083,05,9,1,6,377,8,0.8830601092896175,0.48178506375227687,0.10564663023679417,10000.0,20.0,290.0272837887067,0.0,1350.4621112866673,10000.0,1.0,267.4310218579235,0.0,1354.2324125825564,9
05085,05,7,1,18,392,15,0.9396023044043857,0.707953911912284,0.47537632410332653,1200.0,60.0,292.94867794090317,0.0,394.2408854109257,1024.0,5.0,229.38953930496191,0.0,408.54245617187263,7
05087,05,3,1,4,258,10,0.9429484253765404,0.7412140575079872,0.29347329986307624,1000.0,25.0,299.9733162939297,0.0,441.65209402319636,1000.0,3.0,287.6964034687357,0.0,449.39825479149533,3
05089,05,7,1,5,430,11,0.9274436543328914,0.6038327106182958,0.34289502229721586,1000.0,25.0,280.52852597324335,0.0,422.1032074452899,1000.0,3.0,180.5446175726166,0.0,363.6500222286542,7
05091,05,4,1,14,579,11,0.9641060503059143,0.8813052345343304,0.7456152277362339,1000.0,1000.0,699.3245144799456,0.0,445.60596863909245,1000.0,50.0,454.02267083616584,0.0,476.43920373249784,4
05093,05,8,1,14,570,13,0.9687481073223911,0.8009811640724366,0.19381018714796197,1000.0,25.0,161.90512022288172,0.0,321.54419940008336,1000.0,3.0,99.25451614075466,0.0,282.220982196243,8
05095,05,5,1,3,403,6,0.9106302916274694,0.34619002822201317,0.11053621825023519,500.0,18.0,27.079501411100658,0.0,33.60425449276955,200.0,1.5,4.394100658513641,0.0,10.690476929403038,5
05097,05,3,1,3,322,8,0.855121293800539,0.5532345013477089,0.37870619946091644,1000.0,25.0,210.45990566037736,0.0,361.47426167095813,1000.0,15.0,207.17090296495957,0.0,363.2790071079666,3
05099,05,4,1,3,393,10,0.8458228755826461,0.5389028325564719,0.19218357834349228,1000.0,25.0,76.48706346360703,0.0,185.67914550815254,1000.0,2.0,38.61607386159914,0.0,184.4982824885169,4
05101,05,5,1,2,135,9,0.9645464025026069,0.7778936392075079,0.13034410844629823,1000.0,25.0,109.83993743482795,0.0,265.7879954757848,1000.0,3.0,69.44390406673618,0.0,233.1819057706452,5
05103,05,5,1,8,400,8,0.9193487315410829,0.5793260128739114,0.38697463082165845,1000.0,25.0,219.30091631957592,0.0,368.22720700755474,1000.0,4.0,189.46800757288904,0.0,379.64397447413216,5
05105,05,3,1,3,323,8,0.9228280961182994,0.7703327171903882,0.4089648798521257,2000.0,25.0,179.0270831792976,0.0,316.1929130972912,1000.0,25.0,105.50281700554528,0.0,209.26551206980588,3
05107,05,3,1,7,410,9,0.9299947561615102,0.683534347142108,0.30283167278447826,1000.0,50.0,291.19291976927116,0.0,426.76728781680583,200.0,25.0,26.588649711588882,0.0,32.628514706644474,3
05109,05,5,1,3,689,10,0.9293912175648703,0.8338323353293413,0.7624750499001997,1000.0,1000.0,708.2908113772455,0.0,441.5196341325022,1000.0,1000.0,707.0716976047904,0.0,443.43240174708455,5
05111,05,6,1,8,412,10,0.9459831412351626,0.8157577842766214,0.2821262687080681,1000.0,50.0,215.90435575434373,0.0,366.2160166018671,1000.0,10.0,152.71248546361602,0.0,342.5853291799353,6
05113,05,4,1,7,323,7,0.8963357344190417,0.5499530222361415,0.3194487942373943,1000.0,25.0,70.89953272784216,0.0,83.78782330082863,200.0,4.0,15.965170059505168,0.0,32.005779378348144,4
05115,05,8,1,17,367,14,0.8952309020284851,0.63034095813552,0.3027621924902892,1000.0,25.0,304.336236512732,0.0,439.85270640905355,940.0,3.0,18.942981657315496,0.0,42.38522529515594,8
05117,05,5,1,3,438,10,0.926168632590651,0.564438619484491,0.18960244648318042,1000.0,25.0,80.76055133245958,0.0,208.56659731714436,1000.0,3.0,53.30094145915247,0.0,212.34424737693072,5
05119,05,5,1,107,573,24,0.9213768283117243,0.724149863885941,0.4453236746181885,1200.0,50.0,413.95889004752456,0.0,516.1015071013037,1024.0,10.0,111.02175125732478,0.0,292.5953087584204,5
05121,05,6,1,5,430,14,0.8892885691446842,0.6071143085531575,0.2869704236610711,1000.0,25.0,295.50389128697043,0.0,436.6241008036582,1000.0,3.0,162.9321934452438,0.0,356.39376380976705,6
05123,05,3,1,7,333,11,0.922792417938049,0.4368932038834951,0.16273693943596856,500.0,18.0,40.72128155339806,0.0,52.890518399866615,200.0,1.5,4.042738788719371,0.0,10.317461990604778,3
05125,05,9,1,30,323,12,0.9615587151132174,0.6962216956292786,0.3829647182727751,1200.0,25.0,352.73778751974726,0.0,469.73599372041724,1024.0,4.0,45.50638204318062,0.0,185.98350959849805,9
05127,05,5,1,3,375,11,0.7220459952418715,0.42149088025376685,0.09555908009516256,1000.0,10.0,112.34283425852499,0.0,289.09737110573604,1000.0,1.0,10.177810467882633,0.0,45.76488264610565,5
05129,05,5,1,3,306,8,0.8911184210526316,0.7302631578947368,0.10230263157894737,1000.0,25.0,78.96447368421053,0.0,221.4146057997389,1000.0,3.0,64.05379605263158,0.0,224.3633900658203,5
05131,05,7,1,31,526,15,0.931332763776164,0.7465292609995728,0.47052541648868007,10000.0,60.0,584.9975271251601,0.0,1248.7780742264988,10000.0,10.0,314.23458009397694,0.0,1239.1304953715642,7
05133,05,6,1,4,415,10,0.9020781965480803,0.6231067277210285,0.4328989080662205,1000.0,50.0,132.434251497006,0.0,227.9738383187705,1000.0,20.0,97.94009439943643,0.0,230.17774336510783,6
05135,05,7,1,6,416,16,0.8772144166157605,0.6923640806353085,0.24544899205864387,1024.0,50.0,268.03739670128283,0.0,420.7820219541467,1000.0,15.0,181.8871540623091,0.0,376.3644633977836,7
05137,05,4,1,4,339,10,0.941320293398533,0.3854930725346373,0.1462917685411573,1000.0,10.0,114.23420700896496,0.0,278.18623644807764,500.0,1.0,37.74349307253464,0.0,121.11669179257485,4
05139,05,5,1,12,408,16,0.9084689349112426,0.5769230769230769,0.3505917159763314,1000.0,25.0,361.488825443787,0.0,469.26076636598333,1000.0,4.0,32.38834874260355,0.0,118.47689503224362,5
05141,05,6,1,6,424,11,0.9824281150159745,0.9115700593336377,0.3639890460976723,1000.0,25.0,148.02903925148334,0.0,294.85068546874186,1000.0,3.0,135.70475445002285,0.0,300.0414228147555,6
05143,05,9,1,54,444,23,0.9784711201604934,0.7819564631553733,0.5554091684881876,1000.0,1000.0,530.5387142557715,0.0,483.12021789736986,1000.0,35.0,312.309932508908,0.0,451.6925991088256,9
05145,05,10,1,19,415,17,0.9428199479270979,0.7709793711195674,0.1747446424994993,1024.0,50.0,78.57124794712597,0.0,175.644246374104,1024.0,5.0,36.86897386340877,0.0,143.03746522672105,10
05147,05,5,1,2,508,8,0.88348579682234,0.6331246990852191,0.0548868560423688,1000.0,25.0,47.7291381800674,0.0,119.48300628260316,1000.0,3.0,22.433108810784788,0.0,118.83040672265089,5
05149,05,4,1,6,392,6,0.971997052321297,0.8462294276590518,0.6379267993122083,1000.0,1000.0,645.8424220093343,0.0,468.30289413420786,100.0,100.0,59.75876394006387,0.0,45.564032397295065,4
06001,06,19,1,379,578,51,0.9326147242854554,0.8170125001741941,0.6434732925486698,10000.0,100.0,544.0184227483661,0.0,1446.1691233783297,10000.0,35.0,371.31570908178765,0.0,1424.9206402216168,19
06003,06,1,1,1,86,10,0.900990099009901,0.2524752475247525,0.0891089108910891,300.0,18.0,23.777227722772277,0.0,34.25852657401528,100.0,1.0,6.99219801980198,0.0,22.51458178504806,1
06005,06,1,1,10,249,20,0.8004170390229371,0.6592195412570747,0.1447721179624665,300.0,25.0,46.31014834673816,0.0,71.38342442817105,100.0,4.0,11.407945189156987,0.0,25.551865434292758,1
06007,06,15,1,54,685,23,0.9401226288561026,0.8150028741138149,0.3459714504694386,1200.0,50.0,229.8462844414639,0.0,415.4370774313693,1000.0,10.0,45.929108928913585,0.0,168.90441055600257,15
06009,06,4,1,14,340,19,0.8654029080038048,0.7174887892376681,0.3884359287946732,300.0,25.0,80.37184236988722,0.0,98.15130774021478,250.0,4.0,36.655318385650226,0.0,62.58035393237806,4
06011,06,6,1,6,566,19,0.9399768456674682,0.5434143734971948,0.22446344287113723,1200.0,25.0,65.38819129040877,0.0,185.34058023813566,1000.0,3.0,10.039171609226111,0.0,36.17546316686055,6
06013,06,19,1,241,438,36,0.9360508508309284,0.7510200019902478,0.5065802567419644,10000.0,100.0,369.89932421136433,0.0,582.075835235968,10000.0,20.0,121.88396074236242,0.0,386.97882760537743,19
06015,06,1,1,8,583,11,0.6191632928475034,0.34331983805668015,0.2040485829959514,1000.0,9.0,204.54790823211877,0.0,391.4113059259604,35.0,1.0,7.616357354925776,0.0,13.510773031270304,1
06017,06,16,1,54,378,28,0.8775551599017376,0.7102161321583917,0.17008857136417932,1200.0,25.0,178.3569332221496,0.0,389.44490194223175,1000.0,4.0,17.609214486939667,0.0,91.13282722212892,16
06019,06,40,1,225,894,40,0.8570030581039756,0.7016758409785933,0.3862813455657492,1200.0,25.0,162.20780256880732,0.0,344.80260215555444,1000.0,4.0,51.331472978593276,0.0,143.794832123742,40
06021,06,10,1,8,646,17,0.9650230414746543,0.6786635944700461,0.24552995391705068,1200.0,30.0,96.45088405529954,0.0,246.0386832024586,100.0,5.0,11.374613087557604,0.0,10.935496588424469,10
06023,06,34,1,35,1402,25,0.6753318584070797,0.5916205752212389,0.4520556784660767,1200.0,30.0,154.4979096238938,0.0,307.9033289860852,1000.0,3.0,40.10549454277286,0.0,48.04911956453363,34
06025,06,17,1,40,985,17,0.9244546355974219,0.6244112543381259,0.29331928606841845,1000.0,25.0,259.6101178730788,0.0,409.5703702275069,1000.0,3.0,18.332976450173526,0.0,91.42739179170502,17
06027,06,8,1,6,591,18,0.8308089702947047,0.46718328049782787,0.2369378889280263,10000.0,18.0,78.93647998121405,0.0,430.3288015946383,10000.0,1.0,30.827462251966654,0.0,425.93388046723123,8
06029,06,47,1,236,1500,40,0.8599559701764842,0.7544871093164025,0.3753846528090298,10000.0,35.0,172.23473539535618,0.0,392.03249573782654,10000.0,10.0,56.09173116670924,0.0,220.8138465210282,47
06031,06,20,1,31,645,18,0.8426201866520273,0.7301388126421458,0.4045761116775155,1200.0,25.0,166.9168785193318,0.0,353.4734916215289,1000.0,4.0,41.80689357697435,0.0,99.82188859084556,20
06033,06,7,1,21,634,15,0.6980960603444358,0.5814059162993593,0.11787158631344573,1000.0,25.0,132.8961741264143,0.0,316.48827300895766,500.0,3.0,8.600777207252237,0.0,17.110406435171093,7
06035,06,13,1,9,847,17,0.608931954408522,0.32028944998291875,0.07817012950712755,10000.0,6.0,83.0908413304761,0.0,260.30613569659533,10000.0,1.0,5.410109382278953,0.0,84.31945777457042,13
06037,06,85,1,2495,1425,74,0.7981826774029188,0.5537846520441416,0.36736669863323673,10000.0,25.0,283.47248033594144,0.0,424.6016990999142,10000.0,3.0,95.22258080127826,0.0,263.1811314466771,85
06039,06,11,1,34,756,22,0.8875757274803854,0.7587396960969311,0.39765617241036844,1200.0,25.0,136.75981736021453,0.0,304.013990441836,1000.0,4.0,38.0559933459132,0.0,66.906394940301,11
06041,06,19,1,62,297,23,0.8920656315612121,0.6655693512014308,0.44736773892532206,2000.0,40.0,322.5238218720029,0.0,481.7721163559754,1000.0,12.0,100.95435682625263,0.0,261.9144470916344,19
06043,06,3,1,6,453,15,0.9714964370546318,0.7373600271462504,0.4075330844927044,1000.0,60.0,58.46304988123516,0.0,63.03618512049816,1000.0,60.0,51.770925008483204,0.0,67.21258693022334,3
06045,06,13,1,24,975,24,0.5974640017193209,0.5242854072641306,0.2898398882441436,1200.0,25.0,50.429668815817756,0.0,78.45515279108926,1000.0,3.0,25.287055770470662,0.0,44.87907835753227,13
06047,06,21,1,63,536,18,0.8757796257796258,0.7642027478984,0.30441561963301095,1200.0,25.0,129.4737353339962,0.0,297.0316726242792,1000.0,4.0,43.98449502847329,0.0,108.59503013992415,21
06049,06,5,1,4,1534,12,0.4473374175306315,0.28057257304429783,0.09855089538171537,1000.0,2.0,18.973491988689915,0.0,33.769469764165194,101.0,0.064,3.207363807728558,0.0,6.421056798439386,5
06051,06,4,1,4,381,12,0.8962453425050158,0.4646030381198051,0.3126970478647177,1200.0,20.0,268.5199197477787,0.0,421.8497856432326,1000.0,2.0,128.4735637718544,0.0,321.9863568419938,4
06053,06,32,1,103,632,32,0.8770705122317136,0.7496096261596399,0.5541012216404887,2000.0,100.0,248.1438762438382,0.0,408.1510369393278,1000.0,35.0,77.87231462600656,0.0,179.11632489880265,32
06055,06,6,1,40,221,25,0.8998853312163712,0.6916291787950957,0.24609685101878803,1200.0,25.0,244.9555653171033,0.0,448.2840210170667,1000.0,10.0,49.036075504983685,0.0,188.0540122095816,6
06057,06,10,1,26,454,29,0.8218919259352563,0.6852878196246379,0.1804698324726036,1200.0,25.0,148.5521189066633,0.0,339.34506785921553,1000.0,5.0,35.95537939287064,0.0,164.76189715514278,10
06059,06,29,1,614,515,48,0.8094729812576633,0.6107242949728499,0.3816999474513925,2000.0,25.0,343.2284082588895,0.0,467.8711469698095,2000.0,4.0,104.63738951655282,0.0,288.68028332893624,29
06061,06,21,1,91,466,37,0.9207224532826673,0.8290719093573687,0.20805866746990742,1200.0,25.0,145.40542331174623,0.0,320.6338915255276,1000.0,5.0,54.679430656765184,0.0,193.77786742029917,21
06063,06,2,1,7,813,15,0.6268507972665148,0.4679669703872437,0.0548120728929385,5000.0,18.0,38.54536503416856,0.0,178.47608065583285,5000.0,2.0,11.473234054669703,0.0,156.45420043229194,2
06065,06,26,1,518,629,45,0.8930740287231247,0.592254571954055,0.3904689196357309,2000.0,25.0,305.33755695794645,0.0,453.05718795388157,2000.0,3.0,128.45832273608335,0.0,332.9162284172433,26
06067,06,17,1,363,427,44,0.9395271483673501,0.7572809469525431,0.4354748036291519,10000.0,40.0,290.6592097068882,0.0,459.50041398583676,10000.0,5.0,78.0461776785296,0.0,242.574410873423,17
06069,06,13,1,12,550,20,0.940162936604551,0.7744170802509598,0.6799325779567376,1000.0,100.0,208.1669148796704,0.0,305.5038404226545,1000.0,100.0,94.25464500421388,0.0,128.20581423802867,13
06071,06,36,1,466,1251,54,0.8861758446496057,0.583366783553095,0.3319107522891311,10000.0,25.0,264.0411230942842,0.0,513.3244368031194,5000.0,3.0,121.52601023955405,0.0,333.3733785454521,36
06073,06,42,1,737,713,58,0.8971417025977878,0.7142347423491431,0.4283706114237322,5000.0,25.0,284.9224065583073,0.0,417.4989845015771,5000.0,10.0,67.21803935156328,0.0,219.6012199266126,42
06075,06,1,1,242,268,39,0.7472749981076375,0.538736658844902,0.35654000454166984,10000.0,25.0,365.08703663613653,0.0,1036.0489766920175,10000.0,3.0,197.76954030731966,0.0,960.8866561928008,1
06077,06,19,1,174,490,33,0.8937408088235295,0.7484650735294117,0.3734375,3000.0,25.0,192.4258631985294,0.0,385.65480649760167,3000.0,4.0,61.96898511029412,0.0,197.1341101716625,19
06079,06,13,1,70,781,27,0.9068096669274157,0.7746304911688419,0.34548561077030754,1200.0,30.0,256.3795952077072,0.0,407.5776462073468,1000.0,10.0,97.19476322615175,0.0,265.3358731144562,13
06081,06,23,1,174,375,36,0.820071924525952,0.6694118379674315,0.4924261294641467,10000.0,75.0,497.06685714730514,0.0,1435.9975336577938,10000.0,12.0,328.44129180807676,0.0,1410.2616401122796,23
06083,06,21,1,108,372,35,0.8752229000469264,0.45113405287032693,0.2726263100265916,3000.0,18.0,271.67163879242923,0.0,454.43324178241045,3000.0,1.0,70.25692106992022,0.0,237.21608022356634,21
06085,06,32,1,408,618,55,0.9042159325080853,0.7923854831111252,0.6520461160067862,3000.0,100.0,231.68872593693007,0.0,363.1604972529745,3000.0,100.0,106.61042967424574,0.0,188.24018645239002,32
06087,06,17,1,70,278,23,0.8975890569170246,0.7507128162558199,0.6314469267694085,1200.0,100.0,278.0347961886888,0.0,425.37000496423434,1000.0,35.0,120.04354257046955,0.0,245.66458024163785,17
06089,06,28,1,50,849,25,0.9334970131652716,0.5625495389255127,0.08574825526320877,1000.0,25.0,100.55793202776114,0.0,266.4422932366174,1000.0,3.0,12.24093042318325,0.0,81.21390188299972,28
06091,06,1,1,1,306,11,0.9074446680080482,0.6096579476861167,0.0925553319919517,1000.0,25.0,63.6122092555332,0.0,178.3290599460627,1000.0,5.0,9.656595573440645,0.0,45.80089867655504,1
06093,06,27,1,16,1365,21,0.6278700924773687,0.4760144450137862,0.11331527706610058,1000.0,18.0,81.96669716711807,0.0,231.09074181635134,1000.0,1.5,13.702904326184028,0.0,45.15049782820146,27
06095,06,9,1,100,674,32,0.9482818365578978,0.7437770719029743,0.29768986427952643,1200.0,25.0,266.0488123592261,0.0,458.1685598106329,1000.0,4.0,49.762689113485415,0.0,188.86029119845895,9
06097,06,45,1,122,353,37,0.8876626152143178,0.6273029163881065,0.3129883936301963,10000.0,25.0,440.993608802867,0.0,1228.2347487084403,10000.0,4.0,185.1254339730171,0.0,1162.0214558102155,45
06099,06,28,1,112,493,26,0.8746647103326533,0.7590193875757506,0.3061127795991044,1200.0,25.0,166.9188561253888,0.0,342.36841348234395,1000.0,4.0,51.357005830792396,0.0,141.6852788046518,28
06101,06,13,1,21,534,24,0.9011713377910561,0.7901550718452127,0.30359937402190923,1200.0,50.0,127.07819784701475,0.0,291.4710915356778,1000.0,20.0,25.433691658367717,0.0,72.19615047004497,13
06103,06,15,1,14,909,25,0.9602890447463501,0.6398875210489317,0.05301878463877581,10000.0,25.0,76.43624523027123,0.0,227.63110201604786,10000.0,5.0,8.983088462733173,0.0,59.82515961761237,15
06105,06,11,1,4,700,16,0.7151381909547738,0.49764447236180903,0.13238065326633167,1200.0,20.0,29.146304438860973,0.0,44.374493164077364,1000.0,2.0,11.972694932998325,0.0,34.87017161893857,11
06107,06,56,1,103,636,28,0.8386056103279753,0.703517048504195,0.3396141133930337,1200.0,25.0,126.52715188564649,0.0,289.2547570377742,1000.0,4.0,36.35389641515297,0.0,97.2368997662189,56
06109,06,11,1,18,836,16,0.8857467631484099,0.7279658432448918,0.3935235243560953,1200.0,25.0,185.04341811527905,0.0,380.6226499621333,1000.0,4.0,32.060124760874984,0.0,42.9960698402471,11
06111,06,23,1,189,448,37,0.839462360821541,0.5376280885418977,0.3307678658563634,1000.0,25.0,318.7079804373863,0.0,453.3319427558887,1000.0,3.0,105.88144142305815,0.0,292.7553902226119,23
06113,06,7,1,53,451,36,0.9427456852391836,0.8044763180707699,0.22531326345653716,1200.0,25.0,94.69308692568367,0.0,228.75563339941613,1000.0,5.0,41.37082748837576,0.0,165.15369113624735,7
06115,06,6,1,19,435,18,0.910828025477707,0.7729211710395606,0.3136212236311576,1200.0,50.0,155.85163256004208,0.0,337.2958864512758,1000.0,10.0,25.729969730614155,0.0,86.74983154106522,6
08001,08,12,1,107,523,34,0.9417871944514928,0.8826439989850292,0.5353971073331641,1200.0,100.0,300.7236424765288,0.0,448.590439848962,1000.0,20.0,78.5329713693648,0.0,209.2243990690618,12
08003,08,6,1,5,468,10,0.9487150329770297,0.8841255401410052,0.41255401410052306,2000.0,25.0,154.78701705708437,0.0,364.3730970545454,2000.0,4.0,83.41240095519672,0.0,325.8981693480576,6
08005,08,9,1,161,342,42,0.9320448363966043,0.8891659111514053,0.48341300585180913,1200.0,80.0,294.73512873980053,0.0,443.462488622206,1000.0,15.0,91.98538885683672,0.0,224.16369564085733,9
08007,08,3,1,5,262,10,0.9264226168901776,0.7317868793040957,0.39035882566147156,1000.0,40.0,230.0755708590069,0.0,382.1134901563812,250.0,5.0,24.341746284885826,0.0,58.55811010843417,3
08009,08,5,1,2,653,7,0.9379436219833706,0.8403974852971,0.026363820726019064,500.0,25.0,28.3165686473332,0.0,26.46228787375612,500.0,3.0,11.90962117217603,0.0,23.156833791308387,5
08011,08,3,1,2,539,7,0.9533333333333334,0.7842424242424243,0.0397979797979798,500.0,25.0,27.762525252525254,0.0,28.224345505518087,500.0,3.0,13.560643232323232,0.0,22.22984150485935,3
08013,08,4,1,78,399,32,0.9128391132166254,0.816425478367075,0.4888781968244569,3000.0,80.0,339.70180598837857,0.0,477.01702761068555,3000.0,10.0,100.49315096783745,0.0,274.6717861644394,4
08014,08,6,1,24,190,17,0.9279578289730575,0.9057008980866849,0.4613432253026162,1200.0,60.0,314.1897696212417,0.0,469.82830628229567,1000.0,10.0,65.96241116751268,0.0,197.9320581200639,6
08015,08,2,1,6,379,10,0.9086469405343293,0.5733984487216317,0.22234989945417982,1000.0,25.0,229.75366274059178,0.0,399.9179678871948,50.0,3.0,9.77265153691468,0.0,13.620618503120982,2
08017,08,2,1,1,434,6,0.9886449659348978,0.8440575321725965,0.04996214988644966,1000.0,25.0,81.24034822104467,0.0,210.1048519174958,1000.0,20.0,64.3444360333081,0.0,213.2453454640067,2
08019,08,1,1,4,418,12,0.9402642159678346,0.5605973578403216,0.2395175186674325,1200.0,25.0,214.34147041929924,0.0,424.9474874561654,940.0,3.0,12.49776680068926,0.0,36.842081893366725,1
08021,08,4,1,2,577,7,0.9608627974205025,0.8492328218812542,0.4599733155436958,2000.0,60.0,171.49005425839448,0.0,362.7253663102989,2000.0,5.0,138.02585835001113,0.0,372.5397903053162,4
08023,08,2,1,2,931,8,0.9955130122644331,0.9868381693090039,0.5518994914747233,10000.0,100.0,917.9922225545916,0.0,2706.2481767118074,10000.0,25.0,876.9477385581813,0.0,2719.0586759779844,2
08025,08,3,1,2,217,7,0.9083503054989817,0.6211812627291242,0.014256619144602852,1000.0,25.0,24.473727087576375,0.0,41.81994166108719,1000.0,3.0,6.09135234215886,0.0,38.08155082972152,3
08027,08,2,1,2,316,9,0.9320388349514563,0.4517799352750809,0.013592233009708738,1000.0,15.0,25.65305372168285,0.0,53.442803425988515,100.0,4.0,4.567363106796116,0.0,6.516107605363362,2
08029,08,1,1,9,319,12,0.9584317430325933,0.7931034482758621,0.4395370807746812,1000.0,50.0,308.8774208786018,0.0,429.1535691793668,1000.0,10.0,173.9994024563061,0.0,366.6170174715817,1
08031,08,1,1,178,348,44,0.9236656054287551,0.8683467109098246,0.6472504969881769,3000.0,100.0,330.3323378024902,0.0,431.43298420602343,3000.0,35.0,136.58640963783387,0.0,271.17038460718516,1
08033,08,1,1,1,147,8,0.94375,0.671875,0.059375,100.0,25.0,30.7422625,0.0,22.465998630180096,100.0,3.0,12.317868749999999,0.0,23.33266481336978,1
08035,08,1,1,72,335,33,0.9513891889556237,0.8997537052240419,0.4783303806766625,10000.0,60.0,274.77539644817006,0.0,516.4696025090988,10000.0,15.0,90.82570695242623,0.0,363.6813070944748,1
08037,08,3,1,16,432,17,0.9056970639704452,0.8207272020221661,0.3023527124246549,1200.0,40.0,209.83620143884892,0.0,394.05954279960054,1000.0,5.0,30.55955551234688,0.0,97.0456237820848,3
08039,08,10,1,7,369,16,0.9612329202414999,0.8238798856053384,0.15069907848744837,1200.0,25.0,78.21242453129965,0.0,205.89517543691414,1000.0,5.0,20.548837305370192,0.0,77.20079981354385,10
08041,08,17,1,167,401,34,0.9433311899817639,0.877481105126124,0.27787323305258943,10000.0,50.0,298.1712267490276,0.0,887.28753781821,10000.0,15.0,117.28326722674902,0.0,821.7442528687849,17
08043,08,4,1,15,364,17,0.8870581982460802,0.6493489237310657,0.21884134998671273,1000.0,40.0,237.98929364868457,0.0,400.6941612495537,1000.0,5.0,15.62327743821419,0.0,30.651404927249033,4
08045,08,5,1,12,433,17,0.9301706200582605,0.8265501456512693,0.20224719101123595,1200.0,50.0,195.00736579275906,0.0,391.44015900953497,1024.0,15.0,22.456575114440284,0.0,97.53368756993474,5
08047,08,2,1,2,252,8,0.9082687338501292,0.6498708010335917,0.3087855297157623,1200.0,25.0,167.86950904392765,0.0,319.19144034889456,1200.0,5.0,114.26681395348837,0.0,306.55790904983553,2
08049,08,2,1,6,421,12,0.9199516324062877,0.713422007255139,0.39975816203143894,1200.0,40.0,317.27303506650543,0.0,487.23824986295296,1000.0,3.0,22.05822490931076,0.0,55.68498648520521,2
08051,08,3,1,6,629,18,0.9496158656423084,0.6483830623548329,0.49365731641951044,1200.0,60.0,252.88940503841343,0.0,393.7597810808971,1000.0,20.0,83.61508915490441,0.0,211.2174384627652,3
08053,08,2,1,1,121,5,0.9517684887459807,0.5884244372990354,0.05144694533762058,1000.0,25.0,57.131832797427656,0.0,173.19418508808627,250.0,5.0,13.169826366559485,0.0,45.23114048613773,2
08055,08,2,1,3,546,12,0.9048239895697523,0.6150586701434159,0.16297262059973924,2000.0,25.0,126.66194915254236,0.0,306.7392903256786,2000.0,3.0,17.503110169491524,0.0,115.2312599959657,2
08057,08,1,1,1,555,7,0.9247027741083224,0.869220607661823,0.04095112285336856,1000.0,75.0,88.63474240422721,0.0,156.0426433892959,250.0,20.0,22.115957727873184,0.0,39.27392382567442,1
08059,08,1,1,146,293,37,0.9265757681283652,0.8818676167260454,0.5786075915459001,3000.0,100.0,330.31526077522705,0.0,460.67330530324534,3000.0,20.0,90.74469738287215,0.0,225.95557010482548,1
08061,08,2,1,1,455,8,0.983733539891557,0.7621998450813323,0.005422153369481022,200.0,25.0,24.116189000774593,0.0,12.604528366228207,150.0,3.0,6.092176607281178,0.0,10.049081641206913,2
08063,08,7,1,2,704,12,0.9765401255255621,0.9143257571141308,0.1580647126927061,1000.0,25.0,173.71982207056243,0.0,339.77750940181465,1000.0,20.0,119.37503296569373,0.0,303.3834176650185,7
08065,08,1,1,3,280,7,0.9001331557922769,0.5286284953395473,0.34620505992010653,1000.0,25.0,353.2576564580559,0.0,466.9496295368848,40.0,3.0,13.312580559254327,0.0,15.9719000842887,1
08067,08,3,1,12,353,14,0.9081507839430668,0.7959524074279996,0.197042143889692,1000.0,30.0,163.28633381518958,0.0,327.7292288985971,1000.0,5.0,18.246222395196263,0.0,77.6590872471927,3
08069,08,5,1,86,568,34,0.9109596045679222,0.8167376853587864,0.45307652974262824,10000.0,50.0,483.4312254985512,0.0,1347.9818857768614,10000.0,10.0,239.5552790182376,0.0,1316.6253694607578,5
08071,08,6,1,6,418,8,0.8932217573221757,0.5166527196652719,0.17338912133891213,1200.0,25.0,204.7081171548117,0.0,428.59103840169746,500.0,3.0,10.527909958158997,0.0,24.681512617449105,6
08073,08,7,1,2,628,11,0.9802555168408827,0.7170309365431317,0.04149509027557808,200.0,25.0,30.0898532361947,0.0,37.217458709986715,100.0,3.0,11.690504909724421,0.0,20.719923915715075,7
08075,08,6,1,7,685,13,0.9196150448649403,0.6119298898135664,0.09079920033474359,1000.0,25.0,110.16162778371844,0.0,261.8273221371931,1000.0,5.0,55.074449300292905,0.0,207.5147931658123,6
08077,08,4,1,33,602,19,0.8468554615667525,0.6856197131298272,0.280397204854726,1000.0,50.0,258.62018742184625,0.0,410.80608731466833,1000.0,5.0,19.98921735932328,0.0,86.29238347698985,4
08079,08,1,1,1,148,5,0.9489247311827957,0.5618279569892473,0.3172043010752688,100.0,40.0,45.413978494623656,0.0,39.82135807317462,100.0,3.0,32.86767204301075,0.0,45.26711270618758,1
08081,08,1,1,4,641,11,0.9132510943095902,0.7998408276959809,0.5678471945881417,1000.0,100.0,318.16693195384005,0.0,424.6623549754533,1000.0,20.0,121.97240588937525,0.0,289.4814206887525,1
08083,08,3,1,8,361,15,0.9300764788512564,0.7702512876541283,0.24129857967847668,1000.0,30.0,153.3471983767754,0.0,312.9929511692117,1000.0,5.0,14.792517558919933,0.0,47.0469755986734,3
08085,08,4,1,12,373,14,0.8561843271300165,0.6817318647930117,0.2759843018103557,1000.0,25.0,254.68613343461197,0.0,411.0384354906076,1000.0,4.0,162.9519022661096,0.0,357.9429440881949,4
08087,08,6,1,8,450,15,0.9324137931034483,0.6951034482758621,0.16751724137931034,1000.0,25.0,187.53120689655174,0.0,360.12732669971604,1000.0,5.0,113.35543420689656,0.0,303.90581910740417,6
08089,08,6,1,7,657,10,0.9301996819226012,0.7094009542321965,0.17670966601873123,1000.0,25.0,178.7424456617777,0.0,356.91883064389845,1000.0,3.0,10.168841668139248,0.0,23.141818839395334,6
08091,08,3,1,2,252,6,0.8546352166758091,0.5913329676357653,0.2918266593527153,1000.0,25.0,106.51371365880416,0.0,195.7542530406728,1000.0,7.0,79.25393307734504,0.0,201.6613737244938,3
08093,08,2,1,6,971,16,0.9524460235036896,0.8589778628040449,0.18857611369226565,1000.0,25.0,56.15298387537579,0.0,131.64636192703492,200.0,3.0,9.340097840940148,0.0,26.588314976231185,2
08095,08,3,1,2,589,11,0.9428723972237053,0.8385477843032568,0.1600640683395622,1000.0,25.0,163.76609332621462,0.0,318.04891350450026,1000.0,10.0,132.7367824879872,0.0,327.6262107113421,3
08097,08,2,1,6,279,14,0.9370206832442483,0.7978154775737857,0.16267720195212643,1200.0,40.0,200.86393214036718,0.0,406.7539854074928,1024.0,4.0,12.616165930745991,0.0,44.68569073814485,2
08099,08,4,1,5,626,10,0.9655136594993248,0.8327620234756414,0.06003947231744053,10000.0,25.0,75.44214563207645,0.0,256.1143546757569,10000.0,3.0,14.945603407084242,0.0,145.4109460179274,4
08101,08,4,1,58,598,18,0.9157753550916532,0.8218867145854112,0.2779516456305671,10000.0,50.0,221.93153145097497,0.0,422.3514196748321,10000.0,15.0,18.56686370670977,0.0,99.88242690398445,4
08103,08,3,1,2,450,11,0.9574528840662478,0.7361507709880069,0.22301541976013706,1000.0,25.0,212.94488863506567,0.0,385.29155371786396,35.0,5.0,9.972784694460309,0.0,12.692758130149977,3
08105,08,4,1,4,541,10,0.9657982826371707,0.8233153834958521,0.3842235482462524,1000.0,25.0,81.09503711250181,0.0,169.73892357024022,100.0,3.0,26.40700975112793,0.0,37.78938963446378,4
08107,08,4,1,10,469,14,0.9351309105119188,0.8067604533020711,0.5980851895271591,1200.0,100.0,233.70808909730363,0.0,381.5084640048124,1000.0,20.0,67.78520046893318,0.0,208.84446242355284,4
08109,08,5,1,2,564,13,0.8848112210586992,0.8202517052550677,0.26025554808338935,100.0,25.0,44.59197002593909,0.0,35.41631561712046,100.0,3.0,24.678333173215485,0.0,38.64395103763397,5
08111,08,1,1,1,70,5,0.9341317365269461,0.8682634730538922,0.0,80.0,25.0,31.88622754491018,0.0,14.243755411160764,20.0,3.0,3.1017964071856285,0.0,1.9593296448263755,1
08113,08,3,1,4,225,11,0.7974683544303798,0.4695599758890898,0.15792646172393007,1000.0,15.0,128.49596383363473,0.0,290.14175969758935,1000.0,1.5,46.178599156118146,0.0,158.9514646102606,3
08115,08,4,1,1,623,10,0.9720183486238532,0.7311926605504587,0.13440366972477064,1000.0,25.0,88.20272844036697,0.0,191.29333001886863,1000.0,3.0,26.59095871559633,0.0,119.93859196464247,4
08117,08,2,1,12,208,13,0.8831227436823105,0.7026173285198556,0.31227436823104693,1200.0,25.0,381.08574007220216,0.0,539.9492212181432,940.0,3.0,15.96290884476534,0.0,37.26505574065624,2
08119,08,2,1,8,280,12,0.8994774054718722,0.665232093452198,0.17921918229326775,1200.0,25.0,112.99723332308638,0.0,266.81349325511076,1000.0,5.0,11.191411620043036,0.0,56.77259558998458,2
08121,08,7,1,2,839,10,0.947921510276202,0.7129638240491025,0.045894169069097,1000.0,25.0,77.4924711243374,0.0,202.2605818235206,1000.0,3.0,52.7832478378127,0.0,206.22929032747984,7
08123,08,17,1,83,931,36,0.9329322859699711,0.8631301580988366,0.38861820953896126,1200.0,50.0,236.5752649895595,0.0,401.26350943194825,1000.0,10.0,96.3295500646316,0.0,277.13607793105393,17
08125,08,7,1,2,988,12,0.96973306456539,0.8666849917537108,0.21553356545110255,1000.0,75.0,183.24980526540833,0.0,334.4920226571201,1000.0,20.0,154.3755840816077,0.0,345.3731932127216,7
09001,09,24,1,226,256,25,0.8699556819132035,0.5199933104774647,0.3133874069738272,1200.0,25.0,261.6321849652981,0.0,423.61007506556973,1000.0,2.0,70.53500781001756,0.0,236.1579943773509,24
09003,09,30,1,235,246,22,0.8908281829419036,0.5485125669550885,0.33056448290070045,3000.0,25.0,300.9638236505974,0.0,470.50072474150386,3000.0,3.0,101.23134114544705,0.0,303.9126613545153,30
09005,09,23,1,52,317,14,0.8473464519976148,0.4358974358974359,0.2678317508371176,1200.0,18.0,260.72203109949083,0.0,437.6366834198215,1000.0,1.0,11.679602953992937,0.0,36.83929003825558,23
09007,09,14,1,40,241,14,0.8530048525569243,0.4545726017170586,0.25696155281821575,3000.0,18.0,271.64300111982084,0.0,480.41285617790925,3000.0,1.0,33.66046256065696,0.0,162.8094966738424,14
09009,09,26,1,198,235,19,0.8915572818227532,0.5308560628392086,0.31761197135475366,1200.0,25.0,285.7147226162196,0.0,462.0741589834696,1000.0,3.0,75.36289379410796,0.0,248.67784495869242,26
09011,09,20,1,66,275,12,0.8114224549868114,0.4716158874574716,0.29217477732329217,1200.0,18.0,301.4612561642265,0.0,481.10696469661383,1000.0,1.0,36.95388936885966,0.0,158.3364282128757,20
09013,09,15,1,32,240,13,0.877906115800385,0.4646823633940471,0.26084703094920775,1200.0,18.0,257.1128387383385,0.0,444.35027042985047,1000.0,1.0,21.110802310084406,0.0,110.37791387937986,15
09015,09,17,1,30,252,10,0.7471435279386446,0.40507121615276254,0.2323524808264204,1200.0,18.0,230.8866019721396,0.0,409.63528683827644,59.0,1.0,10.159904836437628,0.0,17.32150109238884,17
10001,10,6,1,41,374,18,0.8846456074178847,0.49787835926449786,0.32406097752632407,1200.0,15.0,376.33260181256225,0.0,526.762349230552,880.0,2.0,84.25908324165749,0.0,241.91850089214495,6
10003,10,6,1,145,324,26,0.8022580291570756,0.6646936314808726,0.5083488618509993,1200.0,940.0,551.0178317074062,0.0,539.0309573938307,880.0,35.0,208.2547542109686,0.0,361.05140208880346,6
10005,10,7,1,75,396,17,0.9101999748459313,0.5458935982895233,0.22746824298830337,1200.0,25.0,269.51216199220227,0.0,462.2661748224824,880.0,3.0,30.418892114199473,0.0,124.12216017933233,7
11001,11,1,1,206,261,38,0.7748879190047802,0.6640836079688845,0.5435111784091922,10000.0,200.0,418.57069374424754,0.0,498.7420408158067,10000.0,20.0,131.1946528903536,0.0,307.0824741856614,1
12001,12,1,1,58,544,17,0.8811930821288328,0.6909516250313309,0.44807419166179296,1200.0,25.0,414.8605945358844,0.0,477.39032677719786,1000.0,4.0,95.92206683933496,0.0,260.4098599462657,1
12003,12,1,1,4,314,9,0.8811959087332809,0.5963808025177026,0.34775767112509837,1200.0,25.0,370.55704169944926,0.0,533.9084158793833,1000.0,3.0,13.205564122738002,0.0,31.551684093197736,1
12005,12,1,1,50,495,20,0.92141508774383,0.7820736908340907,0.5930224428441586,1200.0,1000.0,634.6930937565546,0.0,531.1291662220106,1000.0,35.0,84.66421799622458,0.0,234.4010295958565,1
12007,12,1,1,6,307,8,0.8492884864165589,0.6338939197930142,0.240620957309185,1200.0,25.0,260.5019948253557,0.0,468.7409823654355,1000.0,3.0,17.034948253557566,0.0,43.54766237234446,1
12009,12,1,1,146,691,22,0.9270521315542646,0.6987988260567003,0.4641009349187619,10000.0,50.0,374.6937161356691,0.0,484.5854935199423,10000.0,10.0,62.647257269069016,0.0,257.3949222274509,1
12011,12,1,1,416,385,33,0.8621416166045042,0.6526777325399311,0.4249352276286194,10000.0,25.0,416.05644944907897,0.0,711.505691844532,10000.0,4.0,145.46445292258636,0.0,586.6493657241606,1
12013,12,1,1,4,308,9,0.9816933638443935,0.9782608695652174,0.10526315789473684,1000.0,25.0,135.295766590389,0.0,296.9297540064855,1000.0,3.0,8.679135011441648,0.0,25.7093441526218,1
12015,12,1,1,47,1007,19,0.904718024327313,0.7675082934021379,0.22465904902322154,10000.0,50.0,265.90560965720607,0.0,466.4509850037105,10000.0,20.0,25.148239771470696,0.0,119.46249666356562,1
12017,12,1,1,41,843,15,0.8723818801753531,0.6855820750121773,0.41191751907777235,1200.0,25.0,427.9133528170157,0.0,491.40900484841853,1000.0,4.0,19.565991232342913,0.0,64.84757263489054,1
12019,12,1,1,45,298,14,0.9543500252908447,0.7317905918057663,0.406044511886697,1200.0,25.0,385.7323105715731,0.0,517.3231998323625,1000.0,4.0,109.10194865958522,0.0,292.3893026384722,1
12021,12,1,1,108,305,21,0.8270151798035554,0.6863381768000649,0.4990664826690478,10000.0,80.0,528.0126860946506,0.0,1209.4652156493273,10000.0,6.0,221.84211981492004,0.0,1157.6376898365108,1
12023,12,1,1,13,402,14,0.9213789682539683,0.6674107142857143,0.3784722222222222,1200.0,25.0,355.5393511904762,0.0,518.5323143561925,1000.0,4.0,29.574892857142856,0.0,108.51620202335333,1
12027,12,1,1,9,284,11,0.8804347826086957,0.7695652173913043,0.2266304347826087,1200.0,25.0,99.03858695652174,0.0,245.5106808917561,940.0,3.0,12.968444565217391,0.0,72.63571131235096,1
12029,12,1,1,5,274,8,0.8118811881188119,0.2633663366336634,0.0039603960396039604,100.0,12.0,13.52510891089109,0.0,10.204770501588902,100.0,1.5,1.7650851485148515,0.0,6.259059445122453,1
12031,12,1,1,218,455,31,0.9061403908349656,0.7005876190042363,0.43189996811369746,10000.0,25.0,418.24004436751244,0.0,566.5586717652094,10000.0,4.0,116.41497635858424,0.0,360.55592781351675,1
12033,12,1,1,78,432,20,0.9401330376940134,0.6944567627494457,0.4604089677260409,1000.0,50.0,394.1586455777285,0.0,466.0294003206539,1000.0,10.0,85.08334959349594,0.0,251.93315932601018,1
12035,12,1,1,23,479,13,0.9287424047136807,0.6753820659178789,0.5120603940342479,1000.0,100.0,397.4859281900202,0.0,466.7535810365964,1000.0,20.0,48.45229313201988,0.0,174.7818520702647,1
12037,12,1,1,5,394,9,0.9845634346357935,0.9845634346357935,0.26965750120598164,1200.0,50.0,295.08538350217077,0.0,428.82180887626856,1000.0,10.0,17.686091654606848,0.0,29.55443680064913,1
12039,12,1,1,10,357,12,0.9560832791151594,0.7586206896551724,0.4661678594664932,1200.0,50.0,359.2220585556278,0.0,490.5357668579042,1000.0,10.0,22.84879895901106,0.0,81.00174815823705,1
12041,12,1,1,5,241,7,0.8601503759398497,0.3082706766917293,0.17443609022556392,1000.0,15.0,37.58477593984962,0.0,82.6518969439489,1000.0,1.5,30.251633082706768,0.0,84.85664902268493,1
12043,12,1,1,4,283,7,0.834850455136541,0.6631989596879063,0.1508452535760728,1200.0,25.0,95.66906631989598,0.0,262.75663357739245,940.0,3.0,6.698111833550065,0.0,34.809407838778775,1
12045,12,1,1,5,429,9,0.9907899397803754,0.9907899397803754,0.1930570315267446,1000.0,50.0,221.4502302515055,0.0,381.05181038289817,1000.0,5.0,26.50876939426142,0.0,115.07699791535576,1
12047,12,1,1,6,254,6,0.8905191873589164,0.8148984198645598,0.42325056433408575,1200.0,50.0,111.36851015801355,0.0,200.41840114057365,1000.0,50.0,104.09137246049661,0.0,199.87046084084355,1
12049,12,1,1,8,244,9,0.9186295503211992,0.699357601713062,0.25738758029978587,1200.0,25.0,308.2850107066381,0.0,489.7738953244566,940.0,4.0,11.385332762312634,0.0,23.977746949547598,1
12051,12,1,1,9,584,11,0.8225092250922509,0.6977859778597786,0.359409594095941,1200.0,40.0,325.02767527675275,0.0,500.9518591632304,1000.0,3.0,15.75369594095941,0.0,58.76735532278402,1
12053,12,1,1,46,431,18,0.8878617805656432,0.7909100913392759,0.5042368218333884,1000.0,300.0,509.70745592604817,0.0,490.3034568554476,1000.0,35.0,58.62667811158798,0.0,195.51839715673896,1
12055,12,1,1,35,872,12,0.9355015781528749,0.7767942912035131,0.1829971181556196,1200.0,25.0,238.14958226979553,0.0,453.64826611075745,940.0,3.0,10.742566625497462,0.0,42.02349876724895,1
12057,12,1,1,332,475,35,0.844902796954997,0.6061168880362663,0.41923777172252835,10000.0,25.0,428.90107122521044,0.0,507.7503573404506,10000.0,3.0,206.25278989234963,0.0,418.4583588260371,1
12059,12,1,1,7,277,9,0.6734854445318647,0.37214791502753736,0.15106215578284815,1000.0,10.0,160.3139512195122,0.0,350.33427996935274,50.0,1.0,8.696709677419355,0.0,17.321800588423105,1
12061,12,1,1,44,390,15,0.9345366379310345,0.6654992816091954,0.4364224137931034,10000.0,50.0,402.27103448275864,0.0,576.7321524774142,10000.0,10.0,58.72383548850575,0.0,300.2942286509461,1
12063,12,1,1,13,447,12,0.8386601892099207,0.6075172590130401,0.26591664535924314,1200.0,25.0,325.6752983891588,0.0,508.6036996411338,940.0,3.0,13.721085655842495,0.0,53.98925572807221,1
12065,12,1,1,5,220,7,0.774496644295302,0.5449664429530201,0.11677852348993288,940.0,25.0,36.12956241610738,0.0,66.15896098658436,940.0,1.5,6.975519463087248,0.0,59.474732884094266,1
12067,12,1,1,3,205,4,0.849862258953168,0.778236914600551,0.32644628099173556,1000.0,25.0,144.7486225895317,0.0,290.2132138288311,1000.0,4.0,135.55155922865015,0.0,294.18521011697413,1
12069,12,1,1,75,521,19,0.8969744633604737,0.7862694300518135,0.39188564026646927,5000.0,30.0,391.4695758697261,0.0,513.8885318923165,5000.0,4.0,46.415228626943005,0.0,178.225073262965,1
12071,12,1,1,223,717,33,0.8657255572983507,0.7512239174865726,0.35899995246922384,10000.0,50.0,424.6147827368221,0.0,862.2439504100479,10000.0,10.0,134.4621480583678,0.0,755.1069543518702,1
12073,12,1,1,79,302,22,0.8130914209744271,0.7341831547665598,0.40986939860796123,10000.0,40.0,434.0982285133339,0.0,584.3310814898455,10000.0,4.0,124.52565605693282,0.0,391.2602214049855,1
12075,12,1,1,12,626,13,0.8559797866367209,0.5188096574957889,0.25126333520494104,1200.0,25.0,113.654093206064,0.0,288.5171407311748,50.0,2.0,12.677065693430656,0.0,19.356749309420522,1
12077,12,1,1,4,247,7,0.9828009828009828,0.9828009828009828,0.11916461916461916,1000.0,25.0,147.69840294840296,0.0,313.8967975589135,35.0,4.0,8.170461916461917,0.0,10.497089558698873,1
12079,12,1,1,5,326,7,0.8454545454545455,0.5798701298701299,0.2305194805194805,940.0,25.0,86.23930909090909,0.0,123.8468965983096,940.0,3.0,5.569640259740259,0.0,41.46125923678794,1
12081,12,1,1,94,313,21,0.8279883381924198,0.5521712444376247,0.41629584164492867,10000.0,25.0,422.2781482277121,0.0,498.3596672749276,10000.0,3.0,169.2348589841952,0.0,373.03812167371063,1
12083,12,1,1,91,746,23,0.9049141030763085,0.785602731267933,0.5031416845240257,1200.0,100.0,389.47720175789055,0.0,475.5509461614818,1000.0,10.0,70.88588726255766,0.0,214.3712037573247,1
12085,12,1,1,41,289,15,0.8840942562592047,0.6536082474226804,0.42857142857142855,10000.0,25.0,468.7864936671576,0.0,963.9588127951387,10000.0,4.0,141.83308394698085,0.0,863.4054195241813,1
12086,12,1,1,706,492,41,0.8615566868376396,0.6660183139627958,0.4672221688598598,10000.0,50.0,414.269370505555,0.0,654.4261099503477,10000.0,10.0,160.02581045688856,0.0,531.0184743399983,1
12087,12,1,1,27,273,10,0.9585312385823894,0.7212276214833759,0.5177201315308733,1200.0,100.0,465.4490062111801,0.0,538.4198297382605,1000.0,20.0,138.41558860065766,0.0,325.89155720800994,1
12089,12,1,1,23,229,10,0.9365150832958127,0.754615038271049,0.4709590274651058,10000.0,50.0,458.9254524988744,0.0,700.3777499713939,10000.0,20.0,143.40339126519584,0.0,553.6839063399996,1
12091,12,1,1,49,562,21,0.8594543147208121,0.6947176395939086,0.43075824873096447,1000.0,40.0,318.5146218274112,0.0,439.2441526852225,1000.0,3.0,25.098325190355332,0.0,80.39856684555573,1
12093,12,1,1,11,403,8,0.7967200610221206,0.5526315789473685,0.2810831426392067,1200.0,25.0,348.0230739893211,0.0,530.5369589794836,940.0,3.0,14.481850495804728,0.0,59.19956020727354,1
12095,12,1,1,266,886,32,0.8036829463570857,0.6652041633306646,0.4131625300240192,10000.0,25.0,369.384494347478,0.0,476.4842507338435,10000.0,3.0,87.27204819855885,0.0,270.07019676159996,1
12097,12,1,1,59,526,24,0.8160749174695142,0.7191942329717712,0.43832109411843967,10000.0,40.0,430.68446729097894,0.0,610.6680870718135,10000.0,4.0,90.88806359900289,0.0,448.56502298328337,1
12099,12,1,1,371,456,26,0.8793139804596893,0.6450938356645814,0.4059534687565896,10000.0,25.0,521.6759323820904,0.0,1298.7615189480148,10000.0,4.0,239.1218515850144,0.0,1254.2668740549607,1
12101,12,1,1,130,383,19,0.8999783970620004,0.6082152887078357,0.4174304848316514,1000.0,25.0,424.06038848254786,0.0,486.55652259616267,1000.0,3.0,185.1242703453384,0.0,376.4189314364771,1
12103,12,1,1,273,498,31,0.8865538489837211,0.5631840338453049,0.42612434470707256,10000.0,25.0,429.8438333486618,0.0,490.0833613473762,10000.0,3.0,97.42935841074221,0.0,275.0389233078206,1
12105,12,1,1,173,493,28,0.8262357664714013,0.48381930274907303,0.34520283463875906,10000.0,18.0,360.39655323723645,0.0,487.62339966561956,10000.0,1.0,88.9586173018276,0.0,273.9019455518076,1
12107,12,1,1,16,783,14,0.9078879532565733,0.6829352122357794,0.4657157587214298,1200.0,50.0,394.91710190754424,0.0,530.994036662873,1000.0,20.0,41.62085444234405,0.0,113.39938782605843,1
12109,12,1,1,49,454,13,0.9216403903903904,0.7226914414414415,0.40662537537537535,10000.0,25.0,380.3851505255255,0.0,569.069485353494,10000.0,4.0,111.66574812312312,0.0,381.5891454319193,1
12111,12,1,1,67,556,20,0.917949595164785,0.6556049720606683,0.4605998403466758,10000.0,50.0,442.11501379860874,0.0,735.0817270557326,10000.0,10.0,79.6253356140951,0.0,552.5684309861429,1
12113,12,1,1,36,451,14,0.94173931533064,0.7002976823304274,0.42876887093344673,1000.0,25.0,361.19087816287475,0.0,456.2585031419937,1000.0,5.0,100.70756644694876,0.0,272.34596369948855,1
12115,12,1,1,123,821,24,0.8971801839986038,0.5932085068189185,0.3024009573911092,10000.0,50.0,351.30703832057645,0.0,536.6208171621385,10000.0,20.0,145.02256391333614,0.0,385.8509932774941,1
12117,12,1,1,89,301,25,0.8043356903609974,0.6567733531819874,0.3649981391886863,10000.0,25.0,329.99599683662075,0.0,478.2958841175921,10000.0,3.0,62.256608392259025,0.0,267.3369080667017,1
12119,12,1,1,28,559,12,0.9115921241361324,0.816794888512192,0.44634241752510107,1200.0,60.0,452.20453722780024,0.0,501.7045822726853,940.0,5.0,86.77183335506584,0.0,247.4840340325037,1
12121,12,1,1,11,371,8,0.8648750946252839,0.7747918243754731,0.4829674489023467,1200.0,50.0,289.9095382286147,0.0,445.11568163963085,1000.0,35.0,123.52192278576835,0.0,259.6337805686236,1
12123,12,1,1,7,423,11,0.9628942486085343,0.9383116883116883,0.24860853432282004,1200.0,50.0,86.93786456400741,0.0,212.06837134777044,35.0,10.0,6.818534322820037,0.0,6.754221157696955,1
12125,12,1,1,4,237,6,0.9041591320072333,0.786618444846293,0.5551537070524413,1000.0,100.0,93.23960216998192,0.0,94.29996179622226,1000.0,100.0,91.21163110307414,0.0,96.0090297981977,1
12127,12,1,1,130,517,25,0.8784667223454194,0.6563084986896294,0.43204792212654436,10000.0,30.0,376.51288344901076,0.0,470.72724319852506,10000.0,5.0,41.8383524465052,0.0,168.5284409933625,1
12129,12,1,1,8,280,9,0.91357421875,0.7705078125,0.35986328125,1200.0,40.0,393.336193359375,0.0,539.2473945528552,940.0,4.0,17.340044921875,0.0,63.17249818745263,1
12131,12,1,1,20,486,22,0.848779709682565,0.6385388419205615,0.3418408039559738,1200.0,25.0,341.53397798691975,0.0,457.7859073314763,940.0,3.0,45.11556292869676,0.0,167.6194149501831,1
12133,12,1,1,7,367,13,0.8036593947923997,0.3807178043631246,0.20056298381421533,5120.0,12.0,216.97359887403238,0.0,437.8417867118431,1024.0,1.5,10.009873328641802,0.0,40.81195560169405,1
13001,13,1,1,7,365,9,0.8665716999050332,0.5788224121557455,0.3599240265906933,1000.0,25.0,98.08503133903135,0.0,229.31969303968984,1000.0,3.0,65.68482051282051,0.0,232.93206956249915,1
13003,13,1,1,3,264,7,0.9809976247030879,0.5736342042755345,0.27197149643705465,1000.0,25.0,232.5142517814727,0.0,402.412540743521,200.0,3.0,15.396109263657957,0.0,22.395749783788407,1
13005,13,1,1,3,334,7,0.9900497512437811,0.9114427860696518,0.5681592039800994,1000.0,100.0,67.66069651741293,0.0,57.39713905089285,35.0,20.0,12.490547263681592,0.0,8.741026143812725,1
13007,13,1,1,2,88,6,0.9448818897637795,0.36220472440944884,0.007874015748031496,500.0,18.0,20.311023622047244,0.0,43.62097432800916,500.0,1.5,5.756283464566929,0.0,44.21572280056216,1
13009,13,1,1,14,195,13,0.9123020706455542,0.8501827040194885,0.5850588712951685,1200.0,300.0,517.0864799025578,0.0,480.75357347367617,1000.0,35.0,209.38795777507104,0.0,376.08944675476346,1
13011,13,1,1,4,260,11,0.8543096872616324,0.7048054919908466,0.3302822273073989,1200.0,25.0,193.84424408848207,0.0,360.1177556168079,1000.0,4.0,116.20742028985508,0.0,273.4431680947452,1
13013,13,1,1,18,194,10,0.9401094154909301,0.8160092139360783,0.47710912755542756,1200.0,50.0,466.95199193780593,0.0,545.4618304204831,1000.0,25.0,116.37372530953066,0.0,282.9620638106475,1
13015,13,2,1,28,306,16,0.7901138716356108,0.5642684610075914,0.31806418219461696,1200.0,25.0,326.7434275362319,0.0,505.24873982582255,1000.0,3.0,64.19268219461698,0.0,223.8236095346577,2
13017,13,1,1,6,313,5,0.8876941457586619,0.7688172043010753,0.5609318996415771,1000.0,100.0,452.8721624850657,0.0,471.2947670062913,1000.0,50.0,102.87610035842295,0.0,224.96321872241796,1
13019,13,1,1,6,257,7,0.893581081081081,0.7798423423423423,0.4724099099099099,1000.0,50.0,345.42188513513514,0.0,443.5356849671959,1000.0,50.0,106.98087387387388,0.0,242.80295757181872,1
13021,13,1,1,48,426,17,0.8860286263618885,0.7154454176458022,0.44520401623584704,1000.0,25.0,453.6750147404401,0.0,488.2297013198171,1000.0,4.0,104.11352275154881,0.0,282.8052452519946,1
13023,13,1,1,4,248,7,0.893595041322314,0.5010330578512396,0.25826446280991733,1000.0,25.0,268.51702892561985,0.0,430.7729533779382,1000.0,2.0,29.22105785123967,0.0,123.62692683285152,1
13025,13,1,1,5,348,7,0.9871309613928841,0.9666919000757003,0.6056018168054504,1200.0,250.0,185.76078728236186,0.0,187.43113868585635,250.0,250.0,145.7876003028009,0.0,120.90601904724286,1
13027,13,1,1,6,266,8,0.8563348416289592,0.7579185520361991,0.4338235294117647,1200.0,25.0,403.3830701357466,0.0,513.1575183033146,1000.0,15.0,149.56596832579186,0.0,324.153921598612,1
13029,13,2,1,9,377,14,0.9496439471007121,0.8957273652085452,0.6673448626653102,10000.0,1000.0,806.7377924720245,0.0,1122.5929184711329,10000.0,35.0,454.1929165818922,0.0,1134.8519844442978,2
13031,13,1,1,20,455,17,0.9628987054584278,0.723608701454691,0.48618710796743625,1200.0,45.0,488.99432803950356,0.0,489.11199410785025,1000.0,4.0,373.94707807286795,0.0,480.08101743118084,1
13033,13,1,1,7,400,10,0.945054945054945,0.7362637362637363,0.43736263736263736,1200.0,25.0,488.3566043956044,0.0,537.5382682639948,1000.0,4.0,242.01755824175825,0.0,418.68181541699335,1
13035,13,1,1,5,263,9,0.8760330578512396,0.5830202854996244,0.3456048084147258,1000.0,25.0,339.0209436513899,0.0,460.2146682553706,1000.0,3.0,64.76860706235914,0.0,222.56983836103726,1
13037,13,1,1,2,191,5,0.7189349112426036,0.46153846153846156,0.14792899408284024,1000.0,18.0,66.99873372781065,0.0,191.97535898966507,1000.0,2.0,58.816260355029584,0.0,194.147293468986,1
13039,13,1,1,16,332,13,0.9405238828967643,0.8375963020030817,0.5275808936825886,1200.0,100.0,454.55710446841294,0.0,500.75243379769154,1000.0,15.0,112.92886533127889,0.0,192.7557980474725,1
13043,13,1,1,3,290,8,0.9896661367249603,0.9896661367249603,0.6828298887122417,1200.0,1000.0,717.2130365659777,0.0,477.04083781545955,1000.0,1000.0,552.6917774244833,0.0,491.72416236935834,1
13045,13,3,1,28,274,22,0.9155036617382893,0.7054027912118281,0.5002763576067432,1200.0,100.0,279.1998900096725,0.0,431.13679981733236,1000.0,20.0,49.62895177559762,0.0,165.13116102372973,3
13047,13,1,1,15,250,17,0.9227093872962339,0.7951096121416527,0.5609893198426082,10000.0,350.0,718.8922304665542,0.0,1410.775692439735,10000.0,35.0,377.967928049466,0.0,1411.3372274687256,1
13049,13,1,1,3,414,9,0.6295264623955432,0.5199628597957289,0.3751160631383473,1200.0,25.0,115.06035283194058,0.0,222.41455290290267,1000.0,15.0,110.57425441039925,0.0,215.50777910250375,1
13051,13,1,1,87,527,24,0.8997359963269054,0.7486799816345271,0.582242883379247,10000.0,100.0,404.7510061983471,0.0,629.8853962361777,10000.0,35.0,91.52974804866851,0.0,415.48623809249773,1
13053,13,3,1,5,193,10,0.8484136310223267,0.7626321974148061,0.535840188014101,1000.0,1000.0,542.4819130434782,0.0,491.9253698545436,50.0,35.0,19.6315910693302,0.0,16.637890275820016,3
13055,13,2,1,9,210,11,0.7559872272485365,0.7062267163384779,0.31373070782331025,1200.0,25.0,246.35298030867483,0.0,403.86736505334125,1000.0,10.0,41.05396381053752,0.0,125.66816310254565,2
13057,13,1,1,56,224,20,0.8780610956829084,0.7203988891694016,0.4673062357990406,10000.0,50.0,420.69963645544055,0.0,583.8725998790952,10000.0,10.0,153.63504165614745,0.0,423.7284327651367,1
13059,13,1,1,34,174,17,0.6884569298362402,0.5200372786579683,0.377313273864998,1200.0,25.0,329.60748129410194,0.0,453.5856423588861,1000.0,3.0,104.21238716549061,0.0,287.2485037049231,1
13061,13,1,1,1,154,4,0.7752808988764045,0.7265917602996255,0.299625468164794,1000.0,25.0,124.55992509363296,0.0,262.9560130830549,1000.0,4.0,118.43847191011236,0.0,265.47225062286446,1
13063,13,1,1,70,204,21,0.9279442930669088,0.6937127863558381,0.46987587042082957,2000.0,50.0,451.68148269250173,0.0,537.316265805816,1000.0,10.0,147.6817810071652,0.0,337.92268287815125,1
13065,13,1,1,2,312,5,0.8926380368098159,0.8328220858895705,0.2960122699386503,1000.0,25.0,167.72776073619633,0.0,319.08749607249837,1000.0,4.0,158.83920245398772,0.0,323.2120997668953,1
13067,13,2,1,186,272,37,0.8716008581202528,0.6574476720589087,0.43187220965965095,5000.0,25.0,409.1663333913144,0.0,522.3508278382488,5000.0,5.0,125.5812900794341,0.0,314.632221548222,2
13069,13,1,1,12,338,13,0.8992197659297789,0.8328998699609883,0.6336150845253576,1200.0,200.0,488.7599154746424,0.0,471.8213722374456,1000.0,35.0,183.77244603381016,0.0,343.85443633082804,1
13071,13,1,1,15,297,15,0.9294367693942615,0.869287991498406,0.36641870350690753,1200.0,50.0,296.708182784272,0.0,420.2128966042915,1000.0,5.0,126.7504688629118,0.0,292.39964718327445,1
13073,13,1,1,25,200,16,0.9054135640974039,0.748239082310324,0.5248540953914268,1200.0,100.0,540.6540454819883,0.0,530.5256980103217,1000.0,10.0,118.57149124572348,0.0,297.70874618873347,1
13075,13,1,1,5,332,10,0.9038572251007484,0.7069660333909038,0.45308002302820954,1000.0,25.0,354.4866459412781,0.0,452.472236509651,1000.0,25.0,67.5926493955095,0.0,178.50915812622293,1
13077,13,1,1,27,320,19,0.9064251270689431,0.7216212693861592,0.5323862895868631,1200.0,100.0,509.98068030757196,0.0,496.3642351665952,1000.0,20.0,113.20858595073635,0.0,288.3440562368475,1
13079,13,1,1,3,201,9,0.9432314410480349,0.8355167394468704,0.3129548762736536,1000.0,30.0,103.56484425036389,0.0,228.52039239797298,1000.0,10.0,22.83921397379913,0.0,57.28949511803895,1
13081,13,1,1,6,338,13,0.8939802336028752,0.596136567834681,0.35983827493261455,1000.0,25.0,293.508046720575,0.0,436.31502886516574,1000.0,3.0,25.966366576819407,0.0,74.47995504582599,1
13083,13,1,1,5,279,9,0.978988326848249,0.8521400778210116,0.5976653696498054,10000.0,1000.0,835.4011673151751,0.0,1563.5540383621853,10000.0,35.0,514.4374630350195,0.0,1597.1763449575362,1
13085,13,1,1,7,205,13,0.8419475655430712,0.7258426966292135,0.5071161048689139,1200.0,100.0,329.7870921348314,0.0,427.26579080585225,1000.0,25.0,231.8909872659176,0.0,386.6382927881097,1
13087,13,1,1,8,307,15,0.9096477794793262,0.5172281776416539,0.22932618683001532,1000.0,25.0,239.0767825421133,0.0,410.81991123552416,50.0,2.0,12.769805513016847,0.0,20.12468704492438,1
13089,13,3,1,203,193,31,0.9108219403722616,0.6974468786031955,0.4700708285290726,10000.0,50.0,466.26308127161917,0.0,544.352264295293,10000.0,10.0,188.11114570910888,0.0,380.65322762514023,3
13091,13,1,1,7,278,11,0.8627450980392157,0.5707472178060413,0.26391096979332274,2000.0,25.0,251.3296449390567,0.0,416.3702751453242,1000.0,3.0,27.333538950715422,0.0,98.5060473330267,1
13093,13,1,1,3,398,10,0.9013785790031813,0.6383881230116649,0.3860021208907741,1000.0,25.0,209.27094379639448,0.0,368.06491890207434,200.0,3.0,25.903185577942736,0.0,40.886084834085096,1
13095,13,1,1,29,279,17,0.8111225540679712,0.6302780638516993,0.49824922760041196,1000.0,25.0,502.3592584963955,0.0,494.1372577454136,1000.0,4.0,131.53279423274975,0.0,308.01009168067185,1
13097,13,1,1,31,164,22,0.9160597930241472,0.6709467228823304,0.4185511690302798,10000.0,25.0,432.54977002683023,0.0,802.2996973121295,10000.0,5.0,150.73199386738213,0.0,692.1300025771003,1
13099,13,1,1,5,239,8,0.7297297297297297,0.5378378378378378,0.19594594594594594,1000.0,25.0,87.94055675675676,0.0,228.51155514040326,1000.0,3.0,82.27413513513514,0.0,230.31309527186755,1
13101,13,1,1,2,91,3,0.7529411764705882,0.35294117647058826,0.0,25.0,10.0,13.15609411764706,0.0,9.482497590779381,5.0,1.0,1.594964705882353,0.0,1.3758056355008685,1
13103,13,1,1,16,274,11,0.9428458809617659,0.8888450926290895,0.6823019314150571,1200.0,1000.0,636.4942987780844,0.0,521.7741340384471,1000.0,35.0,322.03362081198264,0.0,435.6287607690406,1
13105,13,1,1,6,308,11,0.9116642264519278,0.6700829673011225,0.5475841874084919,1200.0,200.0,309.7718672523182,0.0,444.4017896492095,1000.0,20.0,15.970151293313812,0.0,33.36492066659877,1
13107,13,1,1,9,404,10,0.9637656620386048,0.8405011852353539,0.6732136810023704,1000.0,1000.0,676.8264178801219,0.0,461.51517492392617,1000.0,1000.0,531.3917141889603,0.0,494.6982851778515,1
13109,13,2,1,3,432,9,0.8098791755508173,0.6133617626154939,0.3226723525230988,1200.0,25.0,365.13049609097374,0.0,512.1285540520544,1000.0,3.0,161.57007249466952,0.0,358.344490172226,2
13111,13,1,1,5,455,12,0.9700780572419775,0.7246313963573288,0.5542064180398959,1000.0,100.0,155.94815611448394,0.0,259.88759460237753,1000.0,10.0,67.11448915871638,0.0,188.76472697131135,1
13113,13,1,1,24,196,16,0.9190349621754242,0.6794111633612758,0.4285422204048252,1200.0,50.0,412.84284604375387,0.0,527.7511635439714,1000.0,10.0,93.53715477407484,0.0,268.02331019803,1
13115,13,2,1,26,356,16,0.722917284316632,0.5445004447079751,0.3230358731099911,1200.0,25.0,332.6574664690187,0.0,504.40411254134756,1000.0,3.0,89.59361755114142,0.0,269.110917277873,2
13117,13,1,1,48,125,22,0.9251774986346258,0.6839614054250864,0.411796832332059,10000.0,25.0,402.0640655379574,0.0,535.0681316445941,10000.0,5.0,154.50126342617875,0.0,370.1670687250612,1
13119,13,1,1,8,281,15,0.8777070063694268,0.70828025477707,0.28535031847133757,1200.0,25.0,148.07544798301487,0.0,244.27937534086922,1000.0,10.0,58.97577070063694,0.0,167.67794409765835,1
13121,13,2,1,327,267,44,0.8686927976695146,0.66690580230005,0.4575534250744581,10000.0,50.0,450.0078061696994,0.0,574.6806590090384,10000.0,10.0,164.49576034261614,0.0,399.3998527910927,2
13123,13,1,1,8,309,6,0.9886211512717537,0.7476572958500669,0.5950468540829986,1200.0,100.0,139.9825970548862,0.0,188.73689775902898,1200.0,10.0,56.68731191432396,0.0,177.47112975874802,1
13125,13,1,1,1,110,4,0.7272727272727273,0.07692307692307693,0.03496503496503497,1000.0,6.0,41.89023776223776,0.768,183.08017966899973,1000.0,0.512,35.714181818181814,0.128,184.19532536266937,1
13127,13,1,1,26,440,18,0.9382504288164666,0.646274061368401,0.461978273299028,1200.0,50.0,458.32503373356207,0.0,552.7616360640228,1000.0,10.0,71.19623708785973,0.0,226.77164770848452,1
13129,13,2,1,15,305,13,0.797003659652333,0.5452881976212259,0.284423604757548,1200.0,25.0,289.67511482159193,0.0,484.5107515760494,1000.0,3.0,51.16674428179323,0.0,197.9446116253231,2
13131,13,1,1,8,342,14,0.9124602894458171,0.7959759971761383,0.3116837274973526,1000.0,50.0,240.24179315213556,0.0,388.02827116104515,1000.0,5.0,42.87008400988352,0.0,113.32624206179021,1
13133,13,1,1,8,202,7,0.8128186453022578,0.5870356882738529,0.3736343772760379,1000.0,25.0,323.97337800437,0.0,449.7850164398891,1000.0,4.0,44.59292352512746,0.0,143.39135504516568,1
13135,13,2,1,220,241,31,0.8809914275065226,0.6755870294446515,0.45121133060007457,2000.0,50.0,433.93276213194184,0.0,515.6094835194879,1000.0,10.0,157.44000775251584,0.0,348.7686715029093,2
13137,13,1,1,11,277,10,0.9187720728063027,0.8807389296386852,0.6248302091822874,1000.0,300.0,456.52479434936157,0.0,449.5356770834714,1000.0,50.0,412.52640586797065,0.0,475.47507745283997,1
13139,13,3,1,50,339,19,0.8514317798989331,0.6361594609769792,0.408422234699607,1200.0,25.0,383.43448309938236,0.0,482.82544827462226,1000.0,4.0,86.67818192026951,0.0,258.72886097072467,3
13141,13,1,1,2,258,6,0.8743589743589744,0.4256410256410256,0.20512820512820512,1000.0,18.0,205.89624615384614,0.0,388.6894735012443,1000.0,1.5,189.35321025641025,0.0,386.96410702761983,1
13143,13,2,1,8,334,15,0.8172835370959638,0.6287054094791492,0.46692346340646457,1200.0,25.0,216.09648501088594,0.0,383.9673974774442,1000.0,5.0,34.121455702562386,0.0,113.91207731002282,2
13145,13,1,1,7,366,12,0.8891060087933561,0.7156814851001465,0.44357596482657546,1000.0,25.0,431.2728128969223,0.0,483.1595376146468,1000.0,4.0,50.850458231558385,0.0,165.72490411903104,1
13147,13,1,1,10,266,12,0.9643117261471231,0.7407137654770576,0.47232337946103425,1200.0,50.0,485.9562418062637,0.0,512.4700990739449,1000.0,35.0,171.65038747268753,0.0,351.9597653694237,1
13149,13,1,1,3,191,6,0.8738404452690167,0.5974025974025974,0.39332096474953615,1000.0,25.0,400.23953246753246,0.0,481.58442411768476,35.0,4.0,14.969135435992579,0.0,16.19780509025362,1
13151,13,1,1,59,212,16,0.9298395518845534,0.6957182189309788,0.4475458084116586,1200.0,50.0,413.87547707205925,0.0,483.9189318591988,1000.0,10.0,132.49976113168137,0.0,320.8126598226585,1
13153,13,1,1,38,309,18,0.9135372306104014,0.7926184023745,0.5291005291005291,1000.0,100.0,465.74121873790165,0.0,477.76467373242883,1000.0,35.0,108.33794812233836,0.0,262.95577373483377,1
13155,13,1,1,3,392,7,0.8015435501653804,0.6758544652701213,0.4498346196251378,1000.0,50.0,343.5956648291069,0.0,449.94270382501134,1000.0,50.0,141.45525468577728,0.0,302.220416730986,1
13157,13,3,1,17,405,17,0.8799108386737253,0.814572304263026,0.45165784341042076,1200.0,25.0,328.90333073279464,0.0,455.71333787936476,1000.0,15.0,171.03703482864307,0.0,340.5360259146943,3
13159,13,1,1,5,196,7,0.8863134657836644,0.41832229580573954,0.10816777041942605,1000.0,18.0,43.20456953642384,0.0,131.22551355570351,1000.0,1.5,21.915134657836646,0.0,131.35345505741358,1
13161,13,1,1,5,240,7,0.8891797556719022,0.5846422338568935,0.3394415357766143,1200.0,25.0,348.0199790575916,0.0,466.23313498672803,1000.0,3.0,49.61125305410122,0.0,177.4515148082386,1
13163,13,1,1,4,543,12,0.7921259842519685,0.4435695538057743,0.11233595800524934,1200.0,18.0,125.65041469816273,0.0,312.7230689599225,1000.0,1.5,111.89336062992126,0.0,312.68903085008077,1
13165,13,1,1,2,345,8,0.9553014553014553,0.7162162162162162,0.42515592515592515,1200.0,25.0,473.04213721413726,0.0,532.7158074863769,1000.0,4.0,246.89757172557174,0.0,422.544844842228,1
13167,13,1,1,4,242,7,0.9165302782324058,0.5711947626841244,0.4075286415711948,1200.0,25.0,416.482991816694,0.0,485.1203736004984,1000.0,3.0,406.9845106382979,0.0,490.5651086313951,1
13169,13,1,1,9,165,12,0.8619737750172533,0.7370600414078675,0.4189095928226363,1000.0,25.0,312.52612284334026,0.0,431.918767199207,1000.0,10.0,122.59014492753623,0.0,284.8365208381575,1
13171,13,1,1,4,271,10,0.8747220163083765,0.5315048183839881,0.28317272053372866,1200.0,25.0,288.4347546330615,0.0,442.0955713211874,1000.0,3.0,31.917826538176428,0.0,144.2725308381799,1
13173,13,1,1,3,230,7,0.8881118881118881,0.7916083916083916,0.5664335664335665,1000.0,100.0,413.2832167832168,0.0,459.3860800963349,1000.0,50.0,109.39518321678321,0.0,229.9623586654177,1
13175,13,2,1,14,463,18,0.8866918844566712,0.6788170563961485,0.32668500687757906,1000.0,25.0,334.9015171939477,0.0,458.06563520944826,1000.0,3.0,18.120643741403025,0.0,66.68481450282087,2
13177,13,1,1,8,163,12,0.8868258178603006,0.5923961096374889,0.2864721485411141,1000.0,25.0,281.22942882404953,0.0,435.4442466334784,1000.0,3.0,27.474663129973475,0.0,111.88261920117718,1
13179,13,2,1,17,294,12,0.8890712175910732,0.7486051854282901,0.3688874302592714,10000.0,30.0,421.4045080406958,0.0,747.4365537863107,10000.0,3.0,65.53267344929439,0.0,559.8829378489861,2
13181,13,1,1,2,274,5,0.9903147699757869,0.9903147699757869,0.9322033898305084,1000.0,1000.0,933.6610169491526,0.0,246.30004071112756,250.0,250.0,233.24001937046003,0.0,62.22382819704015,1
13183,13,1,1,4,207,6,0.8984962406015038,0.7982456140350878,0.5601503759398496,1200.0,100.0,390.2268170426065,0.0,500.06216608031593,1000.0,35.0,102.17258145363408,0.0,217.08099621848487,1
13185,13,2,1,29,305,17,0.879911648453848,0.6232271564752383,0.4211811206696117,1000.0,25.0,413.0365733550337,0.0,481.35964326178674,1000.0,3.0,125.92563589862823,0.0,303.82060207145355,2
13187,13,1,1,8,247,12,0.8526984126984127,0.7390476190476191,0.48063492063492064,1000.0,50.0,285.4768253968254,0.0,387.1977834513138,1000.0,25.0,251.90053587301585,0.0,397.4410941755947,1
13189,13,1,1,6,243,15,0.8763702801461632,0.5840438489646772,0.2917174177831912,1200.0,25.0,360.133712545676,0.0,537.9938809741626,1000.0,3.0,12.26704993909866,0.0,29.261551484076758,1
13191,13,1,1,7,288,5,0.9581818181818181,0.9572727272727273,0.6563636363636364,1200.0,1000.0,717.8936363636363,0.0,510.114721129355,250.0,35.0,107.07876363636363,0.0,114.14074487262967,1
13193,13,1,1,4,348,9,0.833805476864967,0.6987724268177526,0.21624173748819642,1000.0,25.0,61.64094050991501,0.0,131.0212361079905,1000.0,4.0,40.40280642115203,0.0,70.66119901791672,1
13195,13,1,1,7,340,9,0.9003079291762894,0.7686682063125481,0.35758275596612776,1000.0,25.0,209.45394149345648,0.0,360.7809469656063,1000.0,10.0,46.14245573518091,0.0,122.38642147513576,1
13197,13,1,1,2,221,6,0.7060998151571165,0.47689463955637706,0.3456561922365989,1000.0,12.0,159.98428835489833,0.0,316.6607692914338,1000.0,10.0,151.53719038817005,0.0,316.9635950673475,1
13199,13,1,1,7,256,9,0.8280780780780781,0.5435435435435435,0.35960960960960964,1000.0,25.0,339.94786486486487,0.0,460.56120510610435,1000.0,4.0,90.29407207207207,0.0,258.08565886285214,1
13201,13,1,1,3,201,9,0.9175531914893617,0.4973404255319149,0.1675531914893617,1000.0,20.0,91.93227659574468,0.0,175.29455584233264,500.0,2.0,76.76631914893616,0.0,174.08655229033266,1
13205,13,2,1,7,233,12,0.9535573122529645,0.6841238471673254,0.19367588932806323,1000.0,25.0,210.44928194993412,0.0,379.9934575730018,1000.0,4.0,13.254127799736494,0.0,32.18162364023991,2
13207,13,1,1,5,328,14,0.8567302137492778,0.49104563835932985,0.31369150779896016,2000.0,18.0,229.392580011554,0.0,494.4077266808031,2000.0,2.0,120.89127440785673,0.0,433.6410871865609,1
13209,13,2,1,3,293,13,0.8103994927076728,0.5928979074191503,0.2872542802790108,1000.0,25.0,238.2654001268231,0.0,403.29671437412225,1000.0,3.0,166.94662270133165,0.0,354.1443075463914,2
13211,13,1,1,6,268,9,0.873342175066313,0.5192307692307693,0.25596816976127323,1000.0,25.0,236.80907957559683,0.0,407.6361240239252,1000.0,2.0,63.85044562334217,0.0,227.80750393633173,1
13213,13,1,1,10,193,11,0.8181818181818182,0.7448680351906158,0.41893590280687054,1000.0,25.0,351.98482111436954,0.0,455.7274073046223,1000.0,4.0,92.25071135316297,0.0,246.73676306354557,1
13215,13,3,1,59,322,19,0.8040517821116342,0.6886348352387357,0.5460659045057162,1000.0,1000.0,543.313490921318,0.0,491.8446438890451,1000.0,35.0,88.96167921990585,0.0,244.20378226997641,3
13217,13,2,1,22,281,20,0.9253803820006474,0.6746519909355778,0.3904176108773066,1200.0,25.0,366.45084881838784,0.0,477.5268071300156,1000.0,5.0,98.77462738750405,0.0,275.1081719209514,2
13219,13,1,1,11,206,14,0.8071381794368042,0.5913555992141454,0.29469548133595286,1200.0,25.0,256.0106483300589,0.0,419.5625268937797,1000.0,3.0,54.65992141453831,0.0,205.322035146524,1
13221,13,1,1,6,200,11,0.8383751080380294,0.6663785652549697,0.4044943820224719,1200.0,25.0,177.41120829732066,0.0,324.0549162338983,1000.0,10.0,48.93795678478825,0.0,107.11925605039707,1
13223,13,1,1,33,159,20,0.8514285714285714,0.6311520737327189,0.37400921658986175,10000.0,25.0,347.5769393548387,0.0,517.5426288485882,10000.0,3.0,120.20197161290322,0.0,334.9050229603822,1
13225,13,1,1,8,234,11,0.8879781420765027,0.6441256830601093,0.39207650273224043,1000.0,25.0,328.07284426229506,0.0,447.20509991701744,1000.0,3.0,43.56513114754098,0.0,135.5134423716082,1
13227,13,1,1,9,230,12,0.9427640763145649,0.7612843182875756,0.4699860400186133,1200.0,25.0,139.2058017682643,0.0,236.93232393428534,1000.0,10.0,74.44895114006515,0.0,221.97726298444843,1
13229,13,1,1,6,345,8,0.9546436285097192,0.7575593952483801,0.44330453563714906,1000.0,25.0,78.70936933045357,0.0,158.75554161541305,1000.0,4.0,35.539656587473004,0.0,157.6067959987125,1
13231,13,1,1,5,187,10,0.7681047765793528,0.3852080123266564,0.07858243451463791,1200.0,12.0,76.22204622496147,0.0,239.91895034785486,1000.0,1.5,27.059775038520797,0.0,150.07880262507854,1
13233,13,1,1,8,374,13,0.7433732574121343,0.5668564696642451,0.38189672098959354,1200.0,25.0,291.61526722953073,0.0,435.87039137513335,1000.0,3.0,47.68449244060475,0.0,177.8739121256956,1
13235,13,1,1,4,228,6,0.9531478770131772,0.9209370424597365,0.37481698389458273,1000.0,25.0,380.01756954612006,0.0,470.04787815218845,1000.0,4.0,45.78312737920937,0.0,158.6034703693345,1
13237,13,1,1,8,169,10,0.9106666666666666,0.6293333333333333,0.404,1000.0,25.0,371.497072,0.0,467.39002750728906,1000.0,4.0,95.67218933333332,0.0,268.9682307703992,1
13239,13,1,1,1,79,6,0.8923076923076924,0.7923076923076923,0.3384615384615385,1000.0,25.0,324.74052307692307,0.0,452.6310970071486,200.0,4.0,17.581969230769232,0.0,29.358816144292927,1
13241,13,1,1,8,232,10,0.9077568134171907,0.7866876310272537,0.47064989517819705,1000.0,50.0,250.2025681341719,0.0,341.25098712325183,1000.0,50.0,138.22942976939203,0.0,283.62074335198025,1
13243,13,1,1,2,349,9,0.8166894664842681,0.6880984952120383,0.4952120383036936,1000.0,50.0,385.28113816689466,0.0,459.1416377177449,1000.0,50.0,91.81922298221615,0.0,211.84270695350827,1
13245,13,1,1,56,309,17,0.8471451021477213,0.68496595075956,0.5644840230487166,10000.0,1000.0,622.5345730749083,0.0,556.6892219717206,10000.0,35.0,99.61973095861708,0.0,282.5656372367746,1
13247,13,1,1,24,175,14,0.9170744269894412,0.6834921452485192,0.4244141127993819,1200.0,25.0,418.34449755343803,0.0,534.3410529794016,1000.0,5.0,97.09125315477723,0.0,274.6683303206389,1
13249,13,1,1,2,177,6,0.8302752293577982,0.6811926605504587,0.4288990825688073,1000.0,25.0,352.1668990825688,0.0,453.41675983431315,1000.0,25.0,154.38419266055047,0.0,319.09223689445594,1
13251,13,1,1,6,334,6,0.9742876997915219,0.9451007644197359,0.7317581653926337,1000.0,1000.0,731.9583043780403,0.0,435.983786349732,1000.0,1000.0,727.5405142460042,0.0,443.18443597580927,1
13253,13,1,1,3,216,6,0.8946015424164524,0.7300771208226221,0.5308483290488432,1000.0,100.0,362.1478149100257,0.0,443.95740952126914,1000.0,50.0,159.99178920308483,0.0,305.70083334304576,1
13255,13,1,1,17,232,13,0.8780262854507724,0.632234263315656,0.4191837675812774,1200.0,25.0,440.6192575513027,0.0,542.6295121352773,1000.0,4.0,126.04011436476827,0.0,314.7674376412782,1
13257,13,1,1,8,325,12,0.9169829222011385,0.7870018975332068,0.5574003795066413,1000.0,100.0,337.19781783681213,0.0,374.6904987681053,1000.0,50.0,140.82281214421252,0.0,289.85601112694405,1
13259,13,1,1,2,208,7,0.817910447761194,0.14029850746268657,0.005970149253731343,1000.0,18.0,19.381564179104476,0.0,76.50073444468333,50.0,1.5,1.7636059701492537,0.0,3.859727046594845,1
13261,13,1,1,8,319,15,0.7482758620689656,0.4471264367816092,0.2264367816091954,1000.0,18.0,228.35221762452105,0.0,407.79277227611476,100.0,1.5,12.348321839080459,0.0,20.309422129005213,1
13263,13,1,1,3,211,7,0.8913043478260869,0.7521739130434782,0.28695652173913044,1000.0,25.0,241.16525217391305,0.0,402.9357611963001,1000.0,10.0,36.323617391304346,0.0,127.37141840271758,1
13265,13,1,1,1,295,4,0.9936305732484076,0.9777070063694268,0.9331210191082803,1000.0,1000.0,934.4458598726114,3.0,245.26279561424937,250.0,250.0,233.61550318471336,0.768,61.31456614524692,1
13267,13,2,1,7,484,11,0.898590446358653,0.7811276429130776,0.3586530931871574,1200.0,25.0,165.18119812059516,0.0,299.6525781401137,1000.0,15.0,142.76404541895064,0.0,299.31615530028466,2
13269,13,1,1,4,238,8,0.9727095516569201,0.9064327485380117,0.20662768031189083,1000.0,30.0,96.62966471734892,0.0,234.68431509446208,100.0,10.0,14.187703703703704,0.0,22.697033994988953,1
13271,13,1,1,5,278,6,0.9129438717067583,0.7605956471935853,0.33276059564719357,1000.0,25.0,287.85796105383736,0.0,429.0493374521207,1000.0,4.0,56.426341351660945,0.0,170.92621029422418,1
13273,13,1,1,4,312,9,0.831302717900656,0.7282099343955014,0.42924086223055297,1000.0,25.0,307.4559512652296,0.0,430.83152935722177,1000.0,25.0,86.50167197750703,0.0,212.5138859151098,1
13275,13,2,1,14,326,14,0.9025844930417495,0.7667839119131366,0.3121272365805169,1000.0,50.0,297.18028261202016,0.0,430.8182481606168,1000.0,5.0,89.39938339195595,0.0,254.30475948943578,2
13277,13,1,1,12,361,14,0.9170837867247008,0.6781284004352557,0.42916213275299236,1000.0,50.0,296.3713062023939,0.0,418.9367093317968,100.0,5.0,28.84591512513602,0.0,35.08360469502526,1
13279,13,2,1,9,279,14,0.7774544043461389,0.5199844780752814,0.31839348079161817,1000.0,25.0,321.73442452464104,0.0,457.4213524542745,1000.0,3.0,48.9869437330229,0.0,191.88182879320303,2
13281,13,1,1,4,206,6,0.9477825464949928,0.9220314735336195,0.6337625178826896,1000.0,200.0,471.8841201716738,0.0,458.27759076635715,1000.0,100.0,440.2224492131617,0.0,480.8915556654686,1
13283,13,1,1,2,327,12,0.97,0.49166666666666664,0.07,1200.0,10.0,82.67627999999999,0.0,247.0041709685514,1000.0,1.0,65.42628,0.0,243.24976422501925,1
13285,13,1,1,18,306,16,0.8605908476539873,0.6947287121065843,0.41224174551071635,1000.0,25.0,392.54540413207184,0.0,474.4803596047274,1000.0,4.0,89.54631087082448,0.0,261.9227313824972,1
13287,13,1,1,3,350,7,0.8632025450689289,0.7645811240721103,0.43584305408271473,1000.0,25.0,312.7152704135737,0.0,430.78262889150636,1000.0,25.0,90.78307104984094,0.0,217.7358460018136,1
13289,13,1,1,3,240,11,0.8738965952080706,0.6721311475409836,0.14754098360655737,1000.0,25.0,72.9026078184111,0.0,194.55814819827566,1000.0,4.0,54.21278184110971,0.0,182.32488484402774,1
13291,13,1,1,8,211,11,0.9310344827586207,0.8254576415495956,0.5351213282247765,1000.0,100.0,403.972754363559,0.0,455.6162102819312,1000.0,50.0,379.3486828437633,0.0,464.41710858149867,1
13293,13,1,1,8,280,12,0.7484706729039223,0.6685858222382152,0.3951061532925513,1000.0,25.0,336.135484706729,0.0,453.1576640614937,1000.0,12.0,66.40812234616769,0.0,198.7448886541722,1
13295,13,2,1,18,289,16,0.8388814913448736,0.6915224145583666,0.44252108300044385,10000.0,25.0,905.3420103565617,0.0,2190.5001411583244,10000.0,20.0,609.2362870247077,0.0,2211.661496553346,2
13297,13,2,1,20,232,11,0.9153515064562411,0.7235089157614265,0.37589670014347204,1200.0,25.0,353.754056159049,0.0,507.8986770654279,1000.0,4.0,90.70200040992006,0.0,253.7483763444452,2
13299,13,1,1,10,488,13,0.9415558242644095,0.7033454252317614,0.3615477629987908,1200.0,25.0,345.59477146311974,0.0,458.1342638252889,1000.0,3.0,55.62643369609029,0.0,199.52829710554582,1
13301,13,1,1,2,236,5,0.861271676300578,0.2398843930635838,0.0,25.0,18.0,14.651838150289018,0.0,7.873760989061021,4.0,1.5,1.6718959537572253,0.0,1.0842461834124435,1
13303,13,1,1,5,468,16,0.7882534775888718,0.5569294178258629,0.36063884595569295,1000.0,25.0,362.94695517774346,0.0,471.9338765785811,1000.0,3.0,149.81341782586296,0.0,343.8782542994334,1
13305,13,1,1,7,462,9,0.9017363851617995,0.6361483820047356,0.4119968429360695,1200.0,25.0,447.1925398579321,0.0,560.2159608792014,1000.0,4.0,39.128659826361485,0.0,127.84417900999073,1
13307,13,1,1,2,112,6,0.8285714285714286,0.5785714285714286,0.11428571428571428,200.0,25.0,32.79642857142857,0.0,48.585360585106734,200.0,3.0,22.33347142857143,0.0,51.641139953996806,1
13309,13,1,1,2,210,10,0.84251968503937,0.639763779527559,0.20669291338582677,1000.0,25.0,127.41633858267717,0.0,293.8651245533855,1000.0,3.0,111.20062992125983,0.0,295.89684363992103,1
13311,13,1,1,9,195,9,0.909404659188956,0.8265746333045729,0.5362381363244176,1000.0,100.0,407.213977566868,0.0,450.9855073798852,1000.0,25.0,378.4382640207075,0.0,466.5375993903113,1
13313,13,2,1,22,397,16,0.9244541814610562,0.8824507063534034,0.6889778650751681,10000.0,1000.0,3406.016960036262,0.0,4414.269247439434,10000.0,35.0,3142.7058146105614,0.0,4576.158060260743,2
13315,13,1,1,4,291,6,0.8120218579234972,0.7344262295081967,0.2273224043715847,1000.0,25.0,127.54754098360655,0.0,284.9918933968711,1000.0,3.0,117.24194098360657,0.0,288.9000695067845,1
13317,13,1,1,4,316,5,0.9856733524355301,0.9856733524355301,0.9083094555873925,1000.0,1000.0,910.243553008596,0.0,282.7171619861017,250.0,250.0,227.38681948424068,0.0,71.22556525551315,1
13319,13,1,1,3,301,9,0.8590909090909091,0.7772727272727272,0.3690909090909091,1000.0,25.0,217.70136363636362,0.0,366.45219129631795,1000.0,10.0,195.96351636363636,0.0,369.54106859363236,1
13321,13,1,1,6,400,13,0.9063564131668559,0.5993189557321226,0.27014755959137343,1000.0,25.0,259.0840272417707,0.0,421.51689689246723,1000.0,3.0,16.30377298524404,0.0,34.80632668910084,1
15001,15,1,1,43,491,11,0.9593068035943517,0.6159178433889602,0.4540436456996149,1000.0,25.0,460.7713735558408,0.0,491.0735269394403,500.0,4.0,95.26935866495508,0.0,182.89102743466066,1
15003,15,1,1,329,272,18,0.9119630812921548,0.5798278310259141,0.4322861199858005,1000.0,25.0,437.69530972665956,0.0,488.21630247550263,1000.0,3.0,87.30534558040468,0.0,176.33598306631663,1
15005,15,1,1,1,23,1,1.0,1.0,1.0,1000.0,1000.0,1000.0,1000.0,0.0,35.0,35.0,35.0,35.0,0.0,1
15007,15,1,1,17,267,9,0.9406719085060757,0.5503931379556827,0.39313795568263044,1000.0,25.0,399.3348820586133,0.0,481.8517764902369,500.0,3.0,39.47766690493209,0.0,110.35033061700018,1
15009,15,1,1,44,260,13,0.9330497089117779,0.5228392297357815,0.39005821764442455,1000.0,25.0,386.66088222122704,0.0,477.8020748880534,500.0,3.0,48.22042006269593,0.0,127.32109936876272,1
16001,16,4,1,129,471,28,0.9276563677467973,0.7981523347009406,0.4366574562505233,5000.0,50.0,338.6640992492115,0.0,496.7386963812226,5000.0,10.0,101.97150559602557,0.0,359.2920034877356,4
16003,16,5,1,2,388,8,0.9289256198347108,0.5170247933884298,0.12859504132231406,1000.0,25.0,136.81140495867768,0.0,313.5962365667024,1000.0,3.0,60.76721719008264,0.0,226.4459971982078,5
16005,16,5,1,24,726,20,0.9365068104426788,0.6569948921679909,0.2773127128263337,1000.0,25.0,158.75638479001134,0.0,314.90936689741017,1000.0,4.0,33.82999843927355,0.0,147.5668573706997,5
16007,16,2,1,2,510,6,0.9750425411230856,0.7430516165626773,0.2665910380034033,1000.0,25.0,133.4299489506523,0.0,261.5962835167397,1000.0,4.0,82.59439818491208,0.0,266.4165518131806,2
16009,16,3,1,2,600,14,0.9617892068091272,0.7178558493299529,0.02028250633828323,10000.0,25.0,65.65374864179645,0.0,616.8067885290741,10000.0,3.0,43.161235059760955,0.0,615.6275603481652,3
16011,16,6,1,10,650,19,0.9298420064081317,0.6835156336316429,0.24146503148823334,10000.0,25.0,139.50328692962103,0.0,309.7426849138741,10000.0,4.0,13.262900011048503,0.0,109.66040805427258,6
16013,16,1,1,8,338,13,0.9187202766969303,0.5801988759187203,0.35797665369649806,1000.0,25.0,362.47189796800694,0.0,465.5913430618696,940.0,3.0,22.200090791180283,0.0,87.50819208421662,1
16015,16,5,1,3,460,9,0.9079782411604714,0.5761559383499547,0.1541251133272892,1000.0,25.0,85.77391205802357,0.0,217.54641086735722,1000.0,3.0,17.924001813236625,0.0,109.40341650756831,5
16017,16,3,1,16,536,20,0.9508069003895381,0.8538675570395103,0.14123539232053423,1000.0,30.0,146.7954368391764,0.0,308.5214806274613,1000.0,10.0,65.39536115748469,0.0,230.0466769647291,3
16019,16,6,1,24,881,23,0.958565799227498,0.7866645858530685,0.4258124926846397,10000.0,50.0,289.213257383637,0.0,494.54994689521317,10000.0,10.0,71.21607202216066,0.0,344.53420044105354,6
16021,16,1,1,2,502,8,0.9546904913848118,0.7721761327377153,0.02488832163369496,1000.0,25.0,34.29802169751117,0.0,34.732510266198865,1000.0,3.0,4.607846841097639,0.0,28.211299299764093,1
16023,16,2,1,1,350,5,0.9850374064837906,0.7655860349127181,0.20074812967581046,1000.0,25.0,216.5436408977556,0.0,392.8428196352203,1000.0,3.0,203.34538653366585,0.0,399.38468476253564,2
16025,16,1,1,1,158,6,0.9064748201438849,0.5071942446043165,0.0,70.0,25.0,24.071942446043167,0.0,13.530892738734755,4.0,3.0,2.829956834532374,0.0,1.1810703208628843,1
16027,16,12,1,54,647,19,0.9322042531516618,0.7150388386603845,0.3148605628422259,5000.0,50.0,201.88070800967782,0.0,366.9268064882867,5000.0,10.0,37.1874124538393,0.0,168.16952186398925,12
16029,16,4,1,2,637,7,0.9496774193548387,0.7187096774193549,0.13806451612903226,1000.0,25.0,79.13247311827956,0.0,175.22543105324374,940.0,3.0,7.286343225806451,0.0,25.37915229603353,4
16031,16,4,1,6,620,13,0.8220160791589363,0.4811379097093383,0.15139146567717995,1000.0,20.0,155.26493506493506,0.0,337.92397920766024,1000.0,3.0,94.4062570191713,0.0,281.2856296034849,4
16033,16,1,1,1,473,2,1.0,0.4699612403100775,0.0009689922480620155,100.0,10.0,17.131782945736433,10.0,7.913209960020489,50.0,1.0,11.454457364341085,1.0,11.88042017793933,1
16035,16,4,1,3,595,11,0.9651692708333334,0.794921875,0.16373697916666666,1000.0,25.0,167.83365885416666,0.0,343.1194258712031,1000.0,4.0,149.5517734375,0.0,350.367976407669,4
16037,16,3,1,1,731,6,0.9893692416725727,0.6520198440822113,0.2898653437278526,1000.0,25.0,222.88377037562012,2.0,385.81221950335663,1000.0,3.0,112.07273423104182,0.128,276.69576613414426,3
16039,16,5,1,7,692,13,0.946165191740413,0.6329277286135693,0.243547197640118,1000.0,25.0,219.42579277286137,0.0,382.99992065069466,1000.0,3.0,19.83463495575221,0.0,104.94437655750922,5
16041,16,3,1,2,509,10,0.9331323650315155,0.7503425596053713,0.18278980542614415,1200.0,50.0,59.86064675253494,0.0,121.99557507082912,500.0,5.0,8.30488517402028,0.0,16.439740400124602,3
16043,16,2,1,4,698,13,0.9961240310077519,0.665891472868217,0.2810077519379845,10000.0,41.0,148.94515503875968,0.0,402.54625317197326,10000.0,10.0,49.88300465116279,0.0,325.5663944941863,2
16045,16,1,1,4,436,14,0.9297321036451471,0.5002195871761089,0.1945542380324989,1000.0,25.0,167.88823012736057,0.0,348.2941336240755,500.0,3.0,10.404758893280631,0.0,19.753718730060893,1
16047,16,6,1,4,526,13,0.930525255915422,0.45284443698607146,0.09112267158919282,1000.0,20.0,108.16265312971976,0.0,281.39401677766176,50.0,3.0,7.11060513508978,0.0,13.66039416849976,6
16049,16,6,1,6,678,13,0.9219026850211258,0.623279269456181,0.014311026305029303,1000.0,25.0,25.367111898596157,0.0,22.209632594954858,200.0,4.0,5.205722774976148,0.0,7.3388586205013455,6
16051,16,3,1,6,604,12,0.9444138690148597,0.6378646119977985,0.1495138506696019,10000.0,40.0,112.04210236653824,0.0,346.27282585313174,10000.0,5.0,31.608957989359748,0.0,266.8114374343024,3
16053,16,4,1,6,645,14,0.8888710454472458,0.41223703227878594,0.0872008993094588,1000.0,15.0,83.74193030351694,0.0,244.34636787046182,940.0,3.0,6.7341866067127025,0.0,28.988269712916455,4
16055,16,6,1,39,648,25,0.926961751107375,0.8439328785282421,0.23660642115813638,10000.0,30.0,244.98593552976172,0.0,451.0948002158178,10000.0,5.0,101.61788004785153,0.0,354.16443530240025,6
16057,16,6,1,9,524,14,0.9613942729520619,0.8517986759192789,0.2195900135598628,1000.0,25.0,197.59527797718752,0.0,368.21060719056356,1000.0,4.0,69.8312936109117,0.0,220.29577212956357,6
16059,16,3,1,3,510,7,0.9560878243512974,0.7225548902195609,0.3088109495295124,1000.0,25.0,157.5801357285429,0.0,302.3066856603159,200.0,3.0,29.25792928428857,0.0,61.24694837550353,3
16061,16,6,1,3,393,8,0.9360926442204589,0.68067767531632,0.007720351704911001,100.0,25.0,25.973085996139822,0.0,14.042562410411556,100.0,4.0,5.911190220887841,0.0,7.356811418981468,6
16063,16,6,1,1,509,12,0.8402366863905325,0.3155818540433925,0.09171597633136094,1000.0,20.0,105.91420118343196,0.0,282.69590880602817,50.0,3.0,6.717834319526626,0.0,13.81526808971727,6
16065,16,4,1,11,286,14,0.9315217391304348,0.7817391304347826,0.3219565217391304,10000.0,41.0,245.75630434782607,0.0,591.3615226686383,10000.0,10.0,64.33267782608696,0.0,487.5833373048846,4
16067,16,1,1,5,714,14,0.8443542934415146,0.4068965517241379,0.17308992562542258,1000.0,20.0,164.52325895875592,0.0,339.5953629674885,940.0,2.0,11.453793914807301,0.0,26.18198125384674,1
16069,16,7,1,10,536,21,0.9272454380282803,0.5584959317481634,0.14937988782684256,5000.0,25.0,121.53795718461174,0.0,292.73148048060733,5000.0,4.0,17.853404376333046,0.0,86.22962747295139,7
16071,16,2,1,1,508,8,0.9407191448007775,0.8241010689990281,0.36054421768707484,1000.0,25.0,375.4198250728863,0.0,469.23280886100457,1000.0,5.0,363.21975510204084,0.0,478.27007928220655,2
16073,16,8,1,3,405,14,0.9045471627207816,0.4314167606163097,0.1503194287861706,1000.0,20.0,83.23752273581361,0.0,230.4157375779443,100.0,2.0,6.775708380308155,0.0,12.493216550126444,8
16075,16,3,1,5,397,14,0.9502661343978709,0.7077511643379907,0.281437125748503,1000.0,50.0,298.6953592814371,0.0,435.04560849110624,940.0,5.0,62.44799035262808,0.0,147.91634175530345,3
16077,16,3,1,2,515,14,0.9524987629886195,0.7466600692726373,0.3082632360217714,1000.0,25.0,217.62320633349827,0.0,377.5338682739244,1000.0,4.0,122.31160910440376,0.0,314.09140362359045,3
16079,16,5,1,3,532,8,0.9276870626233626,0.78126682217836,0.3145523057599139,1000.0,30.0,98.68795980620851,0.0,192.53485171409858,1000.0,10.0,46.011310963574374,0.0,194.1427049415836,5
16081,16,1,1,7,217,8,0.9966931216931217,0.6769179894179894,0.2622354497354497,1000.0,25.0,215.80787037037038,0.0,374.92268091320364,100.0,5.0,24.126076719576716,0.0,36.77469230956508,1
16083,16,11,1,17,574,22,0.9236817066453002,0.532525414392308,0.2526415944714307,1000.0,25.0,246.10113175421904,0.0,412.43065777980604,940.0,3.0,21.435521257949823,0.0,85.69260670028697,11
16085,16,2,1,4,804,9,0.936,0.5737931034482758,0.18317241379310345,1000.0,25.0,167.0758620689655,0.0,341.7331387464941,100.0,3.0,9.201137655172415,0.0,16.920863309087103,2
16087,16,4,1,3,544,13,0.9535745422842197,0.6137750653879687,0.1861377506538797,1000.0,25.0,152.93232345248475,0.0,323.4966848842758,1000.0,3.0,29.198731909328686,0.0,120.28211531260062,4
17001,17,8,1,19,629,18,0.515901505132565,0.4567038226588576,0.3418981044146357,1200.0,6.0,362.5327242269664,0.0,496.24170162667826,1000.0,1.0,263.8449695824674,0.0,437.0021516716485,8
17003,17,5,1,4,316,12,0.9840818646958499,0.7652075042637863,0.5508811824900511,10000.0,100.0,144.12905059693009,0.0,356.7475371929556,10000.0,20.0,29.651242751563387,0.0,268.1351507982946,5
17005,17,7,1,4,578,16,0.899333861275446,0.6173196068384031,0.36423347463548705,1000.0,25.0,141.22450626543065,0.0,215.11154083740982,150.0,4.0,11.138264498998463,0.0,16.207062039523287,7
17007,17,7,1,10,357,19,0.7407384308344768,0.4698765124111264,0.25408506922789076,1200.0,18.0,150.05254459274042,0.0,345.3445616242515,50.0,1.0,8.663241861045279,0.0,13.17864797399593,7
17009,17,2,1,2,415,9,0.7015368023726072,0.5316796980318145,0.203289296306282,1000.0,25.0,213.92963062820166,0.0,388.4382737472673,1000.0,3.0,197.47001348072257,0.0,395.9758580388209,2
17011,17,22,1,10,804,21,0.8357192429393152,0.3935751002787809,0.19254702222013104,1200.0,15.0,102.58742780515921,0.0,283.37047364845677,1000.0,2.0,7.800395421876654,0.0,50.90701310800917,22
17013,17,4,1,2,248,6,0.5864737550471063,0.24226110363391656,0.10969044414535666,1000.0,6.0,78.60565275908479,0.0,224.5442355250234,1000.0,1.0,51.47133781965007,0.0,212.66930710768864,4
17015,17,4,1,6,393,12,0.6494246693192817,0.36713625120980753,0.14474674696203893,2000.0,10.0,157.68653188514895,0.0,368.4788630809747,2000.0,1.0,30.864049897838477,0.0,186.9470908271071,4
17017,17,6,1,5,407,9,0.4957847946045371,0.46007050889025136,0.06483752299202943,1000.0,4.0,37.52638749233599,0.0,115.74704485336058,1000.0,1.0,17.186402207234824,0.0,115.0864729500645,6
17019,17,23,1,48,968,30,0.9120496037329896,0.3967844725064229,0.18545114522527756,1200.0,18.0,132.81496961499005,0.0,322.9199178675516,1000.0,2.0,33.71762032808911,0.0,161.40681130654934,23
17021,17,12,1,10,652,19,0.9456354376406491,0.5674997038967192,0.3704844249674286,1000.0,25.0,197.24122364088595,0.0,334.3329966834044,1000.0,5.0,106.46140641951912,0.0,230.45601708967138,12
17023,17,4,1,4,795,15,0.9527775997949638,0.5058627538924841,0.12904465944768373,1000.0,25.0,97.30121099506631,0.0,240.30812819413853,500.0,2.0,6.583980008970334,0.0,15.394610382584789,4
17025,17,8,1,4,499,14,0.9576462765957446,0.526595744680851,0.38430851063829785,3000.0,25.0,350.64168882978726,0.0,451.8273350425006,3000.0,3.0,298.9227345744681,0.0,454.1224880204235,8
17027,17,16,1,9,732,17,0.9339486145212206,0.5015564714135391,0.29224394949140653,1000.0,25.0,145.67486802876184,0.0,300.5193451897263,1000.0,2.0,9.522933356716942,0.0,20.590363091989005,16
17029,17,9,1,13,733,21,0.8990866628982834,0.5949186326718829,0.5016808972718888,1000.0,100.0,182.33421949840834,0.0,259.1220580685731,1000.0,10.0,20.091279326451076,0.0,40.582622039372694,9
17031,17,149,1,1331,527,57,0.9153334271579893,0.7379503915409107,0.4029299846782567,5000.0,25.0,364.4065109389812,0.0,499.6851282119714,5000.0,5.0,64.09258279450542,0.0,216.1965015047005,149
17033,17,7,1,6,431,16,0.9454621149042465,0.38754163197335556,0.11953580349708576,1000.0,18.0,108.39997918401332,0.0,277.48542935727954,1000.0,2.0,33.19960074937552,0.0,164.18364256400832,7
17035,17,8,1,3,650,12,0.9589311796546095,0.4896039178623593,0.25539135664575996,1000.0,18.0,139.46408248131283,0.0,244.87588402963104,1000.0,2.0,13.776220637511814,0.0,73.26629798291712,8
17037,17,19,1,23,656,22,0.7398937559871114,0.485691892362623,0.14701732996603675,1200.0,18.0,158.80172428807802,0.0,350.8908146819301,1000.0,1.0,57.600131812244186,0.0,218.6261870454472,19
17039,17,12,1,5,606,17,0.9142140961368328,0.40179887938661163,0.23217340017693897,10000.0,12.0,97.7714833382483,0.0,271.3546256618797,10000.0,2.0,24.301603302860514,0.0,153.84301709534085,12
17041,17,7,1,5,769,15,0.9434939876820804,0.485433571219083,0.3779450581679539,1000.0,18.0,118.82963886987974,0.0,252.655680664663,200.0,2.0,17.202079968716394,0.0,43.47856732693833,7
17043,17,47,1,219,405,41,0.9238389114848056,0.7506219361535293,0.29320975466663657,10000.0,50.0,287.35445247618026,0.0,479.2175336850903,10000.0,10.0,34.625239246568775,0.0,176.26154582396833,47
17045,17,9,1,5,974,19,0.9637427975971559,0.4421049405418659,0.27001348535000613,1200.0,18.0,93.55988721343631,0.0,234.93709868860782,50.0,2.0,7.888740468309427,0.0,12.171616488688773,9
17047,17,2,1,3,338,8,0.9711538461538461,0.4269230769230769,0.22362637362637364,1000.0,18.0,212.77692307692308,0.0,389.22556576446175,1000.0,2.0,130.52191208791209,0.0,328.9977818030379,2
17049,17,8,1,8,552,21,0.9293549334116202,0.5476260375243535,0.2901331767594545,1000.0,25.0,197.79537943366515,0.0,331.30664877493166,1000.0,3.0,93.40003971282927,0.0,278.3753054975724,8
17051,17,12,1,7,532,17,0.9173161706817824,0.5470398362462604,0.3670484962997953,1000.0,25.0,177.4279769327665,0.0,245.70296376855876,1000.0,3.0,15.800082034325303,0.0,64.89065852746927,12
17053,17,6,1,5,618,18,0.9383867314993672,0.429694264970359,0.31972290681409443,1000.0,20.0,86.5168795044295,0.0,207.76282067605914,1000.0,2.0,10.063106640911212,0.0,32.56568732080449,6
17055,17,11,1,12,786,17,0.9446911395205512,0.5096790505839035,0.15574975111012784,10000.0,25.0,120.69780818887186,0.0,295.7297494968197,10000.0,2.0,10.103062720247785,0.0,70.43122567401669,11
17057,17,11,1,12,541,20,0.5473450434080356,0.41274648361262534,0.30113062790228146,1200.0,8.0,204.1745031294165,0.0,387.92570665151396,1000.0,1.0,120.41584628844471,0.0,318.10950328240466,11
17059,17,4,1,2,528,9,0.9618145715594929,0.4556285321521307,0.3251871085993585,1000.0,18.0,176.82129219489843,0.0,306.68672229611207,1000.0,2.0,56.110942416373916,0.0,148.4138420457883,4
17061,17,7,1,5,598,10,0.6600783026016671,0.3145996463753473,0.08922707754483455,1000.0,12.0,62.00795655468553,0.0,202.29141022527324,1000.0,1.0,7.330193483202829,0.0,36.45068954296445,7
17063,17,20,1,10,878,21,0.9409319715103286,0.5258892578900098,0.13864694947469558,1200.0,25.0,157.23510169810137,0.0,373.1968085108161,1000.0,3.0,9.789737285126469,0.0,49.17086394473872,20
17065,17,8,1,3,613,9,0.9736239328104394,0.31227875338377176,0.19275352259318387,1000.0,10.0,65.52009439855625,0.0,165.70744346248307,1000.0,2.0,6.608161032831262,0.0,15.23293844679652,8
17067,17,10,1,7,698,12,0.5959779598914776,0.3238329650658686,0.19536822084860012,1200.0,6.0,188.6104942242609,0.0,380.54971330402526,1000.0,1.0,116.48870841607697,0.0,314.3206732076031,10
17069,17,1,1,2,189,5,0.9974093264248705,0.9948186528497409,0.9948186528497409,10000.0,500.0,603.6528497409327,0.0,515.5830125305137,10000.0,500.0,444.5,0.0,519.1736753676995,1
17071,17,7,1,3,511,12,0.6446574029707715,0.35946334451365597,0.24916147580258743,1000.0,12.0,206.24523239099184,0.0,384.7814207481351,1000.0,1.0,105.32906027791087,0.0,297.5371646569079,7
17073,17,14,1,14,601,28,0.6945283556568823,0.5251353662011969,0.3994015388999715,1200.0,25.0,149.54126166999146,0.0,317.588287634003,1000.0,3.0,36.25771536050157,0.0,166.2915428296467,14
17075,17,14,1,9,853,21,0.953405912014682,0.43866151132334336,0.2592163640575165,1200.0,20.0,98.65258435935355,0.0,236.62923084800184,200.0,5.0,25.79049858346845,0.0,59.13524454561365,14
17077,17,12,1,17,695,20,0.9509530486771345,0.5435690401713484,0.2026750080897422,10000.0,25.0,144.5780276438048,0.0,292.17100962410575,10000.0,3.0,18.276503813735612,0.0,116.11000045061625,12
17079,17,6,1,3,574,15,0.8941815856777494,0.27263427109974425,0.11668797953964194,1200.0,10.0,105.91393861892583,0.0,282.3106754727157,1000.0,2.0,71.55671278772378,0.0,252.46775138502545,6
17081,17,33,1,11,564,16,0.9565055267012917,0.5737914502596884,0.17377813290717806,2000.0,25.0,102.19305111199893,0.0,252.02661539660068,2000.0,3.0,12.321462511652683,0.0,75.036116537092,33
17083,17,4,1,6,392,14,0.7891122108877892,0.5459044540955459,0.25058074941925057,1000.0,25.0,158.38681183718816,0.0,328.8405091925531,1000.0,3.0,80.0284132915867,0.0,248.3515457161285,4
17085,17,9,1,7,484,17,0.6165606760170746,0.38526875163341756,0.16194790486976218,2000.0,6.0,183.07089398031187,0.0,462.90044780602153,2000.0,1.0,92.86041449603624,0.0,393.6599303332656,9
17087,17,8,1,4,546,13,0.9491672826890464,0.5317215288950733,0.39566030351785014,10000.0,25.0,235.605470278732,0.0,638.7835368907059,10000.0,3.0,90.45864208375005,0.0,472.412531584895,8
17089,17,15,1,104,568,39,0.9571307110574127,0.7859667964380006,0.39395295416237824,1200.0,50.0,388.3981636312107,0.0,500.97308020706777,1000.0,10.0,138.8118623528885,0.0,328.17417803824793,15
17091,17,18,1,30,476,20,0.9480845480217931,0.7513763299768947,0.27680634395413184,1200.0,25.0,247.50803605556666,0.0,439.8398678662364,1000.0,5.0,21.91710300367972,0.0,99.12122676313291,18
17093,17,13,1,21,478,25,0.9534606611513975,0.775099581248085,0.40527014605249717,3000.0,50.0,345.7947899091002,0.0,485.1521715945928,3000.0,10.0,153.1233542368842,0.0,346.7655467697677,13
17095,17,10,1,16,659,23,0.6413749358141783,0.5367747002144562,0.3640317757573927,1200.0,25.0,230.89222822967952,0.0,402.202366152514,1000.0,3.0,137.8794390310206,0.0,336.55511397323596,10
17097,17,50,1,159,471,32,0.9596520796966231,0.7837597062541384,0.26373322097152835,1200.0,60.0,259.7666039366761,0.0,451.1121498210112,1000.0,10.0,21.914715343405767,0.0,98.32326209857278,50
17099,17,35,1,28,916,37,0.7060310863402681,0.3786695815115553,0.1153125450439629,1200.0,10.0,109.11146619901024,0.0,299.8234731844305,1000.0,2.0,11.962510065824246,0.0,78.13175015173171,35
17101,17,3,1,5,452,13,0.9555045871559633,0.4262385321100917,0.2326605504587156,1000.0,18.0,122.94403669724771,0.0,285.9800956179933,1000.0,2.0,8.643277798165139,0.0,17.43379967112764,3
17103,17,21,1,9,577,18,0.6685996395266829,0.4302758404513753,0.057362275683723846,1200.0,12.0,66.35624167385001,0.0,234.05037214673231,100.0,1.0,4.283190423947966,0.0,7.4787642064409665,21
17105,17,22,1,10,917,24,0.8482192571817451,0.36600606298075933,0.1137427563877833,1000.0,12.0,75.65907529232229,0.0,225.531177618181,1000.0,2.0,7.113516157637499,0.0,39.953953584745804,22
17107,17,15,1,8,646,20,0.8388995626047501,0.39841120603905217,0.17806483260434125,8000.0,18.0,118.73451062148278,0.0,305.1730555708897,3000.0,2.0,19.335574759160092,0.0,55.57550129611927,15
17109,17,9,1,11,647,19,0.5551512918528071,0.43743379542209737,0.304195643163082,1200.0,9.0,313.9757288260489,0.0,473.1425712147454,1000.0,1.0,222.11446525123196,0.0,411.48805849463287,9
17111,17,22,1,64,397,29,0.9678777361025583,0.7662206796170856,0.25008117337513297,1200.0,50.0,238.9456610871634,0.0,431.5259107838657,1000.0,10.0,22.087900710966803,0.0,102.70230032467647,22
17113,17,12,1,47,1004,33,0.8555208662199928,0.4032927585037593,0.24088820289753393,1200.0,18.0,148.00980044667392,0.0,335.73091416268755,1000.0,2.0,47.06425261631646,0.0,195.2044075490813,12
17115,17,12,1,37,633,25,0.9450144224465714,0.5464632227612429,0.30519863642323325,1200.0,25.0,161.1934033040514,0.0,334.5981587301886,1000.0,3.0,40.121072571128884,0.0,76.28400085445452,12
17117,17,12,1,13,629,21,0.6860064364458037,0.28865861730536596,0.16180129185401593,5000.0,12.0,60.89835418711342,0.0,190.60260651125157,5000.0,1.0,6.241726793417479,0.0,50.66183886052316,12
17119,17,18,1,63,906,35,0.8119678228914583,0.6362933584296854,0.27276597651698486,1000.0,25.0,172.69378600878372,0.0,338.5943387755844,1000.0,4.0,36.219571883122704,0.0,154.37643519063639,18
17121,17,15,1,12,568,21,0.9298435223908651,0.6283382673119997,0.4363986654762464,10000.0,25.0,249.6919580220228,0.0,363.9033491957722,10000.0,4.0,98.69927227730525,0.0,295.8810388577475,15
17123,17,9,1,5,438,20,0.7716630949011363,0.4586146941086086,0.17116169989082528,1000.0,18.0,92.0856819376491,0.0,244.73399986319893,50.0,2.0,6.042853261089321,0.0,12.20041960458907,9
17125,17,5,1,6,498,16,0.5549845837615622,0.3924133420536298,0.10305521816313183,1000.0,6.0,96.6026814911707,0.0,264.3464789580004,1000.0,1.0,70.38090983836308,0.0,249.93923024997667,5
17127,17,5,1,4,411,14,0.9635105379050015,0.5481807696340568,0.2587815875013107,10000.0,25.0,531.0521128237391,0.0,1531.425801683953,10000.0,2.0,229.37334759358288,0.0,1025.82819491304,5
17129,17,9,1,3,517,14,0.695488493533305,0.4491468820207663,0.0991559900418969,1000.0,18.0,88.06392130669742,0.0,248.82153591110728,1000.0,2.0,52.58810419576174,0.0,213.80066754685686,9
17131,17,4,1,4,609,19,0.6524964574476952,0.38651329499041426,0.31191131116112364,1000.0,15.0,100.45222172209719,0.0,235.31526151427133,1000.0,1.0,13.544757522714013,0.0,37.772615287765404,4
17133,17,5,1,7,453,13,0.9877315973960942,0.6347020530796195,0.24536805207811718,1000.0,25.0,166.0065932231681,0.0,332.40325296846805,1000.0,4.0,71.97767517943582,0.0,242.84845260718586,5
17135,17,14,1,8,788,20,0.7744949358175811,0.4236852082543465,0.3031739153983643,1000.0,15.0,189.24196002816444,0.0,352.5091118410597,1000.0,2.0,79.2220304392569,0.0,242.09466761242706,14
17137,17,12,1,10,461,19,0.6370225336630942,0.36878263259137123,0.07567326188513328,1000.0,9.0,73.67384583676834,0.0,231.0139517856565,1000.0,1.0,32.21441797197032,0.0,161.76967382509503,12
17139,17,7,1,4,467,14,0.9752482170325829,0.5580571481844031,0.5209527804969002,1000.0,100.0,167.59437579825664,0.0,248.88671068070042,1000.0,20.0,84.21396392112992,0.0,144.04960034779384,7
17141,17,14,1,13,671,20,0.7186282873993842,0.492210393560592,0.09801921436255054,1200.0,18.0,107.91632664416336,0.0,304.5052289527865,100.0,1.5,6.396734300233688,0.0,10.66211529136025,14
17143,17,20,1,49,585,35,0.6060428505096513,0.45311429013642296,0.24488690384062617,1200.0,18.0,203.24899807637033,0.0,406.06440157624365,1000.0,1.0,55.185492161761786,0.0,212.57261470618008,20
17145,17,9,1,6,564,14,0.9719791340041618,0.5321969157093583,0.1069809868589835,1000.0,25.0,96.80417012057809,0.0,251.52423920924355,1000.0,2.0,8.67597274878139,0.0,37.49061324852168,9
17147,17,6,1,4,602,17,0.9546166605234058,0.4780685587910063,0.29091411721341687,1000.0,18.0,142.36785845927017,0.0,291.11072581496666,1000.0,2.0,55.53549539255437,0.0,180.9969840100672,6
17149,17,6,1,5,726,10,0.617615077926785,0.3514731010200383,0.12934292963288976,1000.0,6.0,96.62046290063688,0.0,253.80346559971875,1000.0,1.0,72.34353606379123,0.0,251.09336420037383,6
17151,17,1,1,2,183,11,0.96375,0.63125,0.4925,10000.0,90.0,330.325,0.0,768.5750313720587,10000.0,5.0,225.42692,0.0,495.38712335663115,1
17153,17,4,1,2,588,11,0.9710249042145593,0.5495689655172413,0.33836206896551724,10000.0,25.0,222.8541111111111,0.0,1011.5357114570999,10000.0,3.0,110.77227394636016,0.0,986.0877529817768,4
17155,17,4,1,2,340,12,0.7335531480609201,0.3104097974564296,0.09012403831056681,1000.0,10.0,62.91913958235202,0.0,207.4336211549137,50.0,2.0,4.241990893389858,0.0,10.347689925753505,4
17157,17,8,1,10,494,15,0.9705781226975785,0.4734024264453067,0.17751363033547818,1000.0,18.0,125.725471977995,0.0,284.76305735452803,1000.0,2.0,23.715175794488925,0.0,110.17737535740146,8
17159,17,4,1,5,426,11,0.908287795992714,0.367304189435337,0.20072859744990892,1000.0,18.0,167.05336976320584,0.0,349.1698278733238,1000.0,2.0,91.72367504553735,0.0,276.18772356270955,4
17161,17,13,1,43,467,30,0.6013685821149269,0.44515045902754163,0.26285702142128525,1000.0,12.0,162.1495334920095,0.0,342.8655647607313,1000.0,1.5,26.25826666099966,0.0,129.52545662608134,13
17163,17,32,1,68,792,27,0.9380452073070608,0.6152504105090312,0.24157173645320196,1000.0,25.0,172.35395484400658,0.0,340.16843606699337,1000.0,4.0,29.03279271859606,0.0,135.5743838773022,32
17165,17,5,1,9,493,15,0.9637022666938942,0.46564222993669596,0.3481212987543394,1000.0,18.0,193.28410251174188,0.0,298.9378826096436,1000.0,2.0,29.050101694915252,0.0,93.06772156518956,5
17167,17,18,1,54,699,36,0.830605536131213,0.4735680516674604,0.1932883411353367,1200.0,18.0,178.16953692109328,0.0,382.6577498212774,1000.0,2.0,39.58238999175272,0.0,166.85000893979637,18
17169,17,4,1,3,422,8,0.5800409255469857,0.4043758854084684,0.1747206044388478,1000.0,6.0,184.29450653234693,0.0,371.1235362419791,1000.0,1.0,172.35207807335118,0.0,376.0615725385472,4
17171,17,4,1,2,408,10,0.6105995113700432,0.34993422289043413,0.1371922570945311,1000.0,6.0,110.01014846833301,0.0,286.967039661137,1000.0,1.0,89.65549783875211,0.0,277.8751366082602,4
17173,17,12,1,6,774,17,0.9683347579454503,0.4949491024943663,0.40475172896106926,1000.0,20.0,159.52427585670992,0.0,241.34236732352534,1000.0,2.0,36.851614888491724,0.0,78.5816936269482,12
17175,17,5,1,2,409,12,0.755466105571311,0.43683103101271614,0.36455950965145,1000.0,12.0,174.57744030738266,0.0,343.1804290454966,1000.0,2.0,91.29830976122953,0.0,277.68606798714217,5
17177,17,11,1,13,483,21,0.7138853817017214,0.478766975641302,0.11788254857881933,1200.0,18.0,97.58522464816924,0.0,271.89303141921636,100.0,1.0,11.158784959812767,0.0,18.403358974386652,11
17179,17,23,1,30,643,28,0.6179691758759106,0.44417463699886023,0.20390504980425195,1200.0,15.0,204.89407752614105,0.0,413.2007839873873,1000.0,1.0,55.8038226473066,0.0,214.46855912895015,23
17181,17,11,1,5,490,18,0.9334700764217422,0.49958646243424754,0.16617593542197373,10000.0,20.0,99.80752307539616,0.0,337.7423774473122,10000.0,2.0,26.831985443477684,0.0,270.4949038034594,11
17183,17,15,1,24,842,24,0.9568896110549968,0.4807137733667091,0.2979813505482119,1200.0,20.0,151.927130238754,0.0,337.7146100970111,1000.0,2.0,12.760680748905772,0.0,57.46539895495,15
17185,17,4,1,4,444,12,0.8355578727841502,0.3545359749739312,0.21470281543274244,1000.0,12.0,141.21637122002085,0.0,317.67808769766464,1000.0,2.0,81.65918519290928,0.0,262.89949885922186,4
17187,17,6,1,5,662,19,0.6430608907313734,0.41007112159129805,0.28760506598714486,1200.0,15.0,128.893032366029,0.0,305.4004919734472,1000.0,1.0,52.0322142014985,0.0,210.8379022143753,6
17189,17,14,1,4,579,13,0.9600681302043906,0.4799867524602574,0.151778955336866,1000.0,18.0,70.92386638909917,0.0,190.51644476913418,1000.0,2.0,11.282891370174111,0.0,49.774296226514885,14
17191,17,12,1,5,651,11,0.9787888891738695,0.544230423965734,0.26935802405806764,1000.0,25.0,259.20441663033165,0.0,418.78975727467287,1000.0,3.0,198.80482484803406,0.0,393.48065702049064,12
17193,17,6,1,5,629,13,0.9487669329628343,0.32383929605186984,0.15335185828412642,1000.0,12.0,106.2127474817645,0.0,270.5621033012156,1000.0,2.0,9.715873567210837,0.0,51.305290349141984,6
17195,17,12,1,19,407,25,0.6634488389405182,0.49196743750450256,0.2608841822154984,1200.0,18.0,144.0394205989002,0.0,337.9846000354944,1000.0,1.0,8.648371923252407,0.0,23.96847792711574,12
17197,17,38,1,172,583,30,0.9506977239640664,0.7662802258282143,0.3128129105564038,1200.0,25.0,314.7429778787771,0.0,489.33248018306546,1000.0,5.0,45.65657682065121,0.0,177.65355178121933,38
17199,17,13,1,18,609,21,0.9514007468147787,0.49372337830484303,0.30307920364775864,10000.0,18.0,191.89163680033025,0.0,377.01439643966756,10000.0,2.0,20.605487399846133,0.0,219.15068852927718,13
17201,17,14,1,80,557,31,0.6337878988481398,0.4341080606140847,0.1661230335929131,7000.0,15.0,180.27578806735434,0.0,393.6716313019626,3000.0,1.0,7.937863967357943,0.0,23.299671279062363,14
17203,17,12,1,9,687,17,0.7578139799204395,0.5454631559007388,0.1581502178442887,1200.0,25.0,138.49915097556357,0.0,318.31878325503317,1000.0,3.0,30.394879854139045,0.0,150.59101366426415,12
18001,18,3,1,7,352,17,0.9541373926619828,0.6504683840749415,0.39363778298204527,1200.0,25.0,225.98719672131148,0.0,388.06229283448687,1000.0,3.0,32.25059231069477,0.0,72.63931722000684,3
18003,18,4,1,96,394,29,0.9086468528328994,0.4571608153003502,0.29419053605100115,2000.0,12.0,240.30188560653676,0.0,445.41855953429655,2000.0,3.0,100.18738629792583,0.0,304.8576203312928,4
18005,18,2,1,16,386,27,0.936289756195445,0.7265977726497441,0.41908297381358484,3000.0,25.0,317.3220788602388,0.0,491.2971977433959,3000.0,5.0,43.225539078960566,0.0,145.73912232399297,2
18007,18,3,1,3,480,13,0.9715102732471934,0.5450116500741369,0.38699428087269644,1200.0,25.0,249.11591357763183,0.0,390.5591441143656,1000.0,4.0,227.46090171573817,0.0,382.9883283838552,3
18009,18,1,1,4,337,18,0.9855529724344072,0.6140817004317503,0.3429093324476918,1200.0,25.0,270.03103553636663,0.0,435.1889253378432,1000.0,5.0,162.53136964463636,0.0,358.2930193394655,1
18011,18,4,1,11,468,27,0.931663868000292,0.7634518507702417,0.2505658173322625,1200.0,25.0,239.28619172081477,0.0,413.9084983642918,1000.0,5.0,95.47355055851646,0.0,270.16944066092054,4
18013,18,1,1,5,228,16,0.9514124293785311,0.8,0.6790960451977401,1200.0,1000.0,684.9622282485876,0.0,463.237059961198,1000.0,1000.0,560.5106700564972,0.0,489.85579183801804,1
18015,18,4,1,7,347,17,0.9352541630148992,0.47370727432077125,0.14877300613496933,1200.0,18.0,117.57168229623139,0.0,293.63004696941874,1000.0,3.0,11.21283523225241,0.0,58.44205670971853,4
18017,18,4,1,11,536,17,0.9593553618487736,0.5699371579160755,0.17448814109061422,1200.0,25.0,197.39428339752686,0.0,402.7546969638837,1000.0,3.0,78.01573028583012,0.0,254.37225234906836,4
18019,18,4,1,27,315,21,0.8977445034116756,0.6849886277482942,0.4726118271417741,1000.0,50.0,424.89104586808185,0.0,474.2916079799788,1000.0,10.0,106.40794655041698,0.0,284.7594084046206,4
18021,18,2,1,6,484,13,0.9671859039836568,0.5413687436159347,0.20786516853932585,1200.0,25.0,170.31354954034728,0.0,329.69732926413434,1024.0,2.0,55.43740449438202,0.0,182.63613133567486,2
18023,18,4,1,8,429,19,0.9449472722743503,0.6294112762600681,0.22569127293863656,1200.0,25.0,169.47460632732708,0.0,363.82878398147585,1000.0,3.0,64.51859852196296,0.0,230.05140102537024,4
18025,18,1,1,3,388,7,0.9618614415675297,0.2932120363890833,0.08537438768369489,1000.0,15.0,30.1240377886634,0.0,76.34011748869851,1000.0,2.0,7.710639608117566,0.0,69.72219096642645,1
18027,18,3,1,8,519,21,0.9683938370620515,0.5545061207260448,0.245040101308569,1000.0,25.0,159.4178716758126,0.0,324.9609486819279,1000.0,3.0,78.06698923596454,0.0,249.4980903373666,3
18029,18,3,1,13,250,14,0.9215463331438317,0.7319499715747584,0.4127345082433201,1200.0,40.0,460.33933143831723,0.0,535.6470323188229,1000.0,4.0,158.88422683342807,0.0,328.84627166991515,3
18031,18,2,1,6,386,17,0.9032091631410587,0.5514394799298318,0.32948096171705704,1200.0,25.0,179.93695181095862,0.0,363.7843833969004,1000.0,3.0,47.68878836033433,0.0,136.63667926100914,2
18033,18,4,1,9,377,22,0.936760426770126,0.6674749434206272,0.36146136437116066,1000.0,25.0,140.22918357581636,0.0,290.504629323378,1000.0,4.0,45.646368250889104,0.0,180.97593877449634,4
18035,18,7,1,34,388,28,0.9616002570694088,0.8152313624678663,0.23746786632390746,1200.0,25.0,229.83709168808912,0.0,429.52645392231074,1000.0,5.0,34.240638603256215,0.0,145.58682731308184,7
18037,18,4,1,9,494,17,0.8911723753829017,0.3294903926482874,0.2505708716235032,1000.0,12.0,197.37092731829574,0.0,378.42229714912105,1000.0,2.0,55.46101353383459,0.0,192.8531703448385,4
18039,18,7,1,45,317,23,0.9130728814441034,0.5054882172397649,0.22915257764136712,1200.0,25.0,149.7865675492899,0.0,355.269572050767,1000.0,2.0,11.759557353170681,0.0,58.613394374802176,7
18041,18,1,1,7,315,12,0.958113340373108,0.6429074269623372,0.24656810982048574,1200.0,25.0,265.31362196409714,0.0,448.12413472239297,1000.0,3.0,116.87861879619852,0.0,307.90292043211923,1
18043,18,1,1,20,200,19,0.9160094637223974,0.7131309148264984,0.5183359621451105,1000.0,100.0,475.9513974763407,0.0,485.69001512882164,1000.0,20.0,223.75786119873817,0.0,402.86390333961805,1
18045,18,3,1,5,433,16,0.9321254732287723,0.7025419145484045,0.2652785289345592,1200.0,50.0,181.07437966468362,0.0,346.38114866110266,1000.0,10.0,36.65192752839373,0.0,121.35075993012268,3
18047,18,3,1,5,314,14,0.8992401717872481,0.43128510075982823,0.1311529567228279,1000.0,18.0,105.59341526263627,0.0,266.71213468821105,500.0,1.0,45.84934919061778,0.0,136.13891123367205,3
18049,18,5,1,6,358,12,0.9690847585040406,0.7619808306709265,0.2440330764893817,1200.0,50.0,276.15967900770534,0.0,429.96993971353373,1000.0,5.0,48.27184720917121,0.0,78.44336213434691,5
18051,18,3,1,8,630,18,0.8936775626344645,0.5578457908251787,0.27038656395308486,1000.0,25.0,202.4443056423069,0.0,373.13520733215506,1000.0,3.0,24.234468179609966,0.0,64.10455518334196,3
18053,18,5,1,16,610,27,0.9286076704969407,0.5125802119086703,0.13627816743769586,1200.0,25.0,148.39680537233247,0.0,333.5547081286558,1000.0,3.0,31.809183763617373,0.0,153.21936137015928,5
18055,18,5,1,9,489,16,0.9762695105586553,0.7080302281234551,0.1758598771099654,1200.0,25.0,162.90138738611483,0.0,354.2364323838889,1000.0,3.0,9.241385973585706,0.0,19.78643488960206,5
18057,18,6,1,57,382,36,0.9508056222146041,0.7866815221117587,0.3090503942406582,1200.0,50.0,314.24526751228433,0.0,459.4099067387276,1024.0,10.0,144.22392663695578,0.0,337.8212438517754,6
18059,18,4,1,15,404,18,0.9680575539568346,0.7747721822541966,0.4294484412470024,1200.0,50.0,415.4801972182254,0.0,506.5098586127559,1000.0,10.0,206.76069026378897,0.0,391.0780983507504,4
18061,18,4,1,9,268,16,0.9410333642261353,0.56209453197405,0.29865616311399446,1200.0,25.0,285.0848007414273,0.0,432.27675304219093,1000.0,3.0,190.75944972196478,0.0,386.3074649247319,4
18063,18,6,1,31,416,30,0.9558707198553509,0.7958526387162391,0.3617922929144536,1200.0,50.0,333.5711404678495,0.0,459.21253563185553,1024.0,10.0,85.65892982257883,0.0,252.90067195468046,6
18065,18,7,1,13,395,19,0.9391788507310439,0.7369092145528732,0.40755695341720505,1200.0,26.0,317.73193624617477,0.0,471.29180528026876,1000.0,10.0,126.64824319959197,0.0,318.0797700007538,7
18067,18,5,1,21,419,23,0.94308151214464,0.7110854081694771,0.36506970231935226,1200.0,50.0,356.2588711268034,0.0,501.996701746625,1000.0,10.0,117.3943334753759,0.0,305.220849838523,5
18069,18,1,1,9,479,21,0.9639659474533979,0.4865697930427125,0.1499339498018494,1200.0,20.0,159.47999001908119,0.0,358.8346666664739,1000.0,3.0,86.54037311023045,0.0,270.7412092259586,1
18071,18,4,1,11,500,20,0.9618964332562934,0.6094696733087638,0.2690361671559748,1200.0,25.0,275.9902554812918,0.0,447.0299910574109,1000.0,4.0,179.14065138359672,0.0,377.544935732339,4
18073,18,4,1,8,455,16,0.9427117316977685,0.2974031058332246,0.128735482187133,1200.0,10.0,80.84963695680544,0.0,238.3099502490304,1000.0,3.0,24.826884379485843,0.0,103.95544298394441,4
18075,18,1,1,7,427,16,0.9264488368965981,0.6108645959392228,0.327148043565954,1200.0,50.0,195.5934269194568,0.0,379.26792833945484,1000.0,10.0,30.53101815248084,0.0,97.07796702094747,1
18077,18,2,1,7,390,15,0.9025365487942022,0.492190428589279,0.28739222791453206,1000.0,18.0,270.40016243908536,0.0,426.51317480431067,1000.0,2.0,152.62873922279147,0.0,352.56272284185536,2
18079,18,1,1,6,372,14,0.8627724986025712,0.5217998882057016,0.31889323644494133,1200.0,25.0,346.93341755170485,0.0,497.19598604804224,1000.0,2.0,179.456222470654,0.0,376.24997259563065,1
18081,18,6,1,28,347,30,0.9412365121026538,0.8027121609798775,0.49786137843880623,1200.0,75.0,366.77895421405657,0.0,478.44077803627516,1000.0,20.0,191.5770428696413,0.0,365.2468671017016,6
18083,18,3,1,11,564,20,0.9447562776957164,0.5707533234859675,0.3559822747415066,1000.0,25.0,178.41904418653726,0.0,340.99928271780055,1000.0,3.0,57.84783236969825,0.0,210.76704518710298,3
18085,18,6,1,21,419,23,0.9521310145972247,0.6324562984321499,0.22377905928996217,1200.0,40.0,157.17476806631825,0.0,335.3233419920966,1000.0,5.0,40.41440935303658,0.0,163.78580199558036,6
18087,18,3,1,9,355,17,0.9413457281983179,0.4537405931828243,0.1578131916777335,1200.0,10.0,74.30569927696621,0.0,205.49043051447447,1000.0,2.0,13.892301460823372,0.0,80.73209124211931,3
18089,18,16,1,131,508,30,0.9304982644023473,0.6900674003393366,0.25459583145245396,1200.0,25.0,276.0255922045982,0.0,465.26097946765634,1000.0,4.0,46.32666008748035,0.0,161.04903532413775,16
18091,18,7,1,31,558,24,0.8962696206991037,0.3780874466669276,0.18307433358124242,1200.0,18.0,215.753614122989,0.0,437.4137530350539,1000.0,2.0,17.502289035894627,0.0,95.8017826337957,7
18093,18,2,1,13,258,17,0.9688916357643181,0.49052327976926247,0.2376390605686032,1200.0,18.0,238.2287330037083,0.0,429.3917304322317,1000.0,3.0,77.74411495673671,0.0,252.86318320189594,2
18095,18,6,1,39,462,23,0.971624439026114,0.7661401462949221,0.17389307042651683,1200.0,25.0,191.36332972896568,0.0,394.00782306100376,1000.0,4.0,28.0201054454221,0.0,128.57689035657754,6
18097,18,11,1,253,387,39,0.9068918447033427,0.766970360729289,0.3598192649968784,1200.0,50.0,326.7253316402654,0.0,461.4206947477232,1000.0,10.0,105.46079845084282,0.0,286.49619901648737,11
18099,18,7,1,12,377,16,0.9060890886800164,0.5346138128320392,0.19705762157744178,1200.0,25.0,186.61141642827954,0.0,368.9863151011893,200.0,3.0,24.711809726195344,0.0,49.00363413983688,7
18101,18,2,1,3,519,13,0.9699944434154473,0.41544730505649197,0.16521578070012966,1000.0,18.0,168.96314132246712,0.0,350.9867716967398,1000.0,3.0,94.69412409705501,0.0,281.8460886338493,2
18103,18,4,1,10,433,18,0.9632623071271125,0.5551590217277212,0.17109268395087646,1200.0,25.0,203.5208749868794,0.0,412.0386627866803,1000.0,4.0,61.18046163535216,0.0,219.25112812417515,4
18105,18,2,1,33,287,19,0.9255431343598397,0.6415313225058005,0.3614216410040076,1200.0,25.0,367.75228095338537,0.0,511.79026461217114,1000.0,4.0,130.12909006538703,0.0,321.44143613826844,2
18107,18,3,1,9,391,18,0.965532414197712,0.7645203872103256,0.47638603696098564,1200.0,50.0,307.50907216192434,0.0,433.23719006075385,1000.0,20.0,181.36154517453798,0.0,333.09420905150427,3
18109,18,5,1,17,332,21,0.9713467048710601,0.7793696275071633,0.47122731614135627,1200.0,50.0,418.17833954154725,0.0,498.9229171539489,1024.0,10.0,230.98251623686724,0.0,407.4521809582967,5
18111,18,2,1,4,413,14,0.9677576150356448,0.4429682436811406,0.15473104342190538,1000.0,15.0,90.79056059624108,0.0,232.03455582576115,1000.0,3.0,25.45456772521063,0.0,84.06206076088002,2
18113,18,5,1,10,333,20,0.93053148469093,0.46745619102638164,0.22978047371461582,1000.0,18.0,112.37971211245907,0.0,271.75225109110585,1000.0,2.0,34.73127440785673,0.0,154.27756668675812,5
18115,18,1,1,2,163,9,0.7209612817089452,0.6608811748998665,0.3391188251001335,1200.0,30.0,379.31108144192257,0.0,505.27883049674705,1000.0,3.0,143.62115086782376,0.0,301.3816694544118,1
18117,18,3,1,6,345,12,0.9687774294670847,0.5880877742946709,0.3663949843260188,1000.0,25.0,364.7328902821316,0.0,467.71491090029014,1000.0,3.0,281.82640501567397,0.0,443.6177408889971,3
18119,18,2,1,6,289,15,0.9729586426299046,0.8080593849416755,0.5100742311770944,1200.0,300.0,551.8858515376459,0.0,532.2120727109485,1024.0,35.0,333.457051961824,0.0,468.15045522517846,2
18121,18,3,1,5,393,13,0.9617629301670356,0.7023545985107668,0.415174079291608,1200.0,25.0,310.8757810424633,0.0,400.32304188715113,1024.0,4.0,102.20114308714027,0.0,212.0646548994374,3
18123,18,3,1,5,338,15,0.891774193548387,0.4375806451612903,0.36451612903225805,1200.0,16.5,395.63210903225803,0.0,510.06526841671143,1000.0,3.0,77.50780225806452,0.0,221.3150796034984,3
18125,18,1,1,4,516,13,0.8783011583011583,0.3633976833976834,0.25776061776061776,1000.0,18.0,131.91057915057914,0.0,299.6325504869185,250.0,2.0,16.555626563706564,0.0,47.01682651081561,1
18127,18,8,1,42,401,21,0.950367168376647,0.5499192750377585,0.16530389042237384,1200.0,25.0,209.54551492109786,0.0,423.2789740230939,1000.0,3.0,26.467618561533254,0.0,98.96660263705303,8
18129,18,2,1,7,443,14,0.9399347863394543,0.7115153595332074,0.44310966191865453,1000.0,25.0,285.1175294319547,0.0,421.5617993773612,1000.0,4.0,29.48058657971512,0.0,101.9035360093569,2
18131,18,4,1,4,537,16,0.947433044279027,0.38937917274192313,0.20313099531885503,1000.0,10.0,103.89290921648377,0.0,236.83811025364926,1000.0,3.0,69.57471890108204,0.0,190.62576441274487,4
18133,18,4,1,9,356,14,0.9591806660772177,0.6214264662540525,0.4295608605953434,1200.0,25.0,381.9825375773652,0.0,488.52035001359667,1024.0,3.0,276.9953020925435,0.0,444.78192250289015,4
18135,18,5,1,8,434,15,0.9463529195063548,0.7413427887272057,0.17401915638239088,1200.0,25.0,118.35430871247007,0.0,294.0720679771579,35.0,7.0,9.272724442807146,0.0,9.499929781683756,5
18137,18,5,1,7,372,13,0.8625669316891125,0.5081129320136297,0.27981502515008927,1200.0,25.0,244.22310563037482,0.0,424.6260127054007,1000.0,2.0,105.53601849748499,0.0,245.8837219426849,5
18139,18,2,1,5,418,16,0.9361843195756672,0.4763799104922924,0.14453837228576163,1200.0,18.0,116.50903364826786,0.0,313.1917163441839,1000.0,3.0,22.47049162937179,0.0,127.99586737196385,2
18141,18,6,1,82,354,30,0.9122095282505635,0.6470195072666511,0.29284215434833294,1200.0,25.0,235.89540393254063,0.0,428.4422668766081,1000.0,3.0,70.94862556928578,0.0,235.47552998159105,6
18143,18,2,1,5,295,16,0.9335310537334264,0.6090369853454292,0.2984996510816469,1000.0,25.0,295.4888346127006,0.0,440.48469367421325,1000.0,5.0,149.71089741800418,0.0,347.62115892794696,2
18145,18,5,1,10,388,23,0.9486428740998655,0.5612882804463084,0.34905436416871094,1200.0,25.0,161.98256073435152,0.0,349.7539639246624,1000.0,3.0,51.83811632507715,0.0,162.7258642636523,5
18147,18,2,1,6,403,15,0.8781915758659945,0.4000650512278419,0.2205236623841275,1000.0,10.0,226.33135599284435,0.0,405.9927321670772,250.0,2.0,34.303581395348836,0.0,74.60057383987422,2
18149,18,4,1,7,348,10,0.9440238302097554,0.4816929378180464,0.10785652227876381,1000.0,20.0,128.4894273302718,0.0,300.33009696948784,200.0,2.0,12.651361300732281,0.0,17.387889577431697,4
18151,18,5,1,9,305,23,0.9183817808897377,0.5212532710941368,0.23523587240964708,1000.0,25.0,93.05605064007355,0.0,231.660904668675,1000.0,3.0,10.30776448122215,0.0,14.537907971501088,5
18153,18,2,1,8,495,13,0.9589005235602094,0.5709424083769633,0.22033158813263526,1200.0,25.0,132.15086038394415,0.0,281.57481314630445,1000.0,3.0,33.4430335078534,0.0,111.02688149054045,2
18155,18,1,1,3,256,9,0.5481727574750831,0.3704318936877076,0.1569767441860465,1000.0,10.0,151.13935215946844,0.0,338.9961234369633,1000.0,1.0,50.82595847176079,0.0,206.21435544854515,1
18157,18,4,1,43,540,29,0.955368655491736,0.5359277927558317,0.27063064119095065,10000.0,25.0,258.73467600515767,0.0,455.9721268005548,10000.0,3.0,124.89299396319305,0.0,332.63339364595237,4
18159,18,2,1,5,376,18,0.9675630252100841,0.8628571428571429,0.1665546218487395,1200.0,50.0,177.87920941176472,0.0,365.70735449165267,1024.0,10.0,47.382373109243694,0.0,166.56145120292157,2
18161,18,1,1,2,300,13,0.9483925549915397,0.55668358714044,0.06218274111675127,1000.0,25.0,57.72123519458545,0.0,159.16087791546212,50.0,3.0,7.595194585448393,0.0,9.030260286429444,1
18163,18,1,1,59,293,22,0.9012669531729642,0.644918234079366,0.48267008985879334,1000.0,25.0,474.4304787631858,0.0,489.3305528058994,1000.0,5.0,106.25275983702629,0.0,265.77600141895454,1
18165,18,2,1,5,561,11,0.9632059326868226,0.7618368511123788,0.42156303479749,1200.0,30.0,335.223520821449,0.0,429.79693742963053,500.0,10.0,65.60374101540216,0.0,143.05710349503983,2
18167,18,1,1,32,493,20,0.9556097769787252,0.5084970677625101,0.3216043833739994,1200.0,25.0,282.1172894995933,0.0,410.83950568015723,1000.0,2.0,52.462011386498865,0.0,137.13523188419853,1
18169,18,3,1,8,472,21,0.9749198016914552,0.4863225430154564,0.16535433070866143,1200.0,20.0,186.0466130067075,0.0,384.8137301149448,1000.0,3.0,89.83371618547682,0.0,276.03106043532557,3
18171,18,3,1,3,486,11,0.9551413355182302,0.6573125768127817,0.18639901679639492,1200.0,25.0,71.17257763211798,0.0,192.9270651023684,200.0,4.0,12.895645227365835,0.0,31.50108778612877,3
18173,18,1,1,16,307,15,0.9428646311099462,0.7389595072729656,0.5194600969728738,1000.0,115.0,507.9032383698074,0.0,488.91243605209536,1000.0,10.0,246.80565744987553,0.0,409.06226760349335,1
18175,18,3,1,7,319,15,0.9466746554823248,0.6057519472738166,0.3189035350509287,1200.0,25.0,319.3745131815458,0.0,451.7070607221307,1000.0,4.0,245.81171360095865,0.0,425.78086305872455,3
18177,18,5,1,18,542,22,0.8574084328771457,0.5583814571631991,0.12641404952139862,1200.0,25.0,124.84562139071276,0.0,317.9255448204439,1000.0,3.0,10.358868760382881,0.0,44.76820521155914,5
18179,18,3,1,7,365,24,0.9693841224635101,0.5704877180491278,0.2603239587041652,1200.0,25.0,225.41693129227485,0.0,397.25500671629186,1000.0,4.0,41.202420968316126,0.0,156.39398171537965,3
18181,18,5,1,9,503,20,0.927580225498699,0.45663486556808325,0.2356895056374675,1200.0,15.0,223.42151040763227,0.0,422.7040514801162,1000.0,3.0,87.12297506504771,0.0,254.29416643021685,5
18183,18,3,1,8,344,17,0.9388375760306376,0.5678080648794773,0.28046857400315384,1200.0,25.0,110.37319981977923,0.0,259.2276302305718,1000.0,3.0,10.86305384095517,0.0,31.551025363787996,3
19001,19,5,1,3,688,17,0.6603864734299517,0.5993236714975846,0.362512077294686,1000.0,25.0,96.53202898550725,0.0,193.34413315318145,1000.0,5.0,31.094054879227052,0.0,74.92384077168714,5
19003,19,7,1,2,655,12,0.4899542985254807,0.23937225144433905,0.14477882210916615,1000.0,3.0,93.0738984220057,0.0,257.39951005368204,1000.0,1.0,46.63430162973183,0.0,191.45218378132188,7
19005,19,5,1,5,382,10,0.6524546479450651,0.4051450240852721,0.2729322537665266,1000.0,15.0,168.83806497898945,0.0,323.0816329633879,1000.0,1.0,105.00570052270164,0.0,260.1497371405544,5
19007,19,5,1,5,492,12,0.7373172828890799,0.7034250501576383,0.21632272857552307,1000.0,50.0,114.13356262539409,0.0,257.5719812273519,1000.0,10.0,75.87115534537116,0.0,225.41874489997494,5
19009,19,8,1,3,583,15,0.5418563922942207,0.5330998248686515,0.312784588441331,1000.0,25.0,188.58096906012844,0.0,357.3958029086337,1000.0,3.0,152.33918038528898,0.0,342.8363065962031,8
19011,19,8,1,7,526,20,0.6964065961112479,0.6381368446960374,0.47409549593896133,1000.0,40.0,263.27870489785874,0.0,373.67208057161224,1000.0,5.0,141.98085257199114,0.0,250.2723452260584,8
19013,19,13,1,39,520,25,0.7072667790225042,0.6506989194012095,0.31103400416377514,10000.0,30.0,532.9977820957669,0.0,1902.1648493240314,10000.0,5.0,431.4390187766432,0.0,1903.2662614344513,13
19015,19,14,1,7,587,21,0.7217034220532319,0.5960760456273764,0.42293536121673003,1000.0,40.0,228.08789353612167,0.0,368.13884062512335,1000.0,5.0,108.18551969581749,0.0,231.30731972882967,14
19017,19,8,1,8,425,16,0.6746417524146203,0.6003408875702292,0.4281926646045073,1000.0,25.0,180.11504955495235,0.0,274.7471913111126,1000.0,5.0,131.9722339498769,0.0,211.67929534442308,8
19019,19,10,1,6,634,22,0.6949972029089747,0.6342603692160154,0.3796851274674339,1000.0,25.0,177.18814432989691,0.0,295.5926892481608,1000.0,5.0,138.80953959881722,0.0,268.565640453861,10
19021,19,8,1,6,456,19,0.7042635658914729,0.636157253599114,0.18200442967884828,1000.0,25.0,122.68887043189369,0.0,281.8671672343633,1000.0,4.0,20.80626810631229,0.0,76.14565440963737,8
19023,19,8,1,5,479,19,0.7332489184341037,0.6755829903978052,0.52659069325736,10000.0,100.0,206.18589743589743,0.0,421.7715934172025,10000.0,25.0,148.4782717104569,0.0,380.1391856177822,8
19025,19,5,1,4,694,12,0.6933545021546836,0.6857942088153021,0.3811143872382248,1000.0,35.0,256.7711499206169,0.0,406.2670794391178,1000.0,5.0,179.23083662206093,0.0,355.64169840961597,5
19027,19,7,1,6,697,17,0.48540706605222733,0.45001991238550376,0.2681344939409456,1000.0,2.0,199.51183387381238,0.0,375.95794826314017,1000.0,0.512,94.59826363998407,0.0,212.6965288554418,7
19029,19,5,1,5,549,17,0.6027338376891335,0.5100584594222833,0.3061382393397524,1000.0,25.0,259.0712689133425,0.0,416.1705066280628,1000.0,3.0,174.65286038514444,0.0,329.93066126835134,5
19031,19,9,1,5,606,22,0.7028180649899027,0.6560033045713237,0.47287497705158804,1000.0,25.0,257.64701028088854,0.0,387.4408022350209,1000.0,4.0,139.3827886910226,0.0,264.8897215920364,9
19033,19,7,1,12,623,21,0.7660739595412962,0.6951101662156939,0.5121440536013401,1000.0,100.0,239.96638641927586,0.0,359.38971479390455,1000.0,20.0,140.7919463342353,0.0,271.2480130174605,7
19035,19,8,1,5,624,20,0.7261691916815658,0.6053448762585866,0.17563752705373106,2000.0,25.0,134.19549261315518,0.0,307.2900036879582,2000.0,3.0,85.9443777171356,0.0,252.34573428666474,8
19037,19,7,1,4,483,16,0.7070276497695852,0.6695852534562212,0.33548387096774196,1000.0,25.0,141.39202188940092,0.0,251.03016151916876,1000.0,5.0,112.42217857142857,0.0,220.1843044954522,7
19039,19,5,1,3,547,12,0.5930200222469411,0.5291991101223582,0.3202169076751947,1000.0,25.0,270.13324360400446,0.0,427.15320200089633,1000.0,3.0,219.16690155728585,0.0,399.02268680407286,5
19041,19,9,1,5,641,21,0.7092888090457572,0.6439113741237803,0.2584451724259396,1000.0,35.0,150.9132058191553,0.0,298.5912452798216,1000.0,5.0,117.92558202120539,0.0,289.2980186177443,9
19043,19,8,1,6,430,16,0.6063162783497175,0.4471708336558557,0.3931418840467528,1000.0,15.0,139.51141729236008,0.0,262.5640670519384,1000.0,1.0,56.01711680470625,0.0,143.41941427956067,8
19045,19,9,1,12,588,23,0.6605806170541407,0.6038654996237475,0.4349875242583865,1000.0,25.0,208.98017980910134,0.0,361.1082253841779,1000.0,3.0,80.88437078696185,0.0,219.67219405798167,9
19047,19,9,1,6,834,19,0.6473948244176229,0.39348333581681816,0.20543386479908607,1000.0,15.0,91.06034868126956,0.0,230.82580012596642,1000.0,1.0,32.62035225748771,0.0,112.37458893989736,9
19049,19,11,1,19,596,29,0.7615343774887178,0.6247411733474914,0.35357048048845235,1000.0,25.0,199.87340058401912,0.0,360.6990872814544,1000.0,4.0,99.73027501990974,0.0,272.4863939526897,11
19051,19,6,1,2,776,10,0.6162642947903431,0.61362525657316,0.4164793275339654,1000.0,25.0,422.6900596227153,0.0,487.8497447258104,1000.0,3.0,372.35282963542176,0.0,479.9871691008256,6
19053,19,7,1,3,595,8,0.5399606651171107,0.5220811728946898,0.4198104773824423,1000.0,25.0,423.3837368138745,0.0,489.7189987814953,1000.0,3.0,353.45975183264795,0.0,473.3196294882452,7
19055,19,7,1,4,782,17,0.6973255368098159,0.6788726993865031,0.47138611963190186,1000.0,40.0,193.33527108895706,0.0,319.3893640558618,1000.0,10.0,158.49477799079753,0.0,309.7327826541973,7
19057,19,9,1,11,458,17,0.6064341713976751,0.5370640713706407,0.23471208434712085,1000.0,25.0,144.8103541497702,0.0,299.5043516994052,1000.0,3.0,51.980547499324146,0.0,163.77186276843523,9
19059,19,7,1,6,590,21,0.7182876414273281,0.615970409051349,0.25174064403829416,1000.0,40.0,129.1873640121845,0.0,252.31295180255543,1000.0,5.0,44.69985150130548,0.0,100.63486882194736,7
19061,19,4,1,27,446,22,0.6968026460859978,0.645350973906652,0.3958716158275144,2000.0,40.0,257.8563341908612,0.0,395.63344652667547,2000.0,10.0,147.48661423496264,0.0,318.8303024305898,4
19063,19,3,1,4,501,19,0.7530168237470272,0.7295868933321589,0.46014269356117327,1000.0,40.0,115.76354267594468,0.0,197.56169632065075,1000.0,5.0,73.28395930591033,0.0,145.5919781112747,3
19065,19,8,1,7,549,17,0.6477788099010983,0.5015026501284083,0.39926779957379377,1000.0,25.0,205.38793224413965,0.0,334.29641112407495,1000.0,9.0,148.6774330364461,0.0,276.48094883332055,8
19067,19,6,1,5,489,15,0.8128754470641342,0.6699538178408972,0.550227438452724,1000.0,100.0,207.7036008194729,0.0,326.0601229783761,500.0,20.0,102.73397777700615,0.0,169.1896929475655,6
19069,19,8,1,3,678,17,0.7583233764975619,0.5631155746439759,0.3848290115284012,1000.0,25.0,90.34003939677721,0.0,166.48204083735354,1000.0,3.0,45.505456647398844,0.0,104.21277082987865,8
19071,19,4,1,3,752,14,0.6388456886124071,0.5761188871608778,0.15206497321582857,1000.0,25.0,130.41230343874201,0.0,307.4379568914601,1000.0,3.0,87.54386936236392,0.0,240.730059797278,4
19073,19,9,1,4,511,17,0.6250153732628213,0.611425408928791,0.4305128520477186,1000.0,25.0,240.36213257901858,0.0,395.8825598496544,1000.0,4.0,125.91314081908745,0.0,290.974986473674,9
19075,19,7,1,4,415,18,0.7713220444306353,0.7544922582983792,0.4289265185645487,10000.0,50.0,140.78343949044586,0.0,256.39322247986,10000.0,25.0,62.882384133395476,0.0,152.07283723983593,7
19077,19,7,1,3,655,16,0.6398447870928214,0.5863371796180945,0.35361993260492186,1000.0,25.0,160.98106034922904,0.0,311.09099759659733,1000.0,4.0,48.584805064842236,0.0,111.1324934772166,7
19079,19,5,1,5,851,18,0.6878806542120031,0.546704988708684,0.3979333470197769,1000.0,25.0,110.94474098405529,0.0,197.36471422760025,1000.0,3.0,73.56545363717238,0.0,145.28190015600126,5
19081,19,8,1,4,611,17,0.6858416360776088,0.6009963293130571,0.4994231777661248,1000.0,90.0,121.38995804929208,0.0,205.89649533307642,1000.0,5.0,78.74796465652858,0.0,107.65971752260059,8
19083,19,8,1,6,606,22,0.7006539436807687,0.6580808754837849,0.44107833978379823,1000.0,25.0,124.64326704924596,0.0,205.1152550533789,1000.0,5.0,62.024143778637836,0.0,94.19847041173549,8
19085,19,9,1,5,548,13,0.7066173824866704,0.6473782342743123,0.26956919956821823,1000.0,50.0,118.28697131268196,0.0,256.2824614798569,1000.0,5.0,46.8555009649668,0.0,166.35797184928103,9
19087,19,8,1,5,616,14,0.697278182597514,0.6652378911273039,0.2254072010287184,1000.0,50.0,181.26859387055293,0.0,345.8397446025785,1000.0,12.0,121.86729950707243,0.0,297.68190139877294,8
19089,19,4,1,3,510,16,0.7156796006353529,0.6892443839346494,0.47379169503063306,1000.0,50.0,258.6359768550034,0.0,365.66840423295605,1000.0,25.0,172.50072226004085,0.0,275.69650206235906,4
19091,19,7,1,4,488,15,0.658095101278552,0.517167073696308,0.3358712828616578,1000.0,25.0,119.932014078437,0.0,265.9563622968431,1000.0,4.0,81.41365105588278,0.0,223.05168880103176,7
19093,19,7,1,3,575,14,0.7616486702239401,0.5357337926977858,0.07003907398848788,1000.0,25.0,40.104218310155034,0.0,87.24536797231839,1000.0,3.0,6.081927650098735,0.0,39.022489297873705,7
19095,19,9,1,4,533,17,0.700320058339748,0.5924725519588381,0.28173236640602844,1000.0,25.0,183.36196977676943,0.0,350.16499081681195,1000.0,3.0,92.30276676254911,0.0,260.35668436629805,9
19097,19,8,1,6,469,26,0.6118128232888247,0.5652592325273668,0.39546493444003367,1000.0,25.0,284.1981234211476,0.0,394.9781120332488,1000.0,3.0,219.4563174545892,0.0,349.5105477217542,8
19099,19,11,1,10,777,18,0.6572638584284958,0.58194055811843,0.3233759358693186,1000.0,25.0,164.65013612644634,0.0,320.8414243128454,1000.0,3.0,71.17731188081373,0.0,217.88022518526944,11
19101,19,5,1,5,533,11,0.7050680245047338,0.6778582226111862,0.16126979075503223,1000.0,50.0,114.46960776513644,0.0,265.26089408563087,1000.0,4.0,63.81623072639033,0.0,203.3352908509115,5
19103,19,12,1,36,395,29,0.7373569464867975,0.6362125183811776,0.33159644524007414,1000.0,25.0,256.358273895531,0.0,410.840807928623,1000.0,3.0,119.87166351256313,0.0,292.7944584748153,12
19105,19,8,1,7,487,25,0.6796996066277268,0.6414352127786387,0.5166885206818452,1000.0,100.0,277.047174871856,0.0,384.47984824323123,1000.0,25.0,209.72743366313028,0.0,344.8661250310622,8
19107,19,6,1,4,509,14,0.7300557789596576,0.7172136463873394,0.13957711765468933,1000.0,40.0,86.56388636658451,0.0,214.16481075423417,1000.0,3.0,32.08303774808665,0.0,130.12216252549138,6
19109,19,7,1,6,665,22,0.6960366552119129,0.6392210767468499,0.4594730813287514,1000.0,25.0,147.0230698739977,0.0,259.05565080888556,1000.0,5.0,100.3784858648339,0.0,185.41888124042885,7
19111,19,5,1,11,466,12,0.5765854620771279,0.4997534273597002,0.2698490975441365,1000.0,20.0,164.5071506065687,0.0,336.9446240755139,1000.0,3.0,38.04736048920012,0.0,116.69548290642268,5
19113,19,14,1,54,486,40,0.7360066038035369,0.673381591897641,0.36125662761532845,1000.0,25.0,229.44302854240087,0.0,371.6351714680562,1000.0,5.0,87.84241022954568,0.0,206.23235673787661,14
19115,19,9,1,3,473,13,0.7035883432179887,0.618551862439732,0.3580236378376072,1000.0,50.0,138.44376413363486,0.0,278.89569904923576,1000.0,3.0,56.283819942825446,0.0,168.44100560796073,9
19117,19,5,1,4,342,10,0.711801752464403,0.6723713033953997,0.20372398685651696,1000.0,50.0,142.980147864184,0.0,302.97695129624236,1000.0,22.5,83.3930525739321,0.0,236.2022039593819,5
19119,19,6,1,3,639,15,0.7440273037542662,0.6524914675767918,0.36696245733788396,1000.0,35.0,300.7556313993174,0.0,426.15622288009945,1000.0,3.0,252.74785638225256,0.0,415.03490789633605,6
19121,19,9,1,4,745,17,0.7158182583087926,0.6277240218763147,0.3354648716870004,1000.0,25.0,118.80751198990325,0.0,266.2423691482648,1000.0,3.0,61.50525923432899,0.0,210.27218712428333,9
19123,19,7,1,7,549,15,0.6548370800707249,0.5342889618590553,0.18653700429401365,1000.0,25.0,157.12664182874462,0.0,338.100914479611,1000.0,3.0,90.10840351098763,0.0,270.5635213701467,7
19125,19,8,1,10,379,15,0.5903219192126307,0.5315426149955573,0.2767411660173604,1000.0,25.0,167.700259722507,0.0,339.9764351669567,1000.0,3.0,50.75807285899801,0.0,157.6584670664902,8
19127,19,10,1,11,638,18,0.6753688113076388,0.5096547462732679,0.2745423650266471,1000.0,25.0,105.55916428516258,0.0,226.53435330205522,1000.0,3.0,29.21785618289951,0.0,59.53303182926209,10
19129,19,6,1,5,592,14,0.7310899520965166,0.5225619492577918,0.16358152463185285,1000.0,25.0,150.0701993021468,0.0,328.96461158823314,1000.0,3.0,84.9134072978887,0.0,235.7577177253072,6
19131,19,5,1,3,530,15,0.7835547411818599,0.6528286761337608,0.4833371507100321,1000.0,25.0,221.12946633073753,0.0,341.18283025398085,1000.0,4.0,118.03584104443426,0.0,178.6717593014399,5
19133,19,8,1,4,827,12,0.684719728705366,0.6006383403151805,0.19369638938759226,1000.0,25.0,159.68895870736085,0.0,331.7589033896887,1000.0,3.0,74.83571254737683,0.0,240.84144704163705,8
19135,19,3,1,3,343,11,0.7148502811977504,0.686578507371941,0.25991792065663477,1000.0,50.0,146.49620003039976,0.0,302.72189379699233,1000.0,20.0,43.693368597051226,0.0,143.43649826302945,3
19137,19,7,1,4,597,11,0.5323044938429554,0.39365104749720137,0.3895730049576203,1000.0,10.0,391.63349592195743,0.0,484.7631501523042,1000.0,1.0,277.71310778826165,0.0,419.69550394209284,7
19139,19,7,1,10,527,24,0.6319641170915958,0.5269711992445704,0.24020302171860244,1000.0,25.0,167.85974881964117,0.0,342.96092041247033,1000.0,3.0,68.02474268177527,0.0,169.01532355179185,7
19141,19,6,1,4,848,16,0.7365321229804939,0.7273464094666883,0.2620630031879829,1000.0,50.0,221.7962688712379,0.0,370.0059202990041,1000.0,5.0,182.84040752147834,0.0,364.94839520402536,6
19143,19,5,1,2,635,14,0.7818970861748296,0.7216367017978921,0.23992560446373218,1000.0,35.0,143.55647861128332,0.0,277.10651700206967,1000.0,5.0,96.50431841289523,0.0,238.48622080167112,5
19145,19,8,1,6,674,13,0.5390976888429447,0.4099534815033597,0.38167318910138076,1000.0,10.0,334.93753230451154,0.0,461.1991780304952,1000.0,1.0,259.4952128775013,0.0,425.2306360139041,8
19147,19,7,1,4,724,15,0.6780586450960566,0.6698685540950455,0.4981294236602629,1000.0,75.0,159.85449949443884,0.0,278.792061512414,1000.0,50.0,139.1605593528817,0.0,257.87783801658605,7
19149,19,9,1,6,720,21,0.7567600193143409,0.560628923225495,0.14862988894253984,1000.0,25.0,125.76779031868662,0.0,290.7707445642526,1000.0,3.0,91.08673720424915,0.0,273.9635167212012,9
19151,19,7,1,3,726,16,0.7089598511858627,0.6690435591381181,0.273911021547047,1000.0,50.0,123.99802356223842,0.0,262.4440246927602,1000.0,5.0,61.77586986513719,0.0,173.56670079181248,7
19153,19,16,1,112,531,33,0.6831417076157308,0.6025157832800598,0.3707202264523003,1000.0,25.0,285.25610412989204,0.0,422.78662212783104,1000.0,3.0,113.53048076586677,0.0,293.04684821803994,16
19155,19,12,1,30,576,20,0.7105220926500482,0.6023590456831068,0.2707018294639991,1000.0,25.0,172.1677276131379,0.0,337.2658277040939,1000.0,4.0,72.23845527976891,0.0,231.95305824059645,12
19157,19,11,1,5,638,18,0.6804544228694714,0.5737594390507011,0.2774069579288026,2000.0,25.0,133.40577804746493,0.0,306.6725137939591,2000.0,3.0,104.16558292880259,0.0,292.95086185845173,11
19159,19,7,1,2,1614,6,0.26633291614518145,0.2132665832290363,0.17271589486858574,1000.0,2.0,84.74996245306633,0.0,248.07596747150416,1000.0,0.064,39.72880901126408,0.0,147.2493443123928,7
19161,19,8,1,4,653,19,0.7407580564368008,0.6227750876607113,0.15014192686592084,1000.0,25.0,101.19889797962932,0.0,243.06205091546565,1000.0,3.0,63.241947570545996,0.0,210.37193892617975,8
19163,19,7,1,48,447,30,0.6391619047619047,0.579479365079365,0.29635555555555554,1000.0,25.0,256.8366541206349,0.0,417.75350956328424,1000.0,3.0,129.07910247619049,0.0,322.5613768274639,7
19165,19,7,1,4,671,13,0.6042057047678534,0.5821361648969394,0.3930182524810882,1000.0,50.0,171.1093413838573,0.0,279.7852026934474,1000.0,5.0,82.57245027413423,0.0,228.9905528533912,7
19167,19,9,1,9,641,18,0.7247819320279416,0.6665822143400051,0.3515509066560498,1000.0,35.0,295.75337507691194,0.0,427.5965578360827,1000.0,5.0,253.4729136052698,0.0,424.4665347452299,9
19169,19,10,1,27,526,32,0.6904313725490197,0.6234901960784314,0.33266666666666667,1000.0,25.0,263.43460878431375,0.0,412.4772745535653,1000.0,5.0,173.1245123137255,0.0,354.90561898714526,10
19171,19,9,1,6,524,21,0.628065834767642,0.5631992254733219,0.46062822719449226,1000.0,30.0,176.694580464716,0.0,289.5160735747172,1000.0,15.0,107.67543653184165,0.0,194.730850081306,9
19173,19,7,1,3,1160,14,0.5649699933318515,0.20280062236052457,0.134385418981996,1000.0,6.0,108.59971193598578,0.0,291.57767248158615,1000.0,1.0,82.85939177595021,0.0,266.9637900989067,7
19175,19,5,1,4,980,12,0.5592451460714933,0.518145527127563,0.2292687352567592,1000.0,25.0,156.0962166575939,0.0,328.25686398257807,1000.0,3.0,100.91392197423335,0.0,275.223492463311,5
19177,19,5,1,2,535,8,0.613251348977287,0.5510101643869997,0.2595055841385368,1000.0,25.0,46.605659430292384,0.0,94.81317534880826,1000.0,3.0,28.60165340695194,0.0,91.90771870957546,5
19179,19,5,1,11,473,21,0.666917467299456,0.6323069799745341,0.18879499942122932,1000.0,25.0,158.70796712582475,0.0,333.6238373199086,1000.0,3.0,36.106233939113324,0.0,148.04329226724948,5
19181,19,8,1,14,446,16,0.6618316410743761,0.6162656929925474,0.3360676236682839,1000.0,25.0,143.22281578552494,0.0,300.7575601202183,1000.0,4.0,73.80204501575552,0.0,225.2982460115425,8
19183,19,8,1,6,651,13,0.7031033989607666,0.6794584544977833,0.2259140963912857,1000.0,50.0,214.08821852505122,0.0,378.15579598146303,1000.0,3.0,108.1952021738094,0.0,250.32501342418084,8
19185,19,3,1,3,557,8,0.7008217770929636,0.6746276322547509,0.2822290703646636,1000.0,51.0,277.94131997945556,0.0,423.12552289690484,1000.0,25.0,236.5159784283513,0.0,409.7102626486038,3
19187,19,9,1,13,633,20,0.684996342670281,0.5360784819930295,0.4865969622649628,1000.0,45.0,337.3165956714427,0.0,433.09177635521615,1000.0,3.0,281.0794714513145,0.0,412.2449277782856,9
19189,19,4,1,3,585,11,0.725323275862069,0.7131465517241379,0.5227370689655172,1000.0,100.0,128.59137931034482,0.0,210.1651638845255,1000.0,50.0,81.43304396551724,0.0,96.66439834315027,4
19191,19,6,1,5,462,17,0.732773207304977,0.4853842114475757,0.29680844856759436,1000.0,20.0,137.18285780967383,0.0,266.049935495879,1000.0,1.5,69.90625392379953,0.0,164.83316361772992,6
19193,19,9,1,29,936,24,0.7240405238103541,0.5952501351374915,0.1945108022807721,1000.0,25.0,200.9472440670282,0.0,379.45819078757677,1000.0,3.0,106.63346572738845,0.0,299.9646011530199,9
19195,19,5,1,3,528,10,0.7453557529921433,0.7313312284308686,0.4458477127542404,1000.0,25.0,125.73393788090168,0.0,226.44299267228357,500.0,5.0,71.3991867244291,0.0,100.31460710235667,5
19197,19,8,1,5,723,15,0.7335981838819523,0.564207340143776,0.37105561861520997,1000.0,25.0,116.82905788876278,0.0,228.47719079255535,1000.0,4.0,55.74508982217177,0.0,108.58173203397332,8
20001,20,5,1,5,782,11,0.6777431857170088,0.5730986720884427,0.1268822669801131,1000.0,25.0,138.74171497553846,0.0,317.40914327478333,1000.0,4.0,19.725495393608234,0.0,106.27679073612117,5
20003,20,3,1,2,942,13,0.668806899856253,0.5905126976521322,0.032390991854336366,2000.0,30.0,36.99175850503114,0.0,115.35614560503925,1000.0,6.0,5.9635352180162915,0.0,26.58544921384695,3
20005,20,7,1,5,727,16,0.974355458036204,0.8812397147558969,0.40391296397878956,2000.0,40.0,197.03068092887182,0.0,341.91701717432517,2000.0,8.0,132.57018092887182,0.0,325.3171157485756,7
20007,20,3,1,2,857,10,0.9885869565217391,0.8565217391304348,0.5896739130434783,1000.0,1000.0,519.6109086956521,0.768,481.4514127644807,1000.0,250.0,500.166297826087,0.064,496.88860519879603,3
20009,20,7,1,8,843,15,0.9364726977756905,0.7725739657601502,0.473551637279597,2000.0,50.0,274.2045287110959,0.0,406.8395611428451,1000.0,6.0,156.00478760192973,0.0,350.40311085149716,7
20011,20,4,1,5,649,11,0.6666191562143672,0.62115165336374,0.1315564424173318,1000.0,40.0,122.67788198403649,0.0,276.9153778142842,1000.0,8.0,88.54953791334093,0.0,274.7033826074079,4
20013,20,5,1,3,854,14,0.972981147293074,0.8502873273515476,0.38209496925093256,2000.0,50.0,160.90864079040225,0.0,294.131221962156,1000.0,10.0,102.94406583324933,0.0,288.19495392166664,5
20015,20,12,1,19,909,22,0.8186428507315322,0.7493941297908626,0.3148056727403285,2000.0,40.0,115.79577102594023,0.0,237.17751724229137,1000.0,8.0,21.16254250067319,0.0,83.9623387616203,12
20017,20,4,1,1,848,14,0.6414713015359741,0.5286984640258691,0.2801131770412288,2000.0,25.0,154.79764591754244,0.0,316.92047787066025,1000.0,2.0,121.09062894098626,0.0,309.6099188216783,4
20019,20,6,1,1,792,9,0.4834558823529412,0.3553921568627451,0.056372549019607844,150.0,4.0,19.201921568627448,0.768,33.946119790842566,15.0,1.0,2.1560245098039217,0.064,3.6774165332353923,6
20021,20,8,1,6,776,15,0.6985594137730036,0.6231992672162545,0.237613456574236,2000.0,25.0,195.34070280622865,0.0,355.98596770521755,1000.0,4.0,117.99532916978933,0.0,312.01749552138784,8
20023,20,2,1,1,690,8,0.8409556313993174,0.7761092150170649,0.2348122866894198,1000.0,25.0,197.54232081911263,0.0,371.8130189341097,1000.0,3.0,35.10954266211604,0.0,127.51771033931192,2
20025,20,4,1,1,718,6,0.9981572481572482,0.9594594594594594,0.40786240786240785,1000.0,25.0,368.66093366093367,0.0,460.0702642344904,1000.0,5.0,349.98157248157247,0.0,473.2945378081968,4
20027,20,3,1,2,883,12,0.6240620002460328,0.5781768975273711,0.41628736621970724,2000.0,50.0,424.5392072825686,0.0,488.3234477369815,1000.0,8.0,326.52355787919794,0.0,465.44416941834226,3
20029,20,8,1,4,916,11,0.6593080235608573,0.6224818096322329,0.4035044300351433,1000.0,50.0,286.28976270850865,0.0,425.64865367644416,1000.0,10.0,264.8198730881552,0.0,437.2258738083859,8
20031,20,5,1,3,1024,12,0.7447102302725095,0.6768062380700971,0.1201721967266377,1000.0,40.0,98.76440921090038,0.0,249.22102409869598,1000.0,8.0,29.780160256670595,0.0,145.1307067920211,5
20033,20,1,1,1,499,4,0.9990393852065321,0.8981748318924111,0.24495677233429394,1000.0,25.0,250.1628242074928,1.5,410.7710182965698,1000.0,5.0,41.80037656099904,0.256,163.30516295398397,1
20035,20,9,1,11,880,17,0.7294572734732153,0.637117571210878,0.3803481420700973,1000.0,40.0,118.13850228578126,0.0,227.4182452193438,1000.0,8.0,24.555128882897666,0.0,85.89357231384903,9
20037,20,8,1,12,740,20,0.7036864063764867,0.6529360483218133,0.3137492994582477,2000.0,25.0,325.3614352076717,0.0,456.7648187178567,1000.0,4.0,230.05211233576188,0.0,414.8739488507718,8
20039,20,4,1,1,860,13,0.9743762643290627,0.8320971004720162,0.5623735670937289,2000.0,100.0,460.86093594066085,0.0,487.0712409263749,1000.0,10.0,316.4107592717465,0.0,457.842827054367,4
20041,20,7,1,6,897,13,0.6452657024624083,0.5523415413610849,0.3525627893637071,1000.0,25.0,302.03427262670544,0.0,441.3578644237509,1000.0,4.0,119.16941582332937,0.0,236.04907969470466,7
20043,20,4,1,3,451,11,0.9608034593388199,0.8829683358906403,0.459199330450551,2000.0,40.0,176.71080764402288,0.0,293.2197859873451,1000.0,8.0,108.45909499232808,0.0,296.1454153725812,4
20045,20,8,1,27,586,22,0.9760653565908589,0.8639876352395672,0.3990726429675425,2000.0,40.0,186.41188553764627,0.0,359.94086267757876,2000.0,8.0,85.52322985206447,0.0,293.83646699668714,8
20047,20,3,1,2,618,10,0.9934150356685568,0.9343332723614414,0.48728736052679716,2000.0,50.0,226.82948015364914,0.0,363.0606067853854,1000.0,10.0,22.910156575818547,0.0,54.484680173636775,3
20049,20,6,1,1,846,9,0.5536723163841808,0.4268104776579353,0.16076014381099127,1000.0,12.0,80.73241499743195,0.5,217.37317272605742,50.0,1.0,4.866628659476117,0.064,6.313193739282875,6
20051,20,9,1,8,1078,10,0.9383634431455898,0.8952178533475027,0.8068012752391074,1000.0,1000.0,781.285493446688,0.0,406.19332033107196,1000.0,100.0,444.13675125752746,0.0,474.9834893861232,9
20053,20,5,1,2,870,13,0.5909880266886025,0.39767845717941686,0.3563659628918746,2000.0,15.0,328.2510739420528,0.0,461.5826714641342,1000.0,1.0,216.83673229138105,0.0,406.35602303068276,5
20055,20,3,1,12,825,18,0.9715229054890632,0.8241848947585637,0.17385472554684275,1000.0,25.0,185.52015765579858,0.0,353.90007344060785,1000.0,5.0,51.1550957490714,0.0,199.04542725810782,3
20057,20,7,1,9,871,14,0.9876915018986513,0.8920605822530662,0.24747937671860679,2000.0,40.0,197.99785151237396,0.0,359.55275368275016,1000.0,5.0,100.86368801012613,0.0,287.86660098743255,7
20059,20,10,1,6,710,18,0.7264916750607335,0.49226758310126206,0.038128814362742194,2000.0,18.0,37.399247378088525,0.0,105.4809055755143,1000.0,2.0,4.355525922853587,0.0,15.35594207545706,10
20061,20,7,1,11,495,14,0.7083876575401999,0.622627842966826,0.18289149645081848,1000.0,40.0,154.27006374040272,0.0,327.05831241347397,1000.0,5.0,40.21449051137187,0.0,155.53738750946138,7
20063,20,6,1,1,811,6,0.9977678571428571,0.6383928571428571,0.5613839285714286,2000.0,250.0,384.53683035714283,0.0,431.11386219670135,1000.0,250.0,377.84933035714283,0.0,432.9213903524144,6
20065,20,7,1,1,798,3,1.0,1.0,0.7024647887323944,1000.0,1000.0,709.9031690140845,25.0,445.77261911339735,1000.0,1000.0,703.3573943661971,3.0,455.8310782113425,7
20067,20,4,1,2,794,5,0.9995547640249333,0.9995547640249333,0.06737904422677353,250.0,80.0,70.31864054615613,0.0,54.92997536563164,250.0,20.0,29.650953992282577,0.0,59.67312303469322,4
20069,20,5,1,2,579,7,1.0,0.8313741721854304,0.27855960264900664,1000.0,25.0,242.22847682119206,10.0,399.30974774261267,1000.0,5.0,221.05902317880793,1.0,409.9521973042079,5
20071,20,1,1,1,341,6,1.0,0.7699115044247787,0.035398230088495575,250.0,25.0,36.415929203539825,15.0,42.7823076560035,25.0,3.0,4.890855457227139,1.0,5.18746833362427,1
20073,20,8,1,3,907,15,0.6307841135056699,0.5812866125651637,0.15596280969527598,2000.0,40.0,143.14354920191326,0.0,318.1837866949514,1000.0,6.0,79.31226000967378,0.0,258.023555484689,8
20075,20,1,1,1,624,6,1.0,0.9990471653168176,0.09051929490233444,250.0,80.0,67.96808003811338,15.0,63.09637815896483,250.0,20.0,33.04525964745117,1.0,68.8634485583372,1
20077,20,6,1,3,657,13,0.7060539752005836,0.6318016046681254,0.43989788475565283,1000.0,25.0,244.8453517140773,0.0,396.8264912911696,1000.0,5.0,218.43017038657914,0.0,409.0058053162381,6
20079,20,12,1,7,752,17,0.7820306678693282,0.6816933997411663,0.24530373740146671,1000.0,25.0,102.51631969881171,0.0,244.8682629104165,1000.0,5.0,17.133576101023568,0.0,100.93977639045337,12
20081,20,4,1,1,833,9,0.9944903581267218,0.8558310376492194,0.07392102846648302,2000.0,25.0,70.03847750229569,0.0,147.20061871120865,1000.0,5.0,29.238539944903582,0.0,138.02700496047447,4
20083,20,6,1,1,660,6,0.9978791092258749,0.8308589607635207,0.16914103923647933,1000.0,25.0,190.55726405090138,0.0,364.68360828083706,1000.0,5.0,108.0574676564157,0.0,298.8593293532037,6
20085,20,10,1,3,885,11,0.9557814264616454,0.8072713057075841,0.3007557988011467,1000.0,50.0,113.57163912779082,0.0,225.8468715017543,1000.0,10.0,52.644489010511684,0.0,202.00450004505328,10
20087,20,11,1,4,644,15,0.9546379488463826,0.6675014870237611,0.28131358983188803,2000.0,40.0,78.14644898725855,0.0,157.5759588648015,1000.0,8.0,10.86567567229127,0.0,43.08194878140167,11
20089,20,6,1,1,1149,12,0.6019900497512438,0.47512437810945274,0.3727789623312011,1000.0,20.0,314.6542288557214,0.0,449.3300731349627,1000.0,5.0,302.7292935323383,0.0,456.4355654078499,6
20091,20,8,1,154,436,40,0.9054384160452559,0.7418359475443559,0.44007135510413986,2000.0,40.0,443.9789159166881,0.0,664.3033549402694,1000.0,8.0,175.50215418488042,0.0,367.71711770042884,8
20093,20,2,1,1,798,7,1.0,0.9969801553062986,0.07722174288179465,2000.0,80.0,73.52890422778258,15.0,106.61554916624571,1000.0,20.0,32.94801553062985,1.0,77.28855830750094,2
20095,20,5,1,3,779,15,0.7268910047903483,0.6722455497072565,0.32875983204210774,2000.0,40.0,116.90863208941984,0.0,258.482191345908,1000.0,8.0,52.55527115737181,0.0,205.9765538598753,5
20097,20,3,1,1,711,8,0.9868421052631579,0.7921052631578948,0.17719298245614035,1000.0,25.0,109.80946140350878,0.0,254.64491589142878,1000.0,5.0,28.189317543859648,0.0,95.76795664052433,3
20099,20,6,1,8,689,17,0.6709372622812988,0.5822156383873164,0.07522921087400408,1000.0,25.0,91.39998638747647,0.0,259.49915440961416,1000.0,3.0,22.184261120230612,0.0,127.45751751197626,6
20101,20,3,1,1,495,6,0.9962406015037594,0.9298245614035088,0.5914786967418546,250.0,250.0,156.99498746867167,0.0,111.99707465108646,250.0,250.0,149.1467769423559,0.0,121.38157715270512,3
20103,20,12,1,19,393,21,0.9596560846560847,0.8369708994708994,0.3876133786848073,2000.0,40.0,198.23730328798183,0.0,385.5671619490574,2000.0,8.0,97.16742413076342,0.0,325.1197713044383,12
20105,20,4,1,1,832,11,0.6154205607476636,0.5439252336448598,0.2163551401869159,2000.0,36.0,234.78563925233644,0.768,410.994474722538,1000.0,3.0,157.30529906542057,0.064,358.6099438486102,4
20107,20,4,1,3,849,11,0.6705761618531008,0.6304060988124909,0.1507110394370327,2000.0,25.0,169.00689224453893,0.0,351.279292630938,1000.0,5.0,78.68498108781705,0.0,259.4913108813368,4
20109,20,5,1,1,651,7,0.9801670146137788,0.8277661795407099,0.5365344467640919,250.0,250.0,149.6393528183716,0.0,108.82750199003489,250.0,250.0,137.0760835073069,0.0,121.5486274055851,5
20111,20,8,1,12,1069,23,0.7471838440867512,0.6580440270350968,0.27987839635189055,2000.0,40.0,105.49414315572325,0.0,235.43323952703756,1000.0,8.0,45.119454846502535,0.0,172.4164348682565,8
20113,20,9,1,7,929,21,0.7906568060335359,0.6660320714651827,0.35669131824949357,1000.0,40.0,170.18680168899954,0.0,329.5898922796054,1000.0,8.0,79.06064435820458,0.0,250.64958242706282,9
20115,20,10,1,4,1185,18,0.7129793664026678,0.6563411838265945,0.19880679449770738,2000.0,40.0,184.1501755939975,0.0,359.21362729540124,1000.0,8.0,59.60142715714882,0.0,186.74633236656896,10
20117,20,8,1,4,924,9,0.6496486769322769,0.6041635521004635,0.2314247271640006,1000.0,25.0,201.31541471071907,0.0,378.0963877282594,1000.0,3.0,185.83564598594708,0.0,384.8206387932298,8
20119,20,6,1,2,818,6,0.9966664351691089,0.8681158413778735,0.3200222237655393,1000.0,50.0,173.23359511077157,0.0,327.0002979959417,1000.0,5.0,139.52274130147927,0.0,338.9638726539057,6
20121,20,8,1,8,747,20,0.7478788393008654,0.6506448328525369,0.09901578143560157,1000.0,25.0,59.80199558798574,0.0,166.99155610336692,940.0,4.0,5.769553198710334,0.0,23.75869509510248,8
20123,20,4,1,2,783,13,0.5719971903535471,0.510653242800281,0.3900725825333646,2000.0,25.0,286.75010067899785,0.0,433.1819069826233,1000.0,3.0,269.88704284710843,0.0,439.83808636947674,4
20125,20,7,1,12,740,20,0.6510494343603361,0.5530901022152704,0.09050234622240005,1000.0,25.0,100.60747095413045,0.0,265.9857699193056,1000.0,5.0,9.678719435451601,0.0,41.94120192885417,7
20127,20,5,1,2,880,13,0.5911467410247473,0.5564656674799582,0.4640989891948414,2000.0,25.0,410.89623562216804,0.768,486.5099610972852,1000.0,3.0,201.35679749041478,0.064,245.66713661734116,5
20129,20,2,1,1,712,6,0.9989378651088688,0.9989378651088688,0.20339883165161976,250.0,80.0,74.93892724375996,0.0,55.260666744512754,150.0,20.0,35.84227296866702,0.0,51.96567543751226,2
20131,20,6,1,3,862,12,0.729704383282365,0.6262996941896024,0.22532110091743118,1000.0,40.0,159.21480644240572,0.0,317.62594672104325,1000.0,8.0,87.38638597349643,0.0,272.0176743550426,6
20133,20,6,1,5,817,16,0.6508358140599955,0.6213418822990612,0.10322876116326998,1000.0,25.0,117.41906040760247,0.0,291.36235633374463,1000.0,5.0,60.7697655140829,0.0,226.2786201702704,6
20135,20,3,1,1,919,5,1.0,0.9393414211438474,0.7478336221837089,1000.0,1000.0,751.2781629116117,10.0,425.6238411831584,1000.0,100.0,84.44367417677643,1.0,99.62887579013494,3
20137,20,4,1,1,1067,8,0.9857969489742241,0.8763808521830615,0.33298264071541295,2000.0,50.0,349.6159915833772,0.0,466.96942554065635,1000.0,6.0,323.6178221988427,0.0,464.40907820346115,4
20139,20,11,1,5,873,14,0.7965522188217291,0.6876195485845448,0.20057861514919664,1000.0,40.0,74.03121652639634,0.0,182.20354656441157,200.0,8.0,10.038476138102526,0.0,19.326529592233555,11
20141,20,6,1,1,1148,8,0.977139124755062,0.9647289353363815,0.8549967341606793,1000.0,1000.0,709.7661659046375,0.0,434.0124602447801,1000.0,1000.0,700.3709888961463,0.0,447.3799755855873,6
20143,20,6,1,2,611,11,0.7076627591231207,0.6475925557983973,0.18464798993310816,1000.0,50.0,174.71556314987748,0.768,345.5436772814431,1000.0,8.0,99.11632611431222,0.064,290.1058257025754,6
20145,20,3,1,2,981,11,0.9899204244031831,0.8217506631299735,0.589920424403183,2000.0,100.0,301.1306178603006,0.0,411.0483409002658,1000.0,10.0,26.513800884173296,0.0,42.733476640177514,3
20147,20,4,1,3,663,8,0.9808212441603147,0.862798131300713,0.5190558150971232,2000.0,100.0,456.9892648143595,0.0,478.53090994044067,1000.0,10.0,437.0058480452422,0.0,493.28533725585004,4
20149,20,9,1,5,786,16,0.618614912871139,0.578677735397502,0.389836212699125,1000.0,40.0,368.83248672500184,0.0,470.9930249531463,1000.0,8.0,329.86713170293916,0.0,466.9751174822506,9
20151,20,8,1,3,984,11,0.8500672947510094,0.6738447734410049,0.48658591296545534,1000.0,50.0,222.1793995513683,0.0,368.8574669206944,1000.0,10.0,152.11911063257065,0.0,349.922723561312,8
20153,20,5,1,1,757,11,0.9627791563275434,0.8933002481389578,0.15570719602977667,1000.0,25.0,86.32537220843672,0.0,218.71412469513044,1000.0,6.0,58.09484367245658,0.0,214.93185713206293,5
20155,20,11,1,17,938,23,0.7518715064034529,0.6836340479728296,0.29191254510719594,2000.0,40.0,154.95565204839738,0.0,317.84927003403067,1000.0,5.0,86.39370401188707,0.0,270.63387957589606,11
20157,20,5,1,3,639,13,0.7614362048742344,0.5411833702593509,0.24820800208523394,1000.0,50.0,99.06338824449368,0.0,236.43694407221955,1000.0,10.0,68.7913426300013,0.0,241.8156212683735,5
20159,20,8,1,3,1192,16,0.6917919702371725,0.6337002015191443,0.4665168190978143,1000.0,40.0,252.30565664238102,0.0,399.3378123655612,1000.0,8.0,147.60857510463492,0.0,344.0476274627688,8
20161,20,9,1,17,778,19,0.6281570530495202,0.5221683026359325,0.3035182530054042,1000.0,25.0,285.65898047865886,0.0,437.1153018113124,1000.0,3.0,171.21699503694717,0.0,368.71715306574913,9
20163,20,6,1,2,885,10,0.9921875,0.8189655172413793,0.4245689655172414,1000.0,50.0,429.4182359913793,0.0,475.3806002410127,1000.0,6.0,410.60093426724137,0.0,489.21203529557147,6
20165,20,5,1,1,919,10,0.9962546816479401,0.7490636704119851,0.6089887640449438,2000.0,1000.0,596.8114367041198,0.0,481.13302541848276,1000.0,100.0,68.25491235955056,0.0,103.99321279910744,5
20167,20,4,1,2,1126,12,0.7749302207561533,0.7744227353463587,0.6521187515858919,1000.0,100.0,479.8390002537427,0.0,478.0747328164382,1000.0,100.0,440.3271276325805,0.0,479.8627206223081,4
20169,20,6,1,13,636,22,0.6748081931442247,0.6190258323361723,0.31178292391074824,1000.0,25.0,174.56584036038572,0.0,341.6611403159869,1000.0,6.0,35.35329781093827,0.0,149.43981969780285,6
20171,20,2,1,1,553,9,0.9878567091681846,0.7802064359441409,0.24225865209471767,250.0,25.0,77.28644080145719,0.0,97.80850010668148,250.0,5.0,23.21872252580449,0.0,60.3627567719663,2
20173,20,20,1,135,680,30,0.820749758787584,0.7289556875142178,0.38683411645657,1000.0,40.0,210.5523099756042,0.0,365.058796925008,1000.0,8.0,65.26915885504506,0.0,227.7700474958496,20
20175,20,5,1,5,769,14,0.9745956034840315,0.8780588967233514,0.1998133554541684,1000.0,25.0,148.05715927001245,0.0,304.3057555781174,1000.0,5.0,38.98491912069681,0.0,168.51233902304006,5
20177,20,9,1,46,502,22,0.864460279358119,0.6264577466119795,0.3186723873967528,1000.0,40.0,160.25180214338369,0.0,319.2313912730223,1000.0,8.0,36.12020046496683,0.0,157.53036256693824,9
20179,20,8,1,1,837,7,0.9991742361684558,0.8513625103220479,0.4880264244426094,2000.0,50.0,398.24194880264247,0.0,457.2199583504973,1000.0,6.0,382.73955408753096,0.0,461.58756941906597,8
20181,20,2,1,2,871,9,0.9709802598279061,0.6996794331027502,0.26235869748608065,1000.0,25.0,151.43503425004218,0.0,281.8506624009623,1000.0,3.0,47.69999730048929,0.0,93.11273187944452,2
20183,20,4,1,2,1012,9,0.962074019787468,0.8252106998900697,0.6310003664345915,2000.0,1000.0,628.3356247709784,0.0,475.03734932165855,1000.0,1000.0,619.1789791132283,0.0,484.22696836042815,4
20185,20,8,1,2,742,12,0.9770794162413824,0.8948428686543111,0.6621004566210046,1000.0,100.0,162.93436082012713,0.0,276.6597781889129,1000.0,10.0,32.060409257767034,0.0,130.9838736142084,8
20187,20,1,1,1,602,6,0.9994535519125683,0.9994535519125683,0.10163934426229508,2000.0,80.0,73.87704918032787,0.0,79.01082462491455,1000.0,20.0,36.93005464480874,0.0,75.46956358975359,1
20189,20,3,1,2,770,6,0.9963073676806752,0.9963073676806752,0.05415860735009671,2000.0,80.0,66.74415333216106,0.0,57.37459944186732,1000.0,20.0,26.24187234042553,0.0,55.534149804359274,3
20191,20,12,1,6,1381,18,0.6897226547704222,0.6042254113884096,0.21720466310340475,2000.0,40.0,181.9050352257902,0.0,355.4867907492145,1000.0,6.0,120.58027208450824,0.0,311.6298788407419,12
20193,20,6,1,2,1103,9,0.9951649110689,0.656536004144362,0.28760145052667935,1000.0,25.0,121.34409013987222,0.0,217.78494674142812,1000.0,3.0,108.73019996546365,0.0,223.31820432602115,6
20195,20,4,1,1,912,6,0.9991652754590985,0.9891485809682805,0.9524207011686143,1000.0,1000.0,953.4390651085142,0.0,208.34506293359195,1000.0,1000.0,571.5308848080134,0.0,467.4929831542783,4
20197,20,7,1,2,754,13,0.7198483301735453,0.6540275144621068,0.36157697729813815,1000.0,25.0,163.14780516260757,0.0,323.8197932870579,1000.0,5.0,125.96699509017549,0.0,315.35690515490785,7
20199,20,3,1,1,371,6,0.9848024316109423,0.8551165146909828,0.14792299898682879,250.0,25.0,58.34346504559271,4.0,80.34858534899041,250.0,3.0,26.756838905775076,1.0,64.65987525174837,3
20201,20,6,1,2,963,11,0.5940001929198419,0.4693739751133404,0.18838622552329506,1000.0,6.0,162.39273000868138,0.0,347.4137440102961,1000.0,1.0,129.49815105623614,0.0,331.29442987369504,6
20203,20,2,1,1,387,7,0.9829931972789115,0.7904761904761904,0.13401360544217686,250.0,25.0,57.12517006802721,0.0,76.77659211043544,250.0,3.0,7.129251700680272,0.0,11.861768832452844,2
20205,20,4,1,4,621,16,0.6466110379153858,0.5180793441663006,0.10481627872932221,2000.0,30.0,86.46008842043624,0.0,241.25750783250524,1000.0,3.0,11.710954765041723,0.0,40.41685462367735,4
20207,20,7,1,2,651,9,0.6063327032136105,0.574747952110901,0.012287334593572778,1000.0,40.0,35.884563642092,0.0,109.16623118177165,35.0,5.0,4.931877284183995,0.0,5.285197358127768,7
20209,20,4,1,64,216,22,0.9311909262759924,0.799905482041588,0.5313799621928167,2000.0,100.0,498.79102835538754,0.0,705.204555853588,2000.0,20.0,172.48256786389413,0.0,363.51333339020675,4
21001,21,1,1,7,207,9,0.8570135746606334,0.6470588235294118,0.49411764705882355,1000.0,50.0,180.9628959276018,0.0,312.7518919281695,1000.0,10.0,158.47000904977375,0.0,318.8886468774138,1
21003,21,1,1,6,219,10,0.9744058500914077,0.9606946983546618,0.6636197440585009,1000.0,1000.0,665.8404936014625,0.0,462.1167281792212,1000.0,1000.0,659.0304168190128,0.0,471.55272645259174,1
21005,21,1,1,6,218,10,0.9424986931521171,0.7757449032932566,0.22007318348144275,1000.0,25.0,235.25492943021433,0.0,405.2302243995011,1000.0,3.0,56.656851019341346,0.0,213.6447655682163,1
21007,21,1,1,3,397,8,0.9920318725099602,0.9880478087649402,0.8944223107569721,1200.0,1024.0,918.9661354581673,0.0,312.1385101202754,1024.0,1024.0,680.7333227091634,0.0,475.9745546031162,1
21009,21,3,1,13,252,12,0.9761117236310181,0.7396177875780963,0.5341786108048512,1200.0,100.0,351.77995222344725,0.0,457.9825053787604,1000.0,20.0,261.64096361631755,0.0,427.096733375729,3
21011,21,1,1,4,204,9,0.9229756418696511,0.8610928242264648,0.32323897300855825,1000.0,50.0,272.8670177748519,0.0,410.7968361665816,1000.0,20.0,139.18384726793943,0.0,310.1934111330264,1
21013,21,3,1,9,330,11,0.9265428727471328,0.7648825778263244,0.5450573457127252,1000.0,1000.0,552.3618263244128,0.0,489.33508596072545,1000.0,35.0,52.14436155106499,0.0,176.7338936538773,3
21015,21,2,1,30,170,15,0.9103724329968674,0.6273929690219283,0.38339714584058476,1000.0,25.0,390.4995649147233,0.0,477.4021765382206,500.0,4.0,84.36342081447964,0.0,175.07243132509217,2
21017,21,2,1,8,219,11,0.9376777251184835,0.8293838862559242,0.20900473933649288,1000.0,25.0,225.520663507109,0.0,396.29923986711884,1000.0,17.5,67.04849289099526,0.0,221.3942788220873,2
21019,21,3,1,15,290,17,0.8193179411141708,0.5712772717644566,0.4296759161194662,1000.0,25.0,338.77690108027963,0.0,435.0202132463044,1000.0,4.0,61.39461131116289,0.0,181.5720499595694,3
21021,21,2,1,7,231,12,0.9217975937721161,0.7245222929936306,0.23885350318471338,1000.0,25.0,253.2047169143666,0.0,418.0406643990416,1000.0,4.0,69.1403170559094,0.0,236.5799388815797,2
21023,21,2,1,3,256,9,0.6684428656009473,0.6127886323268206,0.2172883362936649,1000.0,25.0,85.36767317939609,0.0,201.1566710900384,1000.0,10.0,56.73371936056838,0.0,185.18819972688536,2
21025,21,2,1,7,208,12,0.9795180722891567,0.8755020080321285,0.41646586345381525,1000.0,25.0,309.3089574297189,0.0,434.67516825147703,1000.0,10.0,284.36842088353416,0.0,443.22091875516685,2
21027,21,2,1,6,321,10,0.8604749787955894,0.5525869380831213,0.18617472434266327,1000.0,25.0,200.29968787107717,0.0,381.604455438356,1000.0,3.0,19.951210347752333,0.0,41.63113903196395,2
21029,21,2,1,22,165,12,0.9062299293513166,0.8375080282594733,0.5597302504816956,1000.0,100.0,452.1178895311497,0.0,471.0161418377813,1000.0,35.0,101.28889916506101,0.0,246.51079271958338,2
21031,21,1,1,6,198,11,0.9007731958762887,0.44329896907216493,0.23324742268041238,1000.0,12.0,232.87207216494846,0.0,409.80110579737135,500.0,1.5,64.40761340206186,0.0,156.92133049749654,1
21033,21,2,1,4,330,12,0.9057017543859649,0.618421052631579,0.31067251461988304,1000.0,25.0,261.3100730994152,0.0,417.2739431645139,250.0,4.0,15.982203216374268,0.0,30.143434739375373,2
21035,21,2,1,11,393,16,0.8842105263157894,0.7725625539257981,0.6110440034512511,1000.0,300.0,503.36624124245037,0.0,459.48632346323876,1000.0,20.0,188.10955513373597,0.0,369.9233469500968,2
21037,21,7,1,25,197,14,0.9597568037058483,0.6915653348774368,0.4476934954641961,1000.0,50.0,438.3982821849064,0.0,481.28752349417266,500.0,5.0,95.94327581547964,0.0,183.0846209629567,7
21039,21,1,1,3,215,7,0.9360374414976599,0.8814352574102964,0.7004680187207488,1000.0,1000.0,585.0429017160686,0.0,467.92113980717073,1000.0,25.0,343.4178034321373,0.0,445.4252916542988,1
21041,21,1,1,3,310,14,0.8720083246618107,0.6305931321540063,0.44016649323621226,1000.0,30.0,370.2214984391259,0.0,463.2163371452395,500.0,20.0,23.9735691987513,0.0,37.58173794701868,1
21043,21,1,1,8,237,11,0.9179197994987469,0.5755012531328321,0.3198621553884712,1000.0,25.0,183.52271303258146,0.0,315.61469752440337,1000.0,4.0,49.70957393483709,0.0,164.01697845771005,1
21045,21,1,1,6,158,6,0.8846597462514417,0.7243367935409458,0.5005767012687428,1000.0,100.0,267.83621683967704,0.0,393.91588773277954,1000.0,35.0,70.69762399077277,0.0,145.63945544203324,1
21047,21,2,1,21,342,14,0.8440736478711163,0.6449942462600691,0.38703490602224777,1200.0,25.0,367.0316156501726,0.0,474.53069085134973,1000.0,3.0,113.1987855772919,0.0,298.4810885363153,2
21049,21,1,1,10,170,14,0.9306446684998473,0.7522150931866789,0.25022914757103576,1000.0,25.0,265.52980629391993,0.0,424.44878720816007,1000.0,25.0,110.99663794683777,0.0,292.9777673590163,1
21051,21,1,1,8,196,5,0.9294636296840558,0.8280675973548861,0.5973548861131521,1000.0,100.0,446.84533431300514,0.0,467.82080389138645,1000.0,35.0,162.22911682586334,0.0,318.4478739665053,1
21053,21,1,1,4,174,7,0.825,0.6931818181818182,0.4375,1000.0,25.0,366.19204545454545,0.0,461.22882567060594,1000.0,25.0,86.73166363636363,0.0,223.53061662727714,1
21055,21,1,1,4,239,10,0.9140070921985816,0.598404255319149,0.25975177304964536,1000.0,25.0,180.50851773049646,0.0,353.65504371628504,400.0,3.0,13.462258865248227,0.0,34.63905667001958,1
21057,21,1,1,2,265,9,0.8911439114391144,0.6623616236162362,0.48154981549815495,1200.0,25.0,451.5608856088561,0.0,484.84516744729547,1000.0,10.0,175.42157195571954,0.0,352.756276974354,1
21059,21,2,1,24,358,18,0.7722984023147565,0.6544219398666499,0.5311988929425084,1200.0,100.0,336.9817056233489,0.0,446.14319152328267,1000.0,10.0,120.05653742609132,0.0,309.9556074456789,2
21061,21,1,1,5,135,12,0.8265486725663717,0.7415929203539823,0.5964601769911504,1200.0,100.0,350.59471150442477,0.0,430.63938069934676,1000.0,50.0,183.85849203539823,0.0,319.6413327278689,1
21063,21,1,1,3,178,7,0.9876543209876543,0.42328042328042326,0.41798941798941797,1000.0,12.0,424.66931216931215,0.0,488.00532611288554,1000.0,3.0,412.9461305114639,0.0,490.772266253872,1
21065,21,1,1,6,174,11,0.956064947468959,0.9092645654250239,0.4680038204393505,1000.0,40.0,211.3906399235912,0.0,285.13665039074317,1000.0,20.0,109.23301623686723,0.0,267.9522109442483,1
21067,21,1,1,82,260,22,0.8914523974982627,0.8623349548297429,0.6207088255733147,1000.0,1000.0,552.8212300208478,0.0,477.13070348194054,1000.0,35.0,307.98986073662263,0.0,435.32223822189866,1
21069,21,1,1,4,297,8,0.9097596861206474,0.8234428641490927,0.26924963217263365,1000.0,50.0,228.88769004413928,0.0,382.01066712124185,1000.0,20.0,63.466740559097595,0.0,191.63171493173314,1
21071,21,1,1,14,312,16,0.9042832167832168,0.7469405594405595,0.7111013986013986,1000.0,1000.0,713.3181276223776,0.0,448.62917261269905,1000.0,40.0,52.63249475524476,0.0,151.25938678117362,1
21073,21,2,1,20,208,14,0.921079064428182,0.8260869565217391,0.4762519730233893,1000.0,25.0,333.18737092839723,0.0,417.21512353396787,1000.0,4.0,271.99081073324726,0.0,441.08517552237197,2
21075,21,2,1,2,320,11,0.9371601208459215,0.6803625377643504,0.313595166163142,1000.0,25.0,281.0335782477341,0.0,419.9510096804288,1000.0,3.0,52.11506706948641,0.0,196.91813928796242,2
21077,21,2,1,3,193,8,0.9778393351800554,0.6306555863342567,0.4616805170821791,1000.0,50.0,301.44506001846725,0.0,430.3349117886349,500.0,5.0,116.06567682363804,0.0,195.40623232881208,2
21079,21,1,1,6,138,7,0.9247889485801996,0.7643898695318496,0.2870299309286262,1000.0,25.0,222.68726016884114,0.0,382.67535693899356,1000.0,5.0,137.6935134305449,0.0,315.1795972156113,1
21081,21,2,1,7,237,11,0.9801034619976124,0.6494230003979308,0.3871866295264624,1000.0,25.0,330.72701949860726,0.0,440.1960065449202,500.0,4.0,109.39385594906487,0.0,196.82211965677152,2
21083,21,2,1,10,574,16,0.9490966221523959,0.808012568735271,0.6487038491751768,1200.0,1000.0,650.8028373919874,0.0,469.06664159699903,1000.0,25.0,347.3457338570306,0.0,464.6132875207402,2
21085,21,1,1,9,228,13,0.9033180778032036,0.7877574370709383,0.5303203661327232,1200.0,100.0,391.26029748283753,0.0,480.18021836507097,1000.0,35.0,154.97797254004576,0.0,304.626224933835,1
21087,21,1,1,4,220,9,0.9114713216957606,0.7493765586034913,0.49002493765586036,1200.0,50.0,317.8285536159601,0.0,427.24720523039275,1000.0,25.0,307.49956109725684,0.0,430.11816964283895,1
21089,21,3,1,9,448,11,0.8352103559870551,0.515210355987055,0.3623300970873786,1000.0,25.0,250.55501618122977,0.0,388.6470849716091,1000.0,4.0,30.084298252427185,0.0,69.4860765971722,3
21091,21,1,1,3,310,9,0.8916055419722901,0.2273838630806846,0.10920945395273024,1200.0,15.0,57.365424612876936,0.0,204.25106283633664,400.0,3.0,5.654322738386308,0.0,25.969568890260756,1
21093,21,5,1,28,401,16,0.9516751115480602,0.9181728805868562,0.4866520456779853,1200.0,75.0,422.0824170006806,0.0,493.2230684093245,1000.0,10.0,66.6850018906451,0.0,188.50970497818153,5
21095,21,2,1,11,390,12,0.9264990328820116,0.8024316109422492,0.5987841945288754,1000.0,100.0,103.16949875656259,0.0,157.0657650408977,1000.0,20.0,25.8581630284609,0.0,76.25451374315863,2
21097,21,1,1,5,255,13,0.9507309149972929,0.7758527341635084,0.16675690308608554,1000.0,25.0,185.10532539252844,0.0,364.0786601622218,1000.0,3.0,42.39394044396318,0.0,180.34884372676305,1
21099,21,2,1,6,259,8,0.998006379585327,0.8289473684210527,0.7420255183413078,1200.0,100.0,475.97966507177034,0.0,486.5988995218986,1000.0,10.0,242.51107177033495,0.0,413.53067864289403,2
21101,21,1,1,14,314,14,0.7817777777777778,0.546,0.24466666666666667,1200.0,25.0,235.76227555555556,0.0,408.49085618266315,1000.0,4.0,27.58788622222222,0.0,133.18600579527146,1
21103,21,2,1,5,161,10,0.9215442092154421,0.7521793275217933,0.21980074719800746,1000.0,25.0,229.999800747198,0.0,401.5682009308803,1000.0,3.0,13.452072229140722,0.0,57.215129520659225,2
21105,21,1,1,1,350,13,0.877521613832853,0.49855907780979825,0.2665706051873199,1000.0,20.0,254.41889913544668,0.0,419.44650073994245,1000.0,3.0,100.7560576368876,0.0,285.63618215808975,1
21107,21,2,1,13,379,15,0.9004141195030566,0.7231315322421613,0.47327943206468154,1000.0,25.0,300.6202240189312,0.0,427.29754533695655,1000.0,4.0,15.186433445079865,0.0,37.152349761858616,2
21109,21,1,1,5,138,4,0.9893617021276596,0.9840425531914894,0.9813829787234043,1000.0,1000.0,979.2047872340426,0.0,141.31082743496552,1000.0,1000.0,976.6067872340426,0.0,149.6653386152717,1
21111,21,3,1,216,340,33,0.880923238328379,0.7002753977968176,0.4534009442210177,1000.0,50.0,390.50951346389235,0.0,464.0206206473309,1000.0,10.0,144.4698310893513,0.0,333.75545732105195,3
21113,21,1,1,11,196,14,0.9332709697536639,0.8705955721858435,0.5949485500467727,1000.0,1000.0,534.4870595572186,0.0,480.77672853310327,1000.0,35.0,312.5633077642657,0.0,441.59029442452777,1
21115,21,2,1,7,251,10,0.8683396356136129,0.7896184255757992,0.6861464420763149,1000.0,1000.0,689.7194431075972,0.0,458.5707352719541,1000.0,50.0,418.4280302509453,0.0,482.50067144954284,2
21117,21,6,1,44,357,12,0.9547927218157944,0.6794847745888827,0.42080910398299254,1000.0,25.0,430.16951166135186,0.0,485.26476488292985,500.0,4.0,95.67375976989933,0.0,184.49260046936962,6
21119,21,1,1,5,235,7,0.9908163265306122,0.7285714285714285,0.7010204081632653,1000.0,1000.0,607.7341836734694,0.0,454.0214375845711,1000.0,35.0,463.9934163265306,0.0,492.2234506546138,1
21121,21,3,1,11,238,12,0.9436579023403641,0.8494654724068188,0.6431667148223057,1000.0,1000.0,605.3346015602427,0.0,475.1782719251054,1000.0,35.0,367.2243282288356,0.0,465.55388403931903,3
21123,21,1,1,5,257,11,0.9585037989479837,0.8515488018702513,0.6645236703682057,1200.0,100.0,384.5476540035067,0.0,474.63593934531093,1000.0,10.0,197.61165867913502,0.0,378.3062077285613,1
21125,21,3,1,16,227,13,0.878437419686456,0.7645849396042148,0.5140066820868672,1000.0,100.0,410.9428352608584,0.0,466.9261420846128,1000.0,35.0,57.36072269339502,0.0,149.9696956055609,3
21127,21,1,1,6,281,9,0.9827188940092166,0.8986175115207373,0.7845622119815668,1000.0,1000.0,686.3733133640552,0.0,436.9861307497541,1000.0,1000.0,601.5080714285714,0.0,485.03779169798435,1
21129,21,1,1,3,253,9,0.9658823529411765,0.8458823529411764,0.2188235294117647,1000.0,25.0,197.0229411764706,0.0,349.7455684709573,1000.0,10.0,149.82776,0.0,345.1190395699377,1
21131,21,1,1,4,280,8,0.970954356846473,0.6315352697095435,0.45560165975103734,1000.0,50.0,301.44979253112035,0.0,431.2969471893547,1000.0,10.0,163.0451950207469,0.0,347.60901506556155,1
21133,21,2,1,10,227,8,0.9220231822971549,0.7939936775553214,0.7054794520547946,1000.0,1000.0,671.2914920969442,0.0,458.8448446797316,1000.0,20.0,108.62898208640674,0.0,275.2210650572978,2
21135,21,1,1,4,284,10,0.7235772357723578,0.5982384823848238,0.3902439024390244,1000.0,50.0,275.00575880758805,0.0,412.633325306203,300.0,25.0,39.35453387533875,0.0,56.11130402788161,1
21137,21,1,1,7,241,10,0.9235064209938582,0.7716359575656058,0.2629815745393635,1000.0,25.0,206.6827403685092,0.0,372.28640697469854,1000.0,5.0,18.094106085985484,0.0,49.40179233990846,1
21139,21,1,1,3,351,13,0.9293044469783353,0.758266818700114,0.5096921322690992,1200.0,100.0,295.0390741163056,0.0,425.7432386183725,1000.0,15.0,57.732957810718354,0.0,161.7030538090511,1
21141,21,2,1,6,387,10,0.9485567970204841,0.7623370577281192,0.33054003724394787,1000.0,30.0,344.0738072625698,0.0,460.53765661747315,1000.0,2.0,257.0229227188082,0.0,390.28964913412375,2
21143,21,1,1,3,292,12,0.8706140350877193,0.625,0.3607456140350877,1000.0,25.0,285.68873684210524,0.0,430.78068769465403,1000.0,3.0,121.18839473684211,0.0,314.4975166855686,1
21145,21,2,1,19,400,18,0.8801440329218106,0.5994084362139918,0.4940843621399177,10000.0,25.0,535.325704218107,0.0,586.6745440411066,10000.0,4.0,95.05110390946501,0.0,306.6983578523691,2
21147,21,1,1,6,252,6,0.9873417721518988,0.9873417721518988,0.8632911392405064,1000.0,1000.0,866.4101265822785,0.0,335.92415916167096,1000.0,1000.0,862.5360101265823,0.0,343.8156941797879,1
21149,21,1,1,3,317,10,0.9307048984468339,0.5639187574671446,0.3763440860215054,1000.0,25.0,136.82729749103945,0.0,283.29450853719214,100.0,5.0,11.228610513739545,0.0,18.580740842331437,1
21151,21,2,1,31,258,12,0.9257025158158011,0.8153597175224364,0.5706929527732824,1000.0,1000.0,541.3609080476681,0.0,484.8150054144229,1000.0,35.0,282.1124101809622,0.0,431.48919536166676,2
21153,21,1,1,5,160,2,1.0,0.5,0.5,1000.0,505.0,505.0,10.0,495.2680747556376,1000.0,501.5,501.5,3.0,498.769970233708,1
21155,21,1,1,6,254,11,0.92431640625,0.6826171875,0.27294921875,1200.0,25.0,173.539794921875,0.0,338.03840696819555,1000.0,5.0,54.805705078125,0.0,167.91037408174222,1
21157,21,1,1,10,358,13,0.9154761904761904,0.7261904761904762,0.5714285714285714,1200.0,1000.0,537.6295619047619,0.0,481.4130215930253,1000.0,35.0,150.43292976190475,0.0,316.1231554440638,1
21159,21,1,1,4,184,5,0.9546485260770975,0.8390022675736961,0.6575963718820862,1000.0,1000.0,663.3719637188209,0.0,467.07218801177595,1000.0,50.0,61.485015873015875,0.0,165.32296499084953,1
21161,21,1,1,5,318,13,0.7208661417322835,0.6452755905511811,0.20590551181102362,1000.0,50.0,70.11126299212599,0.0,130.2110626067543,1000.0,20.0,31.481691338582678,0.0,109.2291982427639,1
21163,21,2,1,9,178,11,0.9513274336283186,0.8438685208596713,0.6125158027812895,1200.0,1000.0,620.8024652338812,0.0,476.0410612996053,100.0,35.0,44.69134386852086,0.0,41.37077821973623,2
21165,21,1,1,2,160,6,0.9937888198757764,0.5900621118012422,0.4083850931677019,1000.0,25.0,417.777950310559,0.0,484.1304806686242,1000.0,4.0,405.80940372670807,0.0,489.31557202881845,1
21167,21,2,1,5,273,9,0.9654352992006913,0.8589328148628214,0.2056599697558868,1000.0,25.0,222.60868697342838,0.0,394.61889718186086,1000.0,4.0,49.471105638366815,0.0,197.03487791503434,2
21169,21,1,1,3,277,7,0.9974842767295597,0.5610062893081761,0.5081761006289308,1000.0,1000.0,513.7779874213836,0.0,492.09088297721456,1000.0,50.0,348.7048855345912,0.0,466.37782096197503,1
21171,21,1,1,4,242,7,0.9561643835616438,0.6045662100456621,0.4684931506849315,1000.0,25.0,401.21643835616436,0.0,472.3879975241256,1000.0,25.0,212.77624840182648,0.0,382.7085868616224,1
21173,21,1,1,7,218,11,0.9518072289156626,0.8795180722891566,0.21958802953750486,1000.0,25.0,241.66551729498642,0.0,401.6387261237241,1000.0,20.0,48.29312553439565,0.0,168.74327562124017,1
21175,21,1,1,5,252,4,1.0,0.5151045701006971,0.5127807900852053,1000.0,1000.0,518.6529821843532,6.0,494.00414941610006,1000.0,1000.0,514.2407188226182,0.768,498.53200956074994,1
21177,21,1,1,10,348,13,0.8813485113835376,0.5328371278458844,0.398861646234676,1200.0,25.0,386.2055481611208,0.0,532.5711320727125,500.0,3.0,37.76524868651488,0.0,104.53497685234477,1
21179,21,2,1,11,213,14,0.9535577332765233,0.8057094162760972,0.4224541968470388,1000.0,25.0,151.56544524925437,0.0,229.50845112367253,1000.0,5.0,33.455776736259054,0.0,159.38784149070824,2
21181,21,1,1,2,252,9,0.9703849950641659,0.773938795656466,0.10266535044422508,1000.0,25.0,128.10888845014807,0.0,290.8035878631341,200.0,4.0,12.059605133267521,0.0,13.044387635782018,1
21183,21,1,1,8,334,11,0.8334504567814477,0.3341531974701335,0.1791988756148981,1000.0,15.0,183.9082304989459,0.0,371.9338381158948,500.0,3.0,9.066569219957834,0.0,27.390136558124567,1
21185,21,1,1,15,181,11,0.927710843373494,0.7208835341365462,0.37664945496270796,1000.0,25.0,339.79745611015494,0.0,453.611035298552,1000.0,3.0,77.81701090074583,0.0,244.958418164939,1
21187,21,1,1,4,214,9,0.9717138103161398,0.8519134775374376,0.4101497504159734,1000.0,50.0,95.74967387687188,0.0,153.59972427416392,500.0,20.0,43.565577371048256,0.0,72.81631030940244,1
21189,21,1,1,2,173,4,0.9959677419354839,0.9919354838709677,0.8266129032258065,1000.0,1000.0,830.8024193548387,2.0,370.18472967316177,1000.0,1000.0,827.1436612903226,0.128,378.18625552831054,1
21191,21,1,1,4,273,12,0.9534501642935378,0.6527929901423878,0.32201533406352684,1000.0,25.0,333.55859802847755,0.0,456.3361487697186,500.0,4.0,102.35618400876231,0.0,192.00170701008616,1
21193,21,2,1,10,334,10,0.9197224975222993,0.8277998017839445,0.7400891972249752,1000.0,1000.0,632.6954905847374,0.0,460.39468070536,1000.0,20.0,202.07049355797818,0.0,364.3355957947033,2
21195,21,2,1,22,223,13,0.9176829268292683,0.6633638211382114,0.5823170731707317,1000.0,200.0,424.07706910569107,0.0,453.3237990708184,1000.0,20.0,130.01698983739837,0.0,313.0641082157426,2
21197,21,1,1,4,210,10,0.9365217391304348,0.8,0.24782608695652175,1000.0,25.0,185.70487652173912,0.0,313.3879901596806,1000.0,10.0,106.63384695652174,0.0,288.2266618153729,1
21199,21,4,1,21,382,13,0.9120572537603105,0.8452207666181465,0.6034691897137312,1000.0,200.0,516.4672489082969,0.0,480.56425126560157,1000.0,35.0,128.5072120329937,0.0,290.45565450079994,4
21201,21,1,1,1,153,6,0.9022222222222223,0.8444444444444444,0.07555555555555556,200.0,50.0,50.093333333333334,0.0,39.05533734331326,200.0,20.0,28.873973333333335,0.0,41.93612027514502,1
21203,21,1,1,5,199,10,0.9406332453825857,0.8865435356200527,0.46701846965699206,1000.0,25.0,267.77227440633243,0.0,385.58136537253586,1000.0,10.0,68.3605197889182,0.0,166.0370118206649,1
21205,21,1,1,6,210,10,0.9184115523465703,0.8483754512635379,0.5501805054151625,1000.0,100.0,419.03285198555955,0.0,467.5937939165508,1000.0,35.0,65.86617761732852,0.0,172.50046695915745,1
21207,21,1,1,5,242,7,0.9845916795069337,0.8813559322033898,0.7426810477657936,1000.0,1000.0,715.4899845916796,0.0,442.802442824968,1000.0,1000.0,709.254434514638,0.0,452.3618599218065,1
21209,21,1,1,19,187,16,0.912706887346503,0.7725573945541911,0.3408969567538708,1000.0,25.0,350.2690165509877,0.0,463.6027113805038,1000.0,3.0,117.82050827549386,0.0,307.12665136942417,1
21211,21,1,1,12,235,11,0.9119545571908082,0.7717531629227988,0.2569067906016008,1000.0,25.0,240.43277252775627,0.0,403.70952787076277,1000.0,3.0,37.91128530854635,0.0,161.94450946982704,1
21213,21,1,1,5,236,15,0.9302325581395349,0.7815177478580171,0.5018359853121175,1200.0,1000.0,549.2102545899633,0.0,534.2284918260535,1000.0,35.0,310.720423500612,0.0,451.66447887412056,1
21215,21,1,1,4,182,7,0.9477325134511914,0.7632590315142198,0.23674096848578016,1000.0,25.0,227.54599538816296,0.0,395.8608924247896,1000.0,3.0,46.20382782475019,0.0,187.40637938852288,1
21217,21,2,1,7,196,9,0.9238657551274083,0.8536357986326911,0.5021752641392169,1200.0,100.0,461.21737103791173,0.0,541.4859798997803,1000.0,35.0,103.4668141702921,0.0,245.75718661806584,2
21219,21,1,1,4,301,9,0.9164882226980728,0.6531049250535332,0.40471092077087795,1200.0,25.0,413.3175888650964,0.0,483.7177231547919,1000.0,2.0,231.47637259100642,0.0,406.17606378182467,1
21221,21,2,1,5,240,10,0.9099167297501892,0.6449659348978047,0.4080242240726722,1000.0,25.0,415.10760333081,0.0,483.81251996232066,1000.0,3.0,169.90717638152915,0.0,357.6860632289414,2
21223,21,1,1,2,172,9,0.8908045977011494,0.5862068965517241,0.3486590038314176,1000.0,25.0,340.03150957854405,0.0,461.32702755504397,1000.0,3.0,17.131003831417626,0.0,47.517994638216884,1
21225,21,1,1,4,427,9,0.8494023904382471,0.401593625498008,0.2653386454183267,1000.0,20.0,260.77225498007965,0.0,424.342001447223,250.0,3.0,12.675458964143427,0.0,20.793505831220465,1
21227,21,2,1,27,287,20,0.8197504645606584,0.6436156092381206,0.4715954340323865,1000.0,25.0,465.24562622776745,0.0,490.7600687510593,1000.0,3.0,107.04397398460314,0.0,283.60617997416267,2
21229,21,1,1,4,198,9,0.9540612516644474,0.748335552596538,0.10719041278295606,1000.0,25.0,124.95067376830893,0.0,302.33698472796857,1000.0,3.0,31.073848202396803,0.0,156.4302700302887,1
21231,21,1,1,9,166,10,0.883876357560568,0.7284878863826232,0.3717627401837928,1000.0,25.0,120.3483709273183,0.0,235.2541058916914,1000.0,15.0,78.9548671679198,0.0,204.44487232614745,1
21233,21,1,1,4,547,8,0.8114846996599925,0.5425009444654325,0.33887419720438233,1000.0,25.0,187.61541518700417,0.0,355.3094723577133,250.0,4.0,9.591202871174914,0.0,17.73118902148609,1
21235,21,3,1,12,312,12,0.8911772891733927,0.742833286946841,0.5232396326189813,1000.0,1000.0,527.5486579460061,0.0,491.5393707978048,1000.0,25.0,67.83883328694684,0.0,217.20175643002185,3
21237,21,1,1,2,248,6,0.9937810945273632,0.5572139303482587,0.43656716417910446,1000.0,25.0,444.8320895522388,0.0,489.0064396789001,1000.0,10.0,438.70678606965174,0.0,494.3871303661332,1
21239,21,1,1,8,190,13,0.9453389830508474,0.7067796610169491,0.5059322033898305,1000.0,100.0,428.1040254237288,0.0,473.36239954409604,1000.0,35.0,257.82324237288134,0.0,415.3172633514774,1
22001,22,1,1,21,382,16,0.9558929862617498,0.734996384671005,0.25259098577970596,1000.0,50.0,220.6923856350928,0.0,378.9178586592897,1000.0,35.0,26.50926801638949,0.0,25.032463786609338,1
22003,22,1,1,7,311,9,0.8821192052980132,0.4741721854304636,0.1490066225165563,1000.0,18.0,59.23959470198675,0.0,101.22308567324956,100.0,1.5,4.938647682119205,0.0,8.36042265945783,1
22005,22,1,1,29,297,14,0.7655590233155866,0.7156232788691023,0.5709564898109051,1000.0,1000.0,567.5588889296861,0.0,488.30720453873334,1000.0,35.0,277.2588008077841,0.0,434.68962597772236,1
22007,22,1,1,7,184,11,0.9254992319508448,0.7434715821812596,0.5729646697388633,1000.0,1000.0,561.1202549923196,0.0,487.0195336238893,1000.0,35.0,157.63809831029187,0.0,340.1740865329338,1
22009,22,1,1,12,331,8,0.8983935742971888,0.6156626506024097,0.02650602409638554,1024.0,25.0,31.26814457831325,0.0,76.27528647224773,1024.0,2.0,7.523967871485944,0.0,59.27481494739214,1
22011,22,1,1,9,364,9,0.8992901508429458,0.5350488021295474,0.25332741792369123,1000.0,25.0,259.13161845607806,0.0,422.3691015036887,1000.0,3.0,16.707634427684116,0.0,52.06046413732647,1
22013,22,1,1,5,398,8,0.8837052062204191,0.4415145368492224,0.10480054090601758,1000.0,18.0,119.70180662609872,0.0,301.45881212272485,50.0,1.5,6.825845841784989,0.0,14.820418289347055,1
22015,22,1,1,33,237,16,0.8971544715447154,0.6784552845528455,0.4540650406504065,1200.0,40.0,408.50329756097557,0.0,471.5164273034635,1000.0,5.0,103.41539349593495,0.0,273.7343795243182,1
22017,22,1,1,74,395,21,0.844234714813295,0.5998358637669265,0.4434140336479278,1200.0,25.0,485.9675745588838,0.0,560.6623429259797,1000.0,3.0,61.42222683627411,0.0,206.89923143150904,1
22019,22,1,1,56,379,17,0.9098506978253814,0.7223304122038299,0.47395326192794546,1000.0,25.0,371.9093518338202,0.0,460.6744186213941,1000.0,4.0,88.020217624148,0.0,243.068395810036,1
22021,22,1,1,3,209,8,0.8807631160572337,0.4133545310015898,0.2845786963434022,1000.0,18.0,291.1670079491256,0.0,444.144635164904,300.0,1.5,15.605138314785373,0.0,24.632368731277996,1
22023,22,1,1,4,339,10,0.968609865470852,0.3721973094170404,0.29895366218236175,1000.0,10.0,74.89093572496263,0.0,191.65426851636323,500.0,1.0,24.46096860986547,0.0,48.69415460960608,1
22025,22,1,1,3,259,7,0.8163672654690619,0.2315369261477046,0.001996007984031936,100.0,10.0,13.921764471057884,0.0,12.067223454648351,100.0,1.0,1.7711576846307386,0.0,4.800611504494591,1
22027,22,1,1,6,275,9,0.89792663476874,0.6355661881977671,0.2807017543859649,1000.0,36.0,295.29166826156296,0.0,440.5376031712726,50.0,4.0,16.045985645933015,0.0,21.301612503957255,1
22029,22,1,1,6,266,12,0.8340535868625756,0.37337942955920483,0.12359550561797752,1028.0,18.0,51.539436473638716,0.0,98.31032997612384,1028.0,1.5,6.132895419187554,0.0,31.529640390966886,1
22031,22,1,1,9,383,13,0.9097457627118644,0.625,0.2902542372881356,1200.0,25.0,307.44083050847456,0.0,460.5004224740655,1000.0,3.0,19.75089661016949,0.0,67.18046459872882,1
22033,22,4,1,108,422,19,0.930696455032486,0.7138189140924808,0.5220943044948516,1000.0,100.0,462.4341101105665,0.0,480.45355643161776,1000.0,20.0,155.98228868878,0.0,343.23608935413404,4
22035,22,1,1,3,235,7,0.9221789883268483,0.5369649805447471,0.2814526588845655,1000.0,25.0,293.7174370946822,0.0,442.3709364771811,50.0,3.0,15.70437354085603,0.0,21.518150837984667,1
22037,22,1,1,5,205,7,0.8891786179921773,0.48891786179921776,0.12385919165580182,1000.0,18.0,109.17289178617992,0.0,283.04176330640763,1000.0,1.5,36.96233116036506,0.0,177.08790093662773,1
22039,22,1,1,11,356,11,0.93734772015315,0.6599373477201531,0.3418029933867038,1000.0,40.0,162.23888478941873,0.0,208.51493148672088,940.0,3.0,9.378613296206057,0.0,20.04811568750441,1
22041,22,1,1,6,301,8,0.811623246492986,0.40681362725450904,0.21142284569138275,1000.0,18.0,222.65864128256513,0.0,402.8605160054507,50.0,1.5,11.886072144288576,0.0,19.81055823928399,1
22043,22,1,1,7,322,8,0.8922448979591837,0.5085714285714286,0.1730612244897959,1000.0,25.0,186.51727673469387,0.0,372.3818141439682,1000.0,2.0,17.28042448979592,0.0,86.44922051416044,1
22045,22,1,1,22,328,18,0.9423076923076923,0.7711687537268933,0.3555456171735242,1000.0,30.0,261.5012045319022,0.0,403.6656641295528,1000.0,30.0,31.27571258199165,0.0,107.96545646957662,1
22047,22,1,1,9,298,15,0.9437030859049208,0.6901584653878232,0.44954128440366975,1028.0,50.0,412.3906839032527,0.0,474.8891985431251,1028.0,10.0,34.932465387823186,0.0,135.97446697323758,1
22049,22,1,1,5,318,8,0.7547592385218365,0.2777155655095185,0.025755879059350503,1200.0,10.0,41.95724524076148,0.0,158.3554099386921,50.0,1.0,2.783410974244121,0.0,7.722968004926993,1
22051,22,1,1,127,352,23,0.9510335535180255,0.7647638765651188,0.5195701468993394,1000.0,100.0,357.8938517861251,0.0,443.5979075289464,1000.0,20.0,86.7589006539814,0.0,254.9330358952581,1
22053,22,1,1,8,483,17,0.9276966556759303,0.715732454074423,0.5664154498351389,1000.0,100.0,181.70668959020256,0.0,310.63403968932255,940.0,20.0,25.655586434291095,0.0,27.880224130019368,1
22055,22,1,1,58,374,23,0.9201856414370022,0.7801524093279092,0.5274164900017189,10000.0,150.0,1703.7375965163583,0.0,3277.4242260663277,10000.0,30.0,1418.804168681602,0.0,3368.402622385971,1
22057,22,1,1,26,440,16,0.8820361584818567,0.7366329016540583,0.5749455058340813,1200.0,300.0,369.4577925375048,0.0,416.85043378666944,1000.0,10.0,143.4549229388383,0.0,335.8229847193986,1
22059,22,1,1,3,494,6,0.7868150684931506,0.3073630136986301,0.02910958904109589,1024.0,10.0,24.502044520547944,0.0,68.98362513574234,1024.0,1.0,8.543547945205479,0.0,68.36316568192449,1
22061,22,1,1,12,281,12,0.883664369679773,0.5881637616538306,0.37940818808269156,1000.0,25.0,388.7121459262262,0.0,477.51920794817585,1000.0,4.0,42.89998621807864,0.0,150.88905861179606,1
22063,22,1,1,34,209,13,0.9259633181894666,0.7216893824667676,0.5265017667844523,1000.0,100.0,465.3993356890459,0.0,480.5623197054881,1000.0,20.0,154.74560255763083,0.0,341.9136176191077,1
22065,22,1,1,5,403,9,0.9736425935687928,0.39430680021085923,0.19399051133368478,1000.0,20.0,208.25112071692146,0.0,387.31236752035437,100.0,4.0,12.319843964153927,0.0,18.71444801886354,1
22067,22,1,1,8,358,13,0.9009353741496599,0.6828231292517006,0.42517006802721086,1200.0,25.0,362.131,0.0,431.01139086704325,1000.0,4.0,93.92366751700679,0.0,185.75830605660445,1
22069,22,1,1,11,394,15,0.9336650082918739,0.5580431177446102,0.4074074074074074,1000.0,25.0,192.1081558872305,0.0,353.1470351460992,50.0,3.0,18.76607517965727,0.0,20.895464846375898,1
22071,22,1,1,184,329,24,0.9360386221294363,0.8062630480167015,0.6252348643006264,1000.0,150.0,383.8480399791232,0.0,436.1204258030605,1000.0,20.0,65.9427149269311,0.0,210.69813521652844,1
22073,22,2,1,47,470,19,0.8876396237507349,0.5667989417989417,0.40483539094650206,5000.0,25.0,481.05882422104645,0.0,595.2287526541866,5000.0,3.0,88.8418201058201,0.0,333.28583996076077,2
22075,22,1,1,9,202,13,0.9339525283797729,0.717234262125903,0.48606811145510836,5000.0,75.0,279.86234055727556,0.0,413.87880615099937,5000.0,20.0,66.21559752321981,0.0,239.9344457181857,1
22077,22,1,1,7,271,10,0.8783068783068783,0.6587301587301587,0.4695767195767196,1028.0,50.0,450.3563994708995,0.0,491.8994458293061,1028.0,10.0,70.03623280423281,0.0,240.1027140969715,1
22079,22,1,1,39,558,20,0.9171676686706747,0.5232687597417056,0.3186372745490982,1000.0,25.0,329.69237140948565,0.0,458.1459446264586,1000.0,3.0,60.62689222890226,0.0,203.65391867578052,1
22081,22,1,1,2,250,9,0.8426501035196687,0.3581780538302277,0.2691511387163561,1200.0,18.0,37.90498550724638,0.0,66.13581086141207,40.0,1.5,11.712927536231884,0.0,17.17263745747214,1
22083,22,1,1,6,392,10,0.8903189703413542,0.5282596530498042,0.2417459429210968,1000.0,25.0,253.83213206491328,0.0,420.90435988257707,100.0,2.0,13.505556799104644,0.0,20.740780199605446,1
22085,22,1,1,9,390,7,0.9294117647058824,0.33689839572192515,0.0074866310160427805,100.0,15.0,19.287137967914436,0.0,14.779366046319046,40.0,2.0,3.2559614973262034,0.0,5.497536504237525,1
22087,22,1,1,17,308,13,0.98529700058812,0.7957263281709469,0.48892374044305037,1000.0,75.0,286.43351813369924,0.0,404.332733996899,1000.0,20.0,24.483279356988824,0.0,95.98919635655781,1
22089,22,1,1,13,281,13,0.9458073965580374,0.7297693152691321,0.4668619553277188,1200.0,50.0,405.75051775906263,0.0,471.1959147524359,1000.0,10.0,77.29062028560968,0.0,238.96183152411027,1
22091,22,1,1,3,153,7,0.8021052631578948,0.42526315789473684,0.10105263157894737,1000.0,15.0,119.92107789473685,0.0,295.6122211304383,1000.0,1.0,74.20783157894738,0.0,256.9210137852569,1
22093,22,1,1,7,258,12,0.9656862745098039,0.8035130718954249,0.3852124183006536,1200.0,35.0,236.48527287581697,0.0,349.97588497875364,1000.0,12.0,21.424616013071894,0.0,91.39932173343455,1
22095,22,1,1,11,335,13,0.9707754629629629,0.8518518518518519,0.5998263888888888,1200.0,300.0,385.66534953703706,0.0,452.49593424032423,1000.0,10.0,43.45049768518519,0.0,169.764366569332,1
22097,22,1,1,28,424,20,0.9254608294930876,0.6975806451612904,0.37891705069124426,1000.0,40.0,391.410464516129,0.0,474.86799611585934,1000.0,5.0,103.23355760368663,0.0,282.27236266246257,1
22099,22,1,1,17,344,15,0.9395833333333333,0.788425925925926,0.36944444444444446,1000.0,30.0,317.7031611111111,0.0,437.2389436770611,1000.0,10.0,41.36800092592593,0.0,153.02735617482256,1
22101,22,1,1,16,535,16,0.9640413962462726,0.7486405893702859,0.5025434134362392,1000.0,100.0,475.35580915628833,0.0,484.1049465273729,1000.0,30.0,171.3449268549377,0.0,352.0876807468326,1
22103,22,1,1,58,453,20,0.9243724522634628,0.6956125295001073,0.4115533147393263,1000.0,25.0,365.7854696417078,0.0,461.34914880641645,1000.0,5.0,85.36015425874275,0.0,255.74973672668415,1
22105,22,1,1,31,252,15,0.9226353555120679,0.6688845401174168,0.48414872798434444,1000.0,75.0,439.0695514677104,0.0,479.6443699646007,1000.0,20.0,163.03654742335289,0.0,352.6525306276571,1
22107,22,1,1,3,218,9,0.9057377049180327,0.5225409836065574,0.26229508196721313,400.0,25.0,117.17780327868851,0.0,168.96811753616365,25.0,3.0,11.276188524590163,0.0,10.607303091747523,1
22109,22,1,1,34,322,16,0.9405914682020413,0.7212771525778592,0.491363517403821,1200.0,75.0,447.4589447788537,0.0,518.3014484607193,1000.0,20.0,120.76553938759487,0.0,304.75019393524775,1
22111,22,1,1,6,335,10,0.8528470889315419,0.44081893793985927,0.14779270633397312,1200.0,18.0,165.83569545745362,0.0,348.8398522643519,50.0,1.5,9.116935380678184,0.0,17.096865219259556,1
22113,22,1,1,16,551,20,0.9687836383207751,0.803372802296376,0.3981581150580074,1000.0,30.0,333.7844717139098,0.0,447.10647178044894,1000.0,5.0,76.96819949766775,0.0,174.58411452614192,1
22115,22,1,1,16,515,9,0.9066133720930233,0.5534156976744186,0.30995639534883723,1000.0,25.0,167.96000581395347,0.0,259.19372318914264,1000.0,3.0,14.063239825581395,0.0,71.58361150525892,1
22117,22,2,1,13,334,12,0.9052843708016122,0.5591133004926109,0.13927451858486342,1000.0,25.0,112.00312404836542,0.0,279.7686266933267,1000.0,2.0,86.9654751455441,0.0,275.3191265744837,2
22119,22,1,1,13,370,12,0.9098426246999199,0.6511069618564951,0.24273139503867697,1000.0,30.0,259.55084982662044,0.0,419.45025198173255,1000.0,3.0,14.503164043744999,0.0,25.928701623335566,1
22121,22,1,1,6,373,12,0.9518689196108551,0.7762416794674859,0.5360983102918587,1024.0,100.0,492.3775053763441,0.0,483.023205617022,1000.0,20.0,131.8606041986687,0.0,314.9122391487177,1
22123,22,1,1,3,285,9,0.835,0.465,0.21375,1000.0,18.0,224.600515,0.0,404.6294972221904,50.0,2.0,12.044727499999999,0.0,19.868912555129878,1
22125,22,1,1,6,132,6,0.8881431767337807,0.36465324384787473,0.14093959731543623,1000.0,18.0,87.17481879194631,0.0,242.14958734059493,1000.0,1.5,68.56168232662192,0.0,245.6851484569274,1
22127,22,1,1,5,310,9,0.9022673964034402,0.5488663017982799,0.3057075840500391,1000.0,25.0,316.2507552775606,0.0,453.94694938910004,50.0,3.0,16.609435496481627,0.0,22.21158453169846,1
23001,23,8,1,32,347,18,0.5719421144805973,0.4909208221955941,0.22794727624665867,2000.0,20.0,228.60771868374965,0.0,409.60930226838116,2000.0,1.5,21.42308931698774,0.0,111.70405088353577,8
23003,23,33,1,24,1354,18,0.6481611618646053,0.5516940309631806,0.15013096531016418,2000.0,25.0,125.74217398155838,0.0,304.74891608086307,2000.0,2.0,37.29919291296663,0.0,166.12378294322517,33
23005,23,21,1,80,332,24,0.5825486053922446,0.5186723477389094,0.22496329979591106,2000.0,25.0,228.79504364638908,0.0,413.5009022988652,2000.0,2.0,24.570740663826133,0.0,127.58061368472944,21
23007,23,9,1,10,438,16,0.6181675627240143,0.48566308243727596,0.23051075268817203,2000.0,15.0,139.58441129032258,0.0,310.3265761903867,2000.0,2.0,16.339225358422937,0.0,100.2753957019381,9
23009,23,26,1,18,754,17,0.5756258360405121,0.5121823046053888,0.18058475062105867,2000.0,25.0,151.85510796866043,0.0,337.2249413262425,2000.0,2.0,21.70788276323333,0.0,108.90937099682881,26
23011,23,15,1,36,222,17,0.6362239910627008,0.5740818321463482,0.22622538751571009,2000.0,25.0,236.12243583298422,0.0,411.92300913704287,2000.0,2.0,21.470790671693898,0.0,114.17075263791705,15
23013,23,12,1,13,277,16,0.6393302254780706,0.5381029397773761,0.23556274379221767,2000.0,25.0,182.6520273998668,0.0,364.95333699343354,2000.0,2.0,21.177727142993053,0.0,95.06377510243885,12
23015,23,18,1,10,343,13,0.5892871086124776,0.46380885453267745,0.3368470367767627,2000.0,10.0,256.29658749121575,0.0,420.62654481099827,2000.0,2.0,24.368996017802765,0.0,84.65010294791105,18
23017,23,13,1,19,538,14,0.6080538570810944,0.4722376628991415,0.23445123834228893,2000.0,5.0,243.33689259465135,0.0,419.68474131134377,2000.0,1.0,67.94563078253351,0.0,237.4868276057755,13
23019,23,34,1,46,999,24,0.5866935483870968,0.5169018817204301,0.1360551075268817,2000.0,25.0,129.02886424731182,0.0,309.1342251338377,2000.0,2.0,25.066617943548387,0.0,131.58737128106088,34
23021,23,12,1,8,957,17,0.639561855670103,0.5215206185567011,0.09594072164948454,2000.0,25.0,69.52940154639175,0.0,208.65610076900876,2000.0,2.0,16.91891649484536,0.0,83.86677028734033,12
23023,23,6,1,8,244,13,0.5843373493975904,0.5137424698795181,0.21216114457831325,2000.0,25.0,242.8740173192771,0.0,459.4708989013837,2000.0,2.0,20.760840737951806,0.0,116.21418007655834,6
23025,23,20,1,20,956,17,0.5550917141049968,0.4477335020029517,0.12177946447396162,2000.0,10.0,75.93677478389205,0.0,225.03704125990802,2000.0,2.0,14.155818933164664,0.0,90.46376245722911,20
23027,23,11,1,8,376,18,0.6409220532319392,0.5398447401774398,0.16524081115335867,1000.0,25.0,141.1350640050697,0.0,322.10436150724877,1000.0,2.0,50.17314559569075,0.0,195.4043510764414,11
23029,23,43,1,14,1053,16,0.5906768958172325,0.5255131854253454,0.09607735952196943,2000.0,25.0,88.07909023392584,0.0,256.76519725840586,2000.0,2.0,18.327292077434922,0.0,114.45868680146671,43
23031,23,15,1,58,307,19,0.5767955801104973,0.4961786372007366,0.23964088397790057,2000.0,20.0,252.06771215469612,0.0,431.6973263397415,2000.0,1.5,27.043441988950278,0.0,134.29333336094,15
24001,24,1,1,22,338,16,0.5424305631792733,0.39510374355033484,0.3267098474036667,1200.0,5.0,243.40877944889672,0.0,432.81716509023704,600.0,0.768,90.88497266439785,0.0,208.1123635934793,1
24003,24,1,1,129,275,22,0.8904819816936568,0.7952377904371759,0.5918197529283749,10000.0,940.0,636.7829973756641,0.0,545.4695413255708,10000.0,35.0,282.55243525571274,0.0,412.1223983914733,1
24005,24,1,1,219,224,32,0.8928068693693694,0.7723817567567568,0.526463963963964,10000.0,940.0,571.2112297297297,0.0,593.1721270077452,10000.0,35.0,232.0069971846847,0.0,429.0391704357084,1
24009,24,1,1,18,184,8,0.8953956191327671,0.7089852481001341,0.3831023692445239,1200.0,25.0,467.7523468931605,0.0,574.9589231653422,880.0,4.0,15.139147071971388,0.0,24.338480958163775,1
24011,24,1,1,9,288,10,0.9079293498684705,0.6839534009770762,0.26944757609921083,2500.0,50.0,349.2762119503946,0.0,538.2964283096338,2500.0,20.0,34.971995490417136,0.0,193.86289985581388,1
24013,24,1,1,37,260,17,0.8407089510645414,0.5758555345000558,0.27756102998550886,1200.0,25.0,332.4232009809386,0.0,515.9271662966012,1000.0,3.0,54.87423475643741,0.0,203.94285690405215,1
24015,24,1,1,21,271,13,0.7709410548086867,0.5663564288176491,0.2540503274732851,2000.0,25.0,255.145122371596,0.0,440.02993001018484,2000.0,3.0,14.353234057221648,0.0,73.09022857439348,1
24017,24,1,1,34,240,15,0.9256496012348855,0.7957293542577824,0.5948031901209159,1200.0,940.0,647.958322613841,0.0,531.8911470332996,1000.0,35.0,255.76936660663753,0.0,387.71175099388364,1
24019,24,1,1,10,529,9,0.9497068805924097,0.5809935205183585,0.2989817957420549,1200.0,25.0,267.48195001542734,0.0,474.54386828856,100.0,3.0,12.91667756865165,0.0,20.412964044849403,1
24021,24,1,1,65,308,22,0.9107478545157336,0.7473641193297916,0.28034327748263177,1200.0,30.0,347.0253590519003,0.0,525.5285962717971,880.0,15.0,21.363277155700857,0.0,77.16031252800187,1
24023,24,1,1,9,406,15,0.5945146014206788,0.47829518547750594,0.22513812154696133,1200.0,15.0,232.43064325177585,0.0,430.89018767298495,1000.0,1.0,45.735903709550115,0.0,175.81576739594914,1
24025,24,1,1,59,234,20,0.8567395906845449,0.7288873206304399,0.4809456598447424,1200.0,50.0,496.31263232180663,0.0,519.6252503286564,1000.0,35.0,187.13308303928488,0.0,343.42196134590887,1
24027,24,1,1,59,177,21,0.8562893081761006,0.7628930817610063,0.5067610062893082,10000.0,940.0,551.8409226415095,0.0,589.2199585396475,10000.0,35.0,242.8450754716981,0.0,445.77537841684097,1
24029,24,1,1,6,322,12,0.8425225225225226,0.7246846846846847,0.33441441441441444,2000.0,50.0,353.8920720720721,0.0,465.53890418975493,2000.0,20.0,277.94653405405404,0.0,407.24596951356415,1
24031,24,1,1,232,309,31,0.8345235402462274,0.760138300966168,0.580734804666042,3000.0,940.0,578.3086740556435,0.0,521.3198345551313,3000.0,35.0,224.12719139173424,0.0,370.4032741642112,1
24033,24,1,1,214,267,26,0.728988972556297,0.6387709218086435,0.48816958709539277,10000.0,25.0,523.1573035937332,0.0,549.2847222931044,10000.0,3.0,217.09931522786482,0.0,386.12691316243206,1
24035,24,1,1,14,256,13,0.7778740612362796,0.621894858463316,0.21057192374350087,1200.0,25.0,229.36568457538993,0.0,400.17889240201714,1000.0,4.0,139.55015597920277,0.0,265.7075336234992,1
24037,24,1,1,22,226,10,0.6303470540758677,0.4794188861985472,0.3327952649986548,1200.0,15.0,342.98345439870866,0.0,476.30827403479634,880.0,1.0,22.794698950766744,0.0,57.5363597702483,1
24039,24,1,1,7,462,11,0.9605873261205564,0.4918856259659969,0.18972179289026275,10000.0,15.0,229.48763523956723,0.0,479.35806216279155,10000.0,2.0,18.114726429675425,0.0,230.40392767264953,1
24041,24,1,1,10,255,16,0.6945518453427065,0.4615114235500879,0.3272407732864675,1200.0,15.0,331.1456126537786,0.0,464.3616149336162,1000.0,1.0,75.426769771529,0.0,188.5678077155365,1
24043,24,1,1,36,308,20,0.6952983159080949,0.5932511112502348,0.38133099605584425,1200.0,30.0,275.87975133037,0.0,398.97982547446435,1000.0,15.0,50.27339335128028,0.0,169.6656742821944,1
24045,24,1,1,21,362,16,0.9099520080828492,0.40906794645112404,0.26900732508209146,10000.0,15.0,342.7333922707754,0.0,650.0253803977063,10000.0,2.0,27.706353119474617,0.0,405.6963341646266,1
24047,24,1,1,18,459,16,0.9298705841203218,0.39611752360965374,0.29398391045820216,2500.0,15.0,314.1198845750262,0.0,499.01143757187987,2500.0,2.0,15.338388247639033,0.0,77.84638824140983,1
24510,24,1,1,199,291,24,0.8484543988153476,0.5968744215564429,0.37699976201179364,10000.0,25.0,373.7283832138985,0.0,724.373333174607,10000.0,3.0,40.74177518047439,0.0,360.2767702204053,1
25001,25,15,1,57,412,16,0.9126708968404527,0.5897821678550402,0.4534571858441813,3000.0,25.0,549.1976037155753,0.0,592.05772864107,3000.0,3.0,21.57608634787728,0.0,79.31634506959897,15
25003,25,21,1,40,457,20,0.8739126453621463,0.6246680706894973,0.41488874645179014,1200.0,25.0,422.1045021518176,0.0,485.1899860964994,1000.0,4.0,68.11888251991576,0.0,218.51254029847658,21
25005,25,21,1,130,329,20,0.9072794675204314,0.6368691549414441,0.4382424804111551,3000.0,25.0,508.8433637206167,0.0,565.70277084926,3000.0,3.0,87.12380116269273,0.0,241.06855659632757,21
25007,25,6,1,4,315,7,0.9420680363758841,0.6874368474233749,0.5927921859211855,1200.0,1200.0,716.0615048837992,0.0,584.0164379954912,35.0,35.0,21.283915122937017,0.0,16.563868962156416,6
25009,25,30,1,174,323,21,0.887233589735794,0.6770849168465538,0.5042412818096136,3000.0,200.0,540.0586938676233,0.0,546.5510597356754,3000.0,20.0,157.50204566598765,0.0,319.5791862328346,30
25011,25,23,1,19,409,15,0.8749698674166332,0.604901566894335,0.480996384089996,1200.0,25.0,499.0422100441944,0.0,532.962971647119,1000.0,5.0,233.5027570912013,0.0,406.4239126584398,23
25013,25,18,1,104,407,20,0.8476282474960598,0.5702882708831155,0.4179165183791754,1200.0,25.0,468.93469418882506,0.0,547.9070717625442,1000.0,3.0,48.83817011541004,0.0,179.12981133417026,18
25015,25,20,1,35,356,16,0.8741463414634146,0.6004336043360433,0.4627642276422764,1200.0,25.0,522.8913821138211,0.0,555.5464774649241,1000.0,3.0,90.1509220596206,0.0,261.2418561683197,20
25017,25,52,1,356,324,31,0.8836754643206256,0.7583863815177742,0.598562334596953,3000.0,500.0,552.8663281596451,0.0,506.7777275920598,3000.0,20.0,174.85810647783896,0.0,327.00193968266296,52
25019,25,1,1,7,191,8,0.7994530537830447,0.4740200546946217,0.41203281677301734,1200.0,15.0,499.5542388331814,0.0,586.6596163835087,35.0,1.0,14.960444849589791,0.0,16.803749904066773,1
25021,25,30,1,154,277,27,0.8897987833411324,0.7371022461394479,0.5691682264857276,1200.0,500.0,556.0836970051474,0.0,524.9722365032734,1000.0,20.0,170.74842161909217,0.0,323.65570045424215,30
25023,25,28,1,110,359,16,0.9107509700981511,0.7275964391691395,0.5562656927642091,3000.0,940.0,618.9620545081032,0.0,549.3394610014916,3000.0,35.0,197.10343866697102,0.0,352.157677508626,28
25025,25,4,1,235,228,30,0.8663213811420982,0.7271713147410358,0.552988047808765,3000.0,200.0,437.5790438247012,0.0,477.5834735028784,3000.0,35.0,135.59239011952192,0.0,275.7600934474641,4
25027,25,45,1,191,416,25,0.840141731070429,0.6037435489254628,0.4428325673350964,1200.0,25.0,455.77946039489564,0.0,508.8254481452439,1000.0,3.0,91.81673083934578,0.0,247.53893728592752,45
26001,26,3,1,5,281,10,0.8949713558243158,0.513049013367282,0.31317632081476765,1000.0,25.0,199.25805346912796,0.0,366.46099892977537,1000.0,2.0,19.331442393380012,0.0,67.58644995816928,3
26003,26,4,1,4,545,7,0.9911442554183174,0.6975064087625262,0.3887205779538569,1000.0,25.0,248.17944535073408,0.0,363.71315314207527,500.0,5.0,79.50477930552319,0.0,170.08836206251758,4
26005,26,19,1,30,313,26,0.8881412952060556,0.599529015979815,0.20336417157275022,1200.0,25.0,210.67287199327166,0.0,400.251303830267,1000.0,3.0,36.08342042052145,0.0,160.46546051271918,19
26007,26,2,1,10,293,11,0.9238845144356955,0.48753280839895013,0.2909011373578303,1000.0,18.0,217.75087489063867,0.0,388.0485051693198,1000.0,2.0,14.766449693788276,0.0,48.136833231057494,2
26009,26,11,1,10,402,12,0.9644887412329273,0.6302325581395349,0.31465485418973793,1024.0,25.0,334.6138174972314,0.0,449.77489444496825,1024.0,10.0,236.47493835363602,0.0,413.96602073482154,11
26011,26,4,1,6,349,11,0.914396887159533,0.571799147674634,0.1975171391513804,1000.0,25.0,175.67199555308505,0.0,353.45960984606603,200.0,3.0,12.674976838984621,0.0,34.437286262547296,4
26013,26,4,1,3,690,12,0.9905511811023622,0.6523622047244094,0.2637795275590551,1000.0,25.0,203.42122125984253,0.0,348.3665723161898,50.0,5.0,12.159630708661417,0.0,16.507930767455886,4
26015,26,12,1,16,365,21,0.9180510440835267,0.7381902552204176,0.21911832946635731,1200.0,25.0,175.12955767981438,0.0,331.1946424043025,1000.0,3.0,23.072303294663573,0.0,110.58785524506999,12
26017,26,7,1,28,454,20,0.9209897610921501,0.6137372013651877,0.35955631399317406,1000.0,25.0,315.50275870307166,0.0,444.5384152375707,1000.0,4.0,46.37431040955631,0.0,179.5960492861771,7
26019,26,4,1,7,348,12,0.922608695652174,0.683695652173913,0.35956521739130437,1000.0,50.0,378.76117739130433,0.0,465.021843935481,1000.0,35.0,124.60667304347827,0.0,295.6348377835194,4
26021,26,17,1,53,404,24,0.9199177325020889,0.42936564046532555,0.24403881997557683,1200.0,18.0,273.62480532167876,0.0,482.4414703780383,1000.0,2.0,28.22216080724982,0.0,132.73465745852482,17
26023,26,11,1,13,357,21,0.9308883155178769,0.3558791006266126,0.18250092148912642,1000.0,18.0,113.41155105049761,0.0,274.2426693181004,1000.0,2.0,14.75458440840398,0.0,87.48892859875812,11
26025,26,17,1,40,401,28,0.8687220288413725,0.4309298856290403,0.26597049560749214,1200.0,18.0,228.9428272501243,0.0,422.47121506368666,1000.0,2.0,27.308240676280455,0.0,122.69431247162642,17
26027,26,11,1,15,413,16,0.9382033278830432,0.4261806290276041,0.28633259594113686,1200.0,18.0,313.1623872270847,0.0,483.91759266687137,1000.0,2.0,156.91508011926518,0.0,355.80776688922634,11
26029,26,8,1,14,276,17,0.9517078916372202,0.6331287582914884,0.4530407290310582,1000.0,75.0,467.48834393404,0.0,482.61799267604914,1000.0,25.0,330.8257440952204,0.0,459.77113063791273,8
26031,26,7,1,10,379,14,0.9198816433367475,0.43234323432343236,0.2614088995106407,1000.0,20.0,260.18610219642653,0.0,422.7878475517505,1000.0,10.0,92.90473267326733,0.0,274.3218633132541,7
26033,26,7,1,16,515,14,0.9339483394833948,0.6140221402214022,0.1990159901599016,1000.0,25.0,199.234873800738,0.0,368.9064483297149,1000.0,3.0,23.990339975399756,0.0,86.36456994028497,7
26035,26,8,1,12,308,11,0.9056411993901406,0.49110621717770625,0.39335930882602066,1200.0,20.0,310.2879606979502,0.0,443.9021084555148,1000.0,4.0,34.11355446383195,0.0,142.80254731961855,8
26037,26,15,1,23,395,26,0.920008694707097,0.5637068434590443,0.3512299387747709,1200.0,25.0,250.0846786218889,0.0,404.14854221175665,1000.0,3.0,136.8027260804985,0.0,331.92453856529534,15
26039,26,2,1,5,581,11,0.9076186970923813,0.2493559072506441,0.14538093485461906,1000.0,20.0,138.27972027972027,0.0,320.272988548881,1000.0,3.0,9.077485461906514,0.0,28.920513716875067,2
26041,26,6,1,11,363,13,0.9194206159471242,0.7444803825059767,0.2643791309239207,1000.0,25.0,267.25338827169173,0.0,424.7609224968999,500.0,5.0,13.579183237238082,0.0,31.814252239002776,6
26043,26,4,1,7,491,16,0.9186877712535103,0.7107480214449834,0.27099821291804954,1000.0,25.0,252.05096502425326,0.0,414.6468261176875,100.0,5.0,14.358654071993872,0.0,21.44883733005715,4
26045,26,13,1,29,326,25,0.9119315354761668,0.5904070056722062,0.3231167280326401,1200.0,25.0,260.72271768335156,0.0,402.0269814700421,1000.0,3.0,106.56085560752314,0.0,291.14693563840007,13
26047,26,5,1,10,327,17,0.9325335794114631,0.50138418948016,0.3849072080385522,1000.0,25.0,384.79011422126524,0.0,473.86115820758323,1000.0,10.0,211.4836089408387,0.0,396.50712311819285,5
26049,26,26,1,134,295,28,0.8908451546539722,0.6098366145970385,0.3399038346530153,1200.0,25.0,328.22022888309453,0.0,498.5745654405546,1000.0,4.0,14.749291629787336,0.0,46.347572549359256,26
26051,26,6,1,10,296,16,0.9450926561427591,0.6945778997940975,0.4727179135209334,1000.0,38.0,310.96009471516817,0.0,432.5143834542551,1000.0,5.0,18.071910775566234,0.0,56.51497215616264,6
26053,26,4,1,6,486,12,0.9525636107914589,0.771640455184759,0.18885053062268253,1000.0,25.0,205.4776381536888,0.0,382.8100597473097,35.0,5.0,9.52881882112262,0.0,12.376068010108382,4
26055,26,7,1,24,313,22,0.9181942036165469,0.6909834035174635,0.410639088432004,1024.0,75.0,425.77350433490216,0.0,473.9989163308729,1024.0,25.0,214.3007795392618,0.0,393.92094370415174,7
26057,26,12,1,10,477,18,0.9019983455962384,0.5956288911141103,0.4617527972484653,1000.0,45.0,184.90735338935087,0.0,332.3634695877478,1000.0,5.0,69.15350289520659,0.0,218.897718264435,12
26059,26,14,1,13,408,23,0.8972992947987559,0.47183814245681027,0.22332399223970684,1200.0,20.0,83.3022249869122,0.0,200.04387814245544,50.0,3.0,7.167061374064607,0.0,9.465822052484498,14
26061,26,12,1,11,441,16,0.9498300316492791,0.7313327863087563,0.25278396436525613,1000.0,25.0,243.74990200445436,0.0,397.57319891890126,100.0,5.0,12.036280623608016,0.0,15.328792190708565,12
26063,26,16,1,12,682,14,0.9450179533213644,0.36541420877147984,0.17969351115670684,1200.0,20.0,203.74095998974096,0.0,408.16649011574384,1000.0,5.0,98.9455671325981,0.0,289.6582619343991,16
26065,26,18,1,84,370,35,0.8366662431711346,0.5197814763054249,0.30036844111294625,1200.0,25.0,250.43827559395245,0.0,427.3272605651572,1000.0,2.0,72.87619890738154,0.0,241.67311901156572,18
26067,26,15,1,16,339,22,0.8826708507670851,0.627556950255695,0.32798698279869826,1200.0,25.0,231.14265643886563,0.0,376.5611997533734,1000.0,4.0,89.06559425848442,0.0,265.1692483926622,15
26069,26,4,1,11,417,11,0.8969233784048599,0.6492259455222418,0.3058984910836763,1000.0,25.0,317.03563237311386,0.0,450.77231034258335,35.0,3.0,12.145222418185382,0.0,15.126973509954508,4
26071,26,2,1,5,503,16,0.9557318855711004,0.6744623094591773,0.1371893923574859,1000.0,25.0,104.92354646063896,0.0,231.93526147097307,500.0,5.0,12.936721653789935,0.0,30.111571323207702,2
26073,26,10,1,18,385,20,0.9208867831761498,0.591158986278103,0.46998614401287264,1000.0,25.0,216.09040986903858,0.0,365.87304024921303,1000.0,4.0,83.65032583918115,0.0,238.6664164570738,10
26075,26,22,1,46,386,30,0.8953546971808022,0.472771470073815,0.24818427059555925,1200.0,18.0,211.87558153736697,0.0,411.68537609812955,1000.0,1.5,13.661980553167522,0.0,64.54979976892687,22
26077,26,16,1,68,397,33,0.8578604782793264,0.5949483514928541,0.41626574218197254,1200.0,25.0,360.8488461865006,0.0,477.72152376699546,1000.0,4.0,91.19954223857366,0.0,266.4993189078741,16
26079,26,6,1,6,501,13,0.9570661896243292,0.5298747763864043,0.23160405485986882,1024.0,25.0,253.7283382230173,0.0,404.4258635550476,1024.0,10.0,101.7342244484198,0.0,279.42965941286803,6
26081,26,27,1,145,305,40,0.8802246892830289,0.7189025019534994,0.31906173057926784,3000.0,25.0,290.7472547510578,0.0,467.90512050762067,3000.0,10.0,52.91630967019034,0.0,193.97114228030665,27
26083,26,3,1,1,341,7,0.9901960784313726,0.9591503267973857,0.119281045751634,1000.0,25.0,141.76105882352942,0.0,315.99367091834955,35.0,4.0,7.689882352941177,0.0,10.097891753920223,3
26085,26,7,1,4,461,13,0.8639833448993754,0.501734906315059,0.13983344899375433,1024.0,25.0,114.86162248438585,0.0,288.1049286859835,255.0,2.0,8.924605135322693,0.0,18.731184174948723,7
26087,26,14,1,24,279,18,0.9291783442323946,0.36153743493927665,0.15547844655011345,1200.0,20.0,149.24980951109924,0.0,330.10605981717754,1000.0,4.0,8.403151029850083,0.0,30.873040961724534,14
26089,26,5,1,10,270,11,0.932548744071667,0.6242754259617074,0.45301247145617424,1000.0,75.0,467.7918693131917,0.0,483.4624095711943,1000.0,25.0,273.0396411382399,0.0,432.33510050704666,5
26091,26,14,1,25,388,23,0.8866773007836882,0.7314515569734378,0.2697967958943061,1200.0,50.0,159.665762951661,0.0,298.56347291020825,1000.0,10.0,37.21949494417088,0.0,153.97260298442663,14
26093,26,15,1,60,315,20,0.9348904816801162,0.6400681670091725,0.3193824870933788,1200.0,25.0,279.63153626384644,0.0,445.8710893207613,1000.0,4.0,20.61189875194226,0.0,91.69408607000291,15
26095,26,1,1,4,257,9,0.9285714285714286,0.3966165413533835,0.2556390977443609,1000.0,18.0,264.7528872180451,0.0,431.33835564364773,35.0,1.5,9.995962406015037,0.0,14.684333984593538,1
26097,26,9,1,6,390,12,0.9522851394078758,0.6207243460764588,0.2275079045702788,1000.0,25.0,237.44503822937625,0.0,406.5516061460346,1000.0,5.0,26.794786432883015,0.0,100.58964555446465,9
26099,26,25,1,243,314,25,0.9381108823970445,0.7285058004007797,0.45314012296031736,1200.0,50.0,430.03639625393623,0.0,520.2851321634004,1000.0,10.0,71.12200455307605,0.0,223.51005181109127,25
26101,26,7,1,10,431,14,0.9322778073443321,0.5379191059073976,0.26290580095795635,1000.0,25.0,273.34935657264504,0.0,424.0356817214057,1000.0,10.0,17.068499201703034,0.0,48.200678989161915,7
26103,26,10,1,26,644,19,0.9302273365141734,0.7932079708111143,0.2184114510244176,1000.0,25.0,230.6028299747404,0.0,401.546797316923,400.0,5.0,11.021410945832162,0.0,19.93965476739429,10
26105,26,7,1,9,469,16,0.9440108075652958,0.6838787151005704,0.25262683878715103,1000.0,25.0,163.93947313119185,0.0,335.23228214588227,1000.0,10.0,14.534621435004503,0.0,26.595506963843604,7
26107,26,7,1,13,343,20,0.8463798530954879,0.5779643231899265,0.47114375655823715,1000.0,35.0,305.0730568730325,0.0,433.57654964357687,1000.0,5.0,93.26493746065059,0.0,268.9685091813152,7
26109,26,6,1,7,542,10,0.677669737291027,0.5433299215284886,0.12802797679972705,1000.0,25.0,138.72372193790514,0.0,327.1931859331185,200.0,3.0,8.83014704878881,0.0,19.96441397530451,6
26111,26,10,1,21,297,25,0.9067439033111635,0.5970106557963241,0.3323321175713366,1000.0,25.0,223.8379721089895,0.0,385.7548811240699,1000.0,4.0,22.25154115711936,0.0,96.59636645485658,10
26113,26,4,1,5,272,13,0.8266585142158361,0.3852033017425864,0.16141852644451238,1000.0,11.0,164.16521919902172,0.0,347.6532557208538,50.0,1.5,8.199052889024763,0.0,12.818467321180574,4
26115,26,14,1,41,379,24,0.8312562590408368,0.6037053521753644,0.3697563146767553,1200.0,25.0,255.20990942472457,0.0,404.7330857014273,1000.0,4.0,44.77223728719261,0.0,175.86800584217283,14
26117,26,10,1,14,323,26,0.9064804035700427,0.660069848661234,0.4443636010865347,1200.0,25.0,238.95033081102054,0.0,383.87676559562783,1000.0,10.0,84.96452473806752,0.0,245.13173757788215,10
26119,26,3,1,5,357,14,0.9260953721625902,0.42248812247052614,0.10469822276966391,1000.0,18.0,49.45046630300897,0.0,143.23051746923989,1000.0,1.0,10.657078303712828,0.0,49.415106202053764,3
26121,26,17,1,45,385,22,0.9008723505758877,0.45529203298575616,0.2244939685135964,1200.0,18.0,248.5383905131875,0.0,458.29675821787265,1000.0,1.0,11.996205002385333,0.0,56.403107263677335,17
26123,26,16,1,11,399,18,0.9362984218077475,0.7728120516499283,0.3817790530846485,1200.0,25.0,251.91388751793403,0.0,411.5190050357319,1000.0,5.0,49.55996585365854,0.0,192.09055101315965,16
26125,26,35,1,350,277,42,0.8549854519562944,0.6553476147361574,0.4007172932727385,3000.0,25.0,360.5024778263201,0.0,499.4561340965405,3000.0,4.0,60.023688364202144,0.0,207.1944016109161,35
26127,26,9,1,7,609,19,0.9036784473149302,0.45039669529866894,0.27775227853911216,1000.0,18.0,191.60304242344765,0.0,364.2631809169385,1000.0,1.0,64.32212654907875,0.0,230.51444601570688,9
26129,26,3,1,8,314,14,0.9193359831657704,0.4084638765489829,0.287350946925415,1000.0,18.0,238.68662146364275,0.0,395.28280980400353,1000.0,3.0,11.42742108954875,0.0,42.253594161820345,3
26131,26,4,1,4,406,8,0.9954233409610984,0.7097635392829901,0.2227307398932113,1000.0,25.0,206.23684210526315,0.0,363.2515085542366,500.0,5.0,40.8015179252479,0.0,121.46198679549937,4
26133,26,7,1,7,293,12,0.7907829274679236,0.4930610107357947,0.27808326787117044,1000.0,20.0,216.99497669547003,0.0,361.8631099087241,500.0,3.0,64.85202513747053,0.0,157.16628277286623,7
26135,26,4,1,5,301,11,0.927536231884058,0.32561944834034595,0.21785881252921926,1000.0,18.0,122.87587657784012,0.0,261.00450686671604,1000.0,1.0,10.878244039270687,0.0,57.402892616056334,4
26137,26,4,1,6,427,19,0.925748884639898,0.4414701508391757,0.20193329084342468,1000.0,20.0,198.81373486297005,0.0,377.54250552145135,1000.0,3.0,74.1904712130869,0.0,248.18869280354363,4
26139,26,15,1,64,310,27,0.9370558686596423,0.7394939965694682,0.2964653271257045,1200.0,25.0,270.42092624356775,0.0,434.7832332672135,1000.0,10.0,54.61584899534427,0.0,200.29120578829856,15
26141,26,5,1,6,281,11,0.9406011450381679,0.32037213740458015,0.1297709923664122,1000.0,20.0,99.91424141221374,0.0,263.08526385687105,1000.0,2.0,24.768841603053435,0.0,135.84804444742673,5
26143,26,2,1,13,361,11,0.9087351283656857,0.34690043832185347,0.2847526612398247,1000.0,20.0,289.23721665623043,0.0,441.3652341961013,1000.0,3.0,14.056401377582969,0.0,43.40930465089038,2
26145,26,20,1,61,406,28,0.8984914806641826,0.5498679593387115,0.37141410121911517,1200.0,25.0,344.95829425170933,0.0,459.84947268558835,1000.0,5.0,76.1111952393011,0.0,229.84257083752456,20
26147,26,13,1,50,412,24,0.9346667097482956,0.39781576141393904,0.17997350479821642,1200.0,20.0,181.5447656467091,0.0,398.5783884444514,1000.0,3.0,18.887644835051212,0.0,107.49677683203498,13
26149,26,13,1,18,349,19,0.8978803855781009,0.31762262342227193,0.17343026042498802,1200.0,10.0,181.6164722799169,0.0,387.2735219339879,1000.0,2.0,50.357590669436014,0.0,206.09763595759307,13
26151,26,11,1,12,457,14,0.9338078015011861,0.29238128573095323,0.17668105627503597,1200.0,20.0,189.86149076342707,0.0,395.5301363727197,1000.0,5.0,89.00117784778128,0.0,275.6026884974524,11
26153,26,4,1,3,498,9,0.9397590361445783,0.46546184738955826,0.14417670682730924,1000.0,15.0,156.33396465863453,0.0,342.60960886383856,500.0,2.0,8.871106024096386,0.0,31.716595931127628,4
26155,26,13,1,18,384,22,0.916412610137693,0.5830681094844048,0.291668062581661,1200.0,25.0,210.05045328151698,0.0,371.613769466911,1000.0,3.0,13.725236423330765,0.0,28.784697824800404,13
26157,26,12,1,13,330,18,0.9513607183647749,0.3284234571304793,0.21519436020637234,1200.0,20.0,211.41634264109328,0.0,388.89090681748024,1000.0,5.0,102.0839625063999,0.0,292.06873039581444,12
26159,26,17,1,22,309,21,0.917368211872674,0.48375907793474726,0.2774144596596452,1200.0,18.0,275.49878960870035,0.0,456.91321785955193,1000.0,1.0,119.8902918668931,0.0,315.8465367157683,17
26161,26,18,1,107,404,33,0.9280827086582483,0.628993308849424,0.27179654877496606,3000.0,25.0,265.3148357397998,0.0,453.6973735586059,3000.0,5.0,42.0599234290889,0.0,173.9852856019458,18
26163,26,36,1,625,470,39,0.8964991457180393,0.7064129006786607,0.4566766729972023,1200.0,50.0,405.9309385938042,0.0,512.5179660373263,1000.0,10.0,53.55354034865595,0.0,186.19373664128676,36
26165,26,8,1,8,474,18,0.8985174996179123,0.418462478985175,0.2873299709613327,1000.0,15.0,298.527919303072,0.0,445.5860582823806,1000.0,1.5,62.35315971267003,0.0,221.3607982428321,8
27001,27,9,1,8,411,13,0.9425564178039425,0.44197663009544197,0.28454196771028456,1000.0,18.0,103.06859334582107,0.0,208.57377710356312,1000.0,1.0,37.285734011238965,0.0,176.03427749411324,9
27003,27,9,1,90,237,22,0.9229858220823605,0.8772375054985957,0.5548675261394782,10000.0,100.0,1861.4702576388183,0.0,3477.1080645722127,10000.0,10.0,1575.6883708591345,0.0,3570.367034262357,9
27005,27,13,1,10,648,10,0.9870669745958429,0.9683346163715679,0.6443418013856813,2000.0,1000.0,578.8362329997434,0.0,527.743435993491,2000.0,100.0,472.3749394919169,0.0,545.1591348532761,13
27007,27,6,1,14,747,12,0.967910582296737,0.9435731025779701,0.5803136830719308,1000.0,1000.0,596.703893996755,0.0,474.15008713340893,1000.0,1000.0,560.3085862628448,0.0,481.93706569846506,6
27009,27,8,1,10,339,16,0.9186222558667676,0.7257128438051981,0.372445117335352,1000.0,25.0,236.95073176886197,0.0,349.44078353863523,1000.0,4.0,107.44002927075448,0.0,232.3430469486774,8
27011,27,4,1,3,547,11,0.9633992427429533,0.6903660075725705,0.6375683634833824,1000.0,1000.0,564.9255363904081,0.0,471.10713595222114,1000.0,250.0,518.2162549432057,0.0,476.93069068659247,4
27013,27,11,1,16,502,26,0.9757794910281776,0.8981374087466739,0.6141434127038276,1000.0,250.0,237.02474926656205,0.0,276.6768385338395,1000.0,35.0,164.75220195128608,0.0,213.3972463442715,11
27015,27,8,1,8,589,16,0.9893537459856584,0.7419383221151731,0.2860410892613611,1200.0,28.0,140.3981786986934,0.0,266.98655895194986,1000.0,4.0,68.850959042717,0.0,155.4642594129925,8
27017,27,7,1,9,401,17,0.9220356860332249,0.6187923002549003,0.2011953942164015,1000.0,25.0,156.22488353696053,0.0,325.67880606656877,1000.0,3.0,32.76449995605169,0.0,154.1020522358455,7
27019,27,9,1,25,382,27,0.9677644742274589,0.8431733731381205,0.465970082891352,10000.0,60.0,817.8051327849588,0.0,2124.7759692335912,10000.0,10.0,734.8103348683583,0.0,2138.032452230743,9
27021,27,10,1,11,597,16,0.981014431834104,0.8558918313016673,0.5914249684741488,1000.0,100.0,433.4990191957405,0.0,465.4221316514728,1000.0,15.0,300.07322824716266,0.0,443.69079091528334,10
27023,27,6,1,5,710,19,0.9858006219562284,0.6969430264624773,0.3701226309921962,1000.0,50.0,154.6806900193628,0.0,270.0174916003801,1000.0,10.0,100.21431543742298,0.0,230.16421261998912,6
27025,27,7,1,13,298,17,0.9609988109393579,0.667063020214031,0.29290527150217993,10000.0,25.0,668.3951248513674,0.0,2109.879650761353,10000.0,4.0,646.7479259611573,0.0,2115.957514910725,7
27027,27,9,1,16,874,17,0.9655202475916481,0.9228019702715662,0.6991848655246066,5000.0,100.0,403.0585196809206,0.0,486.896341012478,5000.0,20.0,253.39090179155227,0.0,462.79814446811855,9
27029,27,3,1,3,536,7,0.9921156373193167,0.9916776171703898,0.8756022777047744,1000.0,1000.0,878.6784932106877,0.0,321.957318452856,1000.0,1000.0,876.5039421813403,0.0,327.7238399097456,3
27031,27,1,1,4,467,6,0.9450369155045119,0.8170631665299426,0.5233798195242002,1000.0,1000.0,536.760459392945,0.0,485.7929677503746,1000.0,50.0,463.0498949958983,0.0,494.4940462989144,1
27033,27,8,1,4,518,18,0.9704496788008565,0.7667510219972746,0.18590617091687756,1000.0,40.0,112.18002865485691,0.0,224.59195413348206,1000.0,5.0,74.8312353513724,0.0,202.62537084905773,8
27035,27,8,1,21,426,19,0.9344900849858357,0.7953966005665722,0.5907932011331445,1000.0,1000.0,542.6539175637394,0.0,481.29067397136856,1000.0,35.0,324.48739220963176,0.0,455.0429726347627,8
27037,27,11,1,106,353,33,0.9492435158501441,0.7878242074927954,0.4875540345821326,10000.0,80.0,1583.754417651297,0.0,3335.656843311648,10000.0,20.0,1440.3195675072045,0.0,3378.241588243367,11
27039,27,7,1,5,326,14,0.9815277829607791,0.6977273575400231,0.5790946747770273,1000.0,250.0,391.4943836996679,0.0,423.7978944459172,1000.0,250.0,344.3985526738068,0.0,415.8561638111663,7
27041,27,6,1,11,435,19,0.9597096635295564,0.8225994956018946,0.4617703143261364,1000.0,80.0,302.14966303746075,0.0,398.64385155428363,1000.0,20.0,231.5762652395891,0.0,377.57962701991966,6
27043,27,6,1,6,569,15,0.9950672412897866,0.6041331325613999,0.4402097720546238,1000.0,25.0,251.97829586167506,0.0,361.13500119994484,500.0,6.0,146.59205441611715,0.0,188.518589095098,6
27045,27,9,1,6,441,17,0.8811418685121107,0.6907612456747405,0.34380622837370245,1000.0,50.0,211.64479612456748,0.0,339.01490571828424,1000.0,10.0,130.83527916955018,0.0,275.10286455315924,9
27047,27,8,1,10,552,22,0.9542280276441003,0.8411187900278612,0.7461012410898433,1000.0,250.0,358.3784600354597,0.0,363.8387266638634,1000.0,250.0,316.01002019032455,0.0,339.81140879793196,8
27049,27,12,1,11,461,24,0.9736250461393913,0.7975571289554042,0.43511962685815914,1000.0,60.0,287.3301165732693,0.0,385.9848599936793,1000.0,15.0,219.49635146471593,0.0,356.9397253432377,12
27051,27,5,1,2,553,11,0.9496336996336996,0.7337781266352695,0.6322605965463108,1000.0,250.0,449.6419413919414,0.0,454.29601375510236,1000.0,250.0,436.4151988487703,0.0,465.69055054419675,5
27053,27,22,1,328,371,43,0.9053203589030709,0.8322254517881966,0.5728800707696197,10000.0,250.0,2622.3705078057205,0.0,4084.1561578052197,10000.0,35.0,2402.621002923459,0.0,4187.8106684705035,22
27055,27,6,1,5,416,13,0.6731291198138813,0.5504071345482745,0.39113997673516865,1000.0,25.0,312.50218107793717,0.0,445.7589914936359,1000.0,4.0,218.43810585498255,0.0,396.5552673524412,6
27057,27,7,1,7,556,12,0.9562123700054734,0.8966429483670862,0.6658456486042693,1000.0,1000.0,627.455072067141,0.0,467.13366524036115,1000.0,100.0,485.66370060207987,0.0,486.5335020874871,7
27059,27,8,1,9,307,19,0.9462506841817186,0.8073344280240832,0.22911877394636015,10000.0,25.0,141.07932567049806,0.0,449.0143608016979,10000.0,5.0,90.6679654077723,0.0,428.36670963015683,8
27061,27,5,1,21,504,17,0.9494125954933555,0.8463118700648392,0.5049110868588303,1000.0,100.0,453.03392822751493,0.0,472.02368033505974,1000.0,20.0,342.23851165179434,0.0,464.2685786343485,5
27063,27,6,1,4,764,19,0.9800586742784649,0.8236600063431653,0.22359657469077068,1000.0,40.0,127.96426022835395,0.0,246.4624767171509,1000.0,5.0,103.7095110212496,0.0,253.60405989583577,6
27065,27,8,1,4,338,15,0.9618834080717489,0.8335632976888582,0.12280096585029321,2000.0,25.0,96.29216971369438,0.0,245.8163239016407,2000.0,5.0,71.67864091065886,0.0,251.15450953081864,8
27067,27,10,1,12,379,25,0.9633449164891829,0.6930276874789821,0.31358592086089004,1000.0,50.0,113.72762302432463,0.0,214.90405377688026,1000.0,10.0,42.20969257930725,0.0,91.67968066071579,10
27069,27,4,1,2,611,6,0.991139846743295,0.7794540229885057,0.6343390804597702,1000.0,100.0,329.14703065134097,0.0,425.963412930327,1000.0,20.0,293.4629865900383,0.0,447.19692376428657,4
27071,27,6,1,5,597,14,0.9627665106604264,0.5328133125325013,0.2550182007280291,1000.0,25.0,212.59115964638585,0.0,383.3659967321615,1000.0,2.0,193.32493187727508,0.0,391.83167838613474,6
27073,27,6,1,3,694,13,0.9820003988831273,0.6443956920622258,0.32449142401276426,1000.0,50.0,285.3075388911049,0.0,416.7764374437239,1000.0,10.0,217.38469605105703,0.0,388.99376717803506,6
27075,27,1,1,4,551,13,0.9363887791386803,0.5898854207822994,0.4543658632951403,1000.0,40.0,417.1102331094429,0.0,478.4523042154529,1000.0,3.0,299.42455472145394,0.0,450.2339069606047,1
27077,27,2,1,3,313,4,0.959412780656304,0.7538860103626943,0.5008635578583766,1000.0,100.0,235.6722797927461,0.0,354.95317704065457,1000.0,10.0,181.27455094991365,0.0,375.46084934420026,2
27079,27,8,1,7,377,16,0.9523174971031286,0.7541135573580533,0.5941483198146003,1200.0,250.0,317.24794322132095,0.0,366.32078346949163,1000.0,250.0,251.18727103128623,0.0,331.413276176029,8
27081,27,6,1,2,607,14,0.9700893880357552,0.7677057070822828,0.4137061654824662,1000.0,50.0,315.88998395599356,0.0,414.6769477452314,1000.0,10.0,66.14904148521659,0.0,121.72642749848269,6
27083,27,7,1,7,524,19,0.978152610441767,0.8227576974564926,0.35579651941097723,1000.0,75.0,171.46518072289157,0.0,280.75317294398695,1000.0,20.0,106.05426564926373,0.0,240.48904592201063,7
27085,27,7,1,9,484,19,0.9829952975822923,0.9317436944853466,0.26148292404882917,1000.0,50.0,169.78508754096802,0.0,288.33914597482504,1000.0,10.0,84.18003514938489,0.0,201.1794517642682,7
27087,27,3,1,2,370,4,0.9830677290836654,0.9452191235059761,0.6693227091633466,1000.0,1000.0,596.2913346613545,0.0,467.8213638738513,1000.0,100.0,460.10235258964144,0.0,484.65697066026445,3
27089,27,9,1,4,771,9,0.9787931034482759,0.8264655172413793,0.6743103448275862,1000.0,150.0,510.1480172413793,0.0,472.6182046380811,1000.0,20.0,485.51900482758623,0.0,495.2959492819411,9
27091,27,8,1,7,617,17,0.9752948328267477,0.721726443768997,0.3260547112462006,1000.0,45.0,129.28675987841945,0.0,241.24125888182388,1000.0,5.0,92.03618042553191,0.0,228.0234804625214,8
27093,27,8,1,6,579,18,0.9638299944803402,0.8845741744861846,0.3784538459040878,1000.0,50.0,162.01402642942952,0.0,271.62019949954555,1000.0,10.0,102.92257235624533,0.0,229.98099218911125,8
27095,27,5,1,7,285,16,0.962867109260718,0.6542140204793518,0.36221447057499717,2000.0,25.0,146.69737099133567,0.0,265.08546311767833,2000.0,4.0,107.03036255204232,0.0,267.3886599676448,5
27097,27,14,1,8,606,17,0.9608547189073116,0.7331995634878727,0.2940824444679128,2000.0,50.0,282.3889182243813,0.0,420.81077879251666,2000.0,10.0,242.4887134157074,0.0,417.8198633266692,14
27099,27,9,1,11,754,21,0.878420649224204,0.6628964431462723,0.5662378555300064,1000.0,250.0,322.272336502807,0.0,387.7695811866631,1000.0,50.0,284.8403193089304,0.0,379.07740525252916,9
27101,27,7,1,3,515,16,0.975499151768237,0.7681391100091348,0.2655944147200835,1000.0,50.0,158.81645569620252,0.0,282.8017295853972,1000.0,10.0,79.44351729087823,0.0,195.87078517485102,7
27103,27,7,1,7,498,20,0.9723281899447702,0.8422251323805728,0.28355064624494675,1200.0,50.0,169.51147298297556,0.0,288.91468147056804,1000.0,10.0,101.57858714342652,0.0,229.7624544260124,7
27105,27,9,1,6,637,23,0.97282248059779,0.783445370877932,0.27757421886269873,2000.0,50.0,185.69940278699403,0.0,368.4457711762778,2000.0,5.0,124.28303765038515,0.0,331.16032468688326,9
27107,27,7,1,3,734,8,1.0,1.0,0.8376499607579325,1000.0,100.0,506.5394102477856,25.0,449.23419349761895,1000.0,20.0,410.826662181859,3.0,473.76564183585333,7
27109,27,11,1,35,577,24,0.9613034623217923,0.7214301878252999,0.4873651655729049,1000.0,60.0,379.0731594629253,0.0,439.69317052969336,1000.0,15.0,303.10363185486915,0.0,419.90831726750196,11
27111,27,22,1,17,784,17,0.9892892431328635,0.942441209406495,0.685975890916277,2048.0,1000.0,588.809755615572,0.0,507.27000571377795,2048.0,250.0,512.0651751531519,0.0,526.9351003727022,22
27113,27,4,1,5,482,12,0.97506678539626,0.8488423864648263,0.7014692787177204,1000.0,150.0,539.2373107747106,0.0,461.9546238411798,1000.0,40.0,504.75183481745324,0.0,494.4716455174322,4
27115,27,7,1,9,483,14,0.9363669724770642,0.6151926605504587,0.2019816513761468,2000.0,25.0,102.52282656880735,0.0,259.4496339992316,2000.0,4.0,42.40424308256881,0.0,226.72716854892036,7
27117,27,4,1,5,423,13,0.9847492598905535,0.8613976854759128,0.33659280523907775,1000.0,75.0,243.44343769624115,0.0,352.6731993959503,1000.0,25.0,148.88912245447204,0.0,288.88300732693307,4
27119,27,11,1,10,959,12,0.9626776543652216,0.9073211513197181,0.8286157888450973,2000.0,1000.0,679.4229368207333,0.0,451.4732625483557,2000.0,1000.0,662.8662918906008,0.0,473.60886611774265,11
27121,27,9,1,4,510,16,0.9743441580954583,0.6742748179822027,0.40899110135213224,1000.0,50.0,215.63547324627297,0.0,336.68626031798476,1000.0,20.0,178.26447856234833,0.0,323.8535000160976,9
27123,27,6,1,143,266,30,0.9126252938156864,0.875368113905925,0.6114068030151568,10000.0,250.0,2394.929971523519,0.0,3900.1378634546063,10000.0,35.0,2137.0261357901277,0.0,4010.4113854587126,6
27125,27,5,1,2,478,7,0.9974035608308606,0.9940652818991098,0.9558605341246291,2000.0,1000.0,824.1057121661721,0.0,355.0346194789794,2000.0,1000.0,802.7058605341247,0.0,396.70995617848183,5
27127,27,9,1,6,645,12,0.9819161643378983,0.7171588099669435,0.3203422317286591,1000.0,50.0,120.64651795883219,0.0,218.51339468531143,1000.0,10.0,69.67656507125199,0.0,169.80803337671364,9
27129,27,9,1,6,603,20,0.9805871212121212,0.7847748316498316,0.3274410774410774,1000.0,50.0,142.73932344276093,0.0,257.60822254780163,1000.0,10.0,77.40600178872053,0.0,198.52397518047798,9
27131,27,8,1,16,391,22,0.9664229431390644,0.8310499041669624,0.6218854262795486,10000.0,250.0,691.0419358273585,0.0,1800.077879552996,10000.0,250.0,619.6577480655924,0.0,1806.6503522160212,8
27133,27,5,1,3,509,14,0.9652626482691842,0.8903413217138707,0.49782135076252726,1000.0,75.0,472.06971677559915,0.0,469.9270892102346,1000.0,25.0,378.3853894940692,0.0,462.95375344155246,5
27135,27,6,1,5,629,8,0.9625890736342043,0.85055423594616,0.5882818685669042,1000.0,150.0,465.87372050672997,0.0,464.09546129343005,1000.0,20.0,433.1342165479018,0.0,490.57803506424955,6
27137,27,14,1,75,955,29,0.9049724009986029,0.644969194475619,0.3467167495018437,10000.0,25.0,636.1668422619729,0.0,1876.5084066587133,10000.0,3.0,495.35578617072446,0.0,1884.7875793409294,14
27139,27,9,1,32,310,27,0.9647029131814249,0.8506994519757716,0.5812301701759446,10000.0,250.0,963.7010924430343,0.0,2272.6131453594685,10000.0,50.0,837.7524004182291,0.0,2294.617616591052,9
27141,27,7,1,19,276,19,0.9538538916132278,0.7533635106249215,0.4892493398717465,10000.0,60.0,1081.9591034829623,0.0,2644.885989626588,10000.0,10.0,973.8052873129636,0.0,2667.69787904382,7
27143,27,7,1,4,508,17,0.9698748796920116,0.8091434071222329,0.278055822906641,1000.0,50.0,169.79636669874878,0.0,296.3013805854671,1000.0,10.0,101.94222444658325,0.0,246.24709581528313,7
27145,27,16,1,37,630,25,0.9302023317620128,0.7764651108653902,0.42006634464296105,2000.0,50.0,271.8558943917438,0.0,400.5587194376077,2000.0,10.0,140.61484785349862,0.0,302.631119137561,16
27147,27,7,1,8,569,16,0.9622641509433962,0.8452118191527234,0.7333214667141331,10000.0,300.0,1976.8101281594872,0.0,3521.1984940843513,10000.0,300.0,1943.7989893912425,0.0,3535.407647359352,7
27149,27,7,1,3,576,11,0.9835164835164835,0.7049992261259866,0.6451013774957437,1000.0,250.0,435.1716452561523,0.0,454.19339568623695,1000.0,100.0,384.57509487695404,0.0,445.82424615021597,7
27151,27,5,1,4,715,17,0.9826837140019861,0.7878599801390268,0.464746772591857,1000.0,50.0,334.1048021350546,0.0,420.68868562112584,1000.0,10.0,253.81022567030786,0.0,395.1472988466303,5
27153,27,12,1,8,518,14,0.9625630292074969,0.7992103510607934,0.3887356103130054,2000.0,50.0,252.6437326610218,0.0,381.7261011710829,2000.0,10.0,185.27789610883835,0.0,353.04737707679925,12
27155,27,6,1,2,474,11,0.9684870483418577,0.7511961722488039,0.6888302260353077,1000.0,100.0,246.99175053621514,0.0,327.4090325600409,1000.0,15.0,151.95215706979047,0.0,272.50332123749325,6
27157,27,7,1,6,517,16,0.8608419940109212,0.7247959603076742,0.3456637895602137,1000.0,60.0,223.7198121073337,0.0,346.0382987133741,1000.0,15.0,192.39789407550936,0.0,343.90755354781254,7
27159,27,5,1,3,618,12,0.9640608604407135,0.8890346274921301,0.7345225603357818,1000.0,1000.0,720.5209863588667,0.0,437.56167529026686,1000.0,1000.0,639.8364506820566,0.0,476.3293959262701,5
27161,27,9,1,5,372,14,0.9707561941604494,0.8105369807497467,0.6511006723772681,10000.0,250.0,2147.614146265082,0.0,3865.5086207671498,10000.0,250.0,2110.539336741273,0.0,3881.8797682914533,9
27163,27,8,1,59,352,23,0.9315390413692192,0.857446902851062,0.534030949319381,10000.0,100.0,1615.2261231765174,0.0,3253.8944021259113,10000.0,10.0,1360.5019792488804,0.0,3325.183583352259,8
27165,27,6,1,3,541,17,0.9815780150817349,0.6587884002226834,0.2819980768257503,1200.0,25.0,103.80125512424718,0.0,217.16607175004955,1000.0,10.0,39.52718103142871,0.0,91.97400779809499,6
27167,27,5,1,2,995,11,0.9855820750121773,0.8909887968826108,0.5660983925962007,1000.0,100.0,385.52518265952267,0.0,438.7562211566807,1000.0,20.0,367.6972074037993,0.0,452.34582098969344,5
27169,27,8,1,13,464,16,0.814014014014014,0.6495695695695696,0.353993993993994,1000.0,60.0,278.8606263863864,0.0,402.87642812550126,1000.0,15.0,177.00769041041042,0.0,340.5174854024542,8
27171,27,13,1,27,408,23,0.9463583404796404,0.7412543986752225,0.37229795664902265,10000.0,40.0,927.5389033917852,0.0,2532.543682566971,10000.0,4.0,783.8771121625218,0.0,2553.866800292725,13
27173,27,8,1,4,874,17,0.9654868193527897,0.6379292091611674,0.3380386067685358,1000.0,50.0,134.94671277834632,0.0,248.62869418870451,1000.0,10.0,94.30314472244768,0.0,231.0687824340549,8
28001,28,1,1,10,190,10,0.8919722497522299,0.6065411298315163,0.39544103072348863,1000.0,25.0,186.88777006937562,0.0,287.9977185580784,1000.0,3.5,102.50200991080278,0.0,286.3094517485151,1
28003,28,2,1,10,268,14,0.9465068316576437,0.651456560969322,0.3874709976798144,2000.0,25.0,592.9257984016499,0.0,803.9364207236086,2000.0,4.0,391.8019917504511,0.0,782.0974856565122,2
28005,28,1,1,4,429,7,0.9496255956432947,0.6575901974132062,0.0020422055820285907,1000.0,25.0,21.56526616746086,0.0,37.09291718076156,50.0,10.0,6.163046970728386,0.0,4.601033863926896,1
28007,28,2,1,6,369,8,0.934453781512605,0.6943577430972389,0.22376950780312124,1000.0,25.0,220.14707226890755,0.0,392.6056563272685,1000.0,25.0,210.99130468187275,0.0,397.0450753585967,2
28009,28,1,1,3,197,10,0.9070567986230637,0.6041308089500861,0.35972461273666095,1000.0,25.0,360.4957590361446,0.0,469.2018327440142,1000.0,3.0,350.9042822719449,0.0,476.09173383589837,1
28011,28,3,1,9,636,14,0.9484600879949717,0.7747747747747747,0.17536140791954746,1000.0,25.0,195.99659249947624,0.0,369.8919953666447,940.0,25.0,22.64162581185837,0.0,23.076116958128154,3
28013,28,1,1,5,205,11,0.9786374133949192,0.6570438799076213,0.4226327944572748,10000.0,25.0,337.3273672055427,0.0,506.57022519849284,10000.0,4.0,321.25817090069285,0.0,508.41698939565623,1
28015,28,1,1,3,343,10,0.9227823867262285,0.8040842373962986,0.26419910657306955,1000.0,25.0,279.37498915124445,0.0,432.0054554699039,1000.0,25.0,198.40039821314613,0.0,379.1216567636742,1
28017,28,3,1,5,260,13,0.9120922832140016,0.5294351630867143,0.3500397772474145,1200.0,25.0,341.2739522673031,0.0,476.4412653034525,1000.0,2.0,249.35963404932377,0.0,427.4727129514182,3
28019,28,1,1,3,286,7,0.9444444444444444,0.4673202614379085,0.2549019607843137,1000.0,18.0,182.86471023965143,0.0,359.41814870626445,1000.0,1.5,171.86950762527235,0.0,364.3704693892009,1
28021,28,1,1,3,262,3,0.9336569579288025,0.47572815533980584,0.09385113268608414,100.0,18.0,30.41790938511327,0.0,27.904599203909665,100.0,1.5,7.329417475728155,0.0,17.845096866520855,1
28023,28,2,1,5,353,11,0.8402625820568927,0.5921225382932166,0.36280087527352295,1200.0,25.0,374.38819256017507,0.0,479.22200194334016,1024.0,2.0,164.49339868708972,0.0,356.73514546395376,2
28025,28,1,1,5,295,8,0.8712011577424024,0.5940665701881331,0.45803183791606367,1200.0,25.0,514.3959218523878,0.0,549.648670679859,1000.0,3.0,218.63315484804633,0.0,401.9699693227077,1
28027,28,2,1,7,528,12,0.955210375508973,0.7623284572462675,0.20268436133313225,1000.0,50.0,195.66959915548182,0.0,355.1277967194786,940.0,25.0,20.87979248982054,0.0,25.527594998196093,2
28029,28,2,1,8,416,9,0.9001331557922769,0.4703728362183755,0.1321571238348868,1000.0,18.0,99.59354860186419,0.0,261.4174096103711,1000.0,1.5,41.883552596537946,0.0,178.83594748396368,2
28031,28,1,1,5,423,9,0.7816901408450704,0.2965571205007825,0.0,25.0,10.0,13.15614710485133,0.0,9.079530314141067,25.0,1.0,1.4097809076682317,0.0,1.1900509608713186,1
28033,28,1,1,41,176,14,0.9088008508375433,0.6987503323584153,0.4151821324115927,1200.0,25.0,412.38796968891256,0.0,523.0161125743937,1000.0,4.0,139.12537995214038,0.0,323.42818717357045,1
28035,28,3,1,21,404,18,0.8725736045323674,0.5593944459923841,0.2875452772359989,1200.0,25.0,342.33249447385526,0.0,515.5091685185263,1000.0,3.0,79.08974979102814,0.0,249.02534675511347,3
28037,28,1,1,3,331,6,0.9851446442533229,0.5887412040656763,0.16810007818608289,940.0,25.0,34.67474589523065,0.0,40.65521845220187,940.0,3.0,20.262142298670835,0.0,44.415635727926805,1
28039,28,1,1,6,280,12,0.9114031369224248,0.6057651547265791,0.16405256464603646,1000.0,25.0,164.92745909283593,0.0,347.19340480704517,1000.0,5.0,90.79150487494701,0.0,274.0046888501797,1
28041,28,1,1,4,326,8,0.922233300099701,0.45663010967098705,0.1625124626121635,1000.0,15.0,41.26451046859422,0.0,114.57251826639249,1000.0,2.0,14.468063808574279,0.0,99.11234284763141,1
28043,28,1,1,7,357,14,0.9319781078967944,0.7541047693510555,0.2071931196247068,1000.0,25.0,221.45170758405004,0.0,395.79606731860684,1000.0,25.0,22.181910867865522,0.0,54.436344313559154,1
28045,28,3,1,18,408,12,0.9511809243982371,0.7509323087354504,0.23369872301955022,1000.0,25.0,210.13863984631033,0.0,379.0996992748694,1000.0,10.0,57.54654808452932,0.0,203.04549488272386,3
28047,28,5,1,82,332,17,0.9410771025218195,0.7547359530225637,0.30567509954550937,5000.0,25.0,280.32757623778303,0.0,437.92849403693293,5000.0,10.0,70.3708300687769,0.0,246.81295181066483,5
28049,28,3,1,67,400,17,0.9070306735532835,0.5523347739011278,0.35485401075155476,1200.0,25.0,348.3934735954464,0.0,510.81829543869725,1000.0,3.0,71.10144070833773,0.0,230.8829329083215,3
28051,28,1,1,6,421,9,0.9427168576104746,0.6781232951445717,0.19639934533551553,2000.0,25.0,213.40682815057284,0.0,393.1614548107721,2000.0,25.0,25.297263502454992,0.0,81.63310347923566,1
28053,28,1,1,3,365,7,0.9207792207792208,0.7694805194805194,0.11948051948051948,500.0,25.0,68.15162337662338,0.0,140.55390597451344,100.0,25.0,20.017046753246753,0.0,19.727605403747663,1
28055,28,2,1,1,211,7,0.9463087248322147,0.7416107382550335,0.0,50.0,25.0,22.629194630872483,0.0,7.8367322993581325,50.0,25.0,18.975503355704696,0.0,9.739912112953373,2
28057,28,1,1,6,325,13,0.9626108998732573,0.7287705956907478,0.4790874524714829,1200.0,25.0,440.89926235741444,0.0,478.6378153842244,1000.0,4.0,406.77136628643854,0.0,479.3603852424223,1
28059,28,4,1,43,356,14,0.9422903516681695,0.7172565374211001,0.3015103697024346,1000.0,25.0,269.4166442741208,0.0,419.25941242259876,1000.0,10.0,53.76174549143372,0.0,189.86155178844186,4
28061,28,2,1,7,277,9,0.3717379233759023,0.2248750694058856,0.051637978900610775,1200.0,0.0,61.45324042198778,0.0,237.29677920524193,1000.0,0.0,34.165478067740146,0.0,177.83821624076634,2
28063,28,1,1,4,142,8,0.8271604938271605,0.4567901234567901,0.0345679012345679,100.0,12.0,18.360582716049382,0.0,18.42041858288005,100.0,1.5,4.784493827160494,0.0,17.419882583441186,1
28065,28,1,1,4,321,6,0.8355828220858895,0.5680981595092025,0.2822085889570552,1000.0,25.0,92.8395926380368,0.0,205.77069732819024,1000.0,10.0,88.29933742331289,0.0,207.51149539008617,1
28067,28,2,1,19,318,14,0.7200831194230534,0.5268304608238602,0.324287984353991,1200.0,25.0,380.43570272582815,0.0,535.3494970726408,1000.0,3.0,90.05494633907834,0.0,269.000088396133,2
28069,28,1,1,2,303,9,0.8811728395061729,0.6064814814814815,0.3055555555555556,1200.0,25.0,324.21538888888887,0.0,465.73742675639244,1024.0,2.0,309.0184938271605,0.0,468.6667558270083,1
28071,28,2,1,15,263,14,0.9539609053497943,0.7788065843621399,0.5943930041152263,1000.0,1000.0,564.6485411522633,0.0,483.00851280065194,1000.0,1000.0,553.8453950617285,0.0,494.6799199807828,2
28073,28,2,1,17,258,13,0.8532925812725757,0.5109752709085857,0.28313420394554045,1200.0,25.0,328.3515621005835,0.0,502.1729580341526,1000.0,2.0,110.32134037232565,0.0,298.2038250864136,2
28075,28,2,1,25,409,15,0.848680780060486,0.527270831160705,0.332985712795912,1200.0,25.0,400.65840358744396,0.0,548.7941022613434,1024.0,3.0,56.49789467097717,0.0,205.80331406411833,2
28077,28,1,1,3,308,7,0.8483412322274881,0.3424170616113744,0.004739336492890996,1000.0,10.0,18.115331753554504,0.0,48.116674784544294,1000.0,1.0,4.352862559241706,0.0,47.443491177734174,1
28079,28,1,1,6,278,12,0.8820876288659794,0.4800257731958763,0.16688144329896906,1000.0,18.0,128.00823969072164,0.0,301.7814780794348,1000.0,1.5,109.76344587628866,0.0,307.1935744689735,1
28081,28,4,1,23,268,17,0.895497927311289,0.6347247662199942,0.4902149812011954,1200.0,25.0,536.0564619685722,0.0,537.2951477898938,1000.0,25.0,296.8214398920274,0.0,446.87727105993315,4
28083,28,1,1,8,672,15,0.90501968503937,0.7539370078740157,0.21358267716535434,1000.0,25.0,228.58624212598426,0.0,401.12810248103796,1000.0,25.0,27.71576377952756,0.0,76.34864922485252,1
28085,28,2,1,10,335,13,0.9115156646909399,0.541913632514818,0.20279424216765454,1000.0,25.0,157.0994699407282,0.0,333.3580591092229,100.0,2.0,13.470574936494495,0.0,22.706277682110432,2
28087,28,2,1,18,392,16,0.9148017902813299,0.5535485933503836,0.340153452685422,5000.0,25.0,384.33670971867,0.0,633.4013361252686,5000.0,3.0,107.92177621483376,0.0,505.3648049940944,2
28089,28,2,1,26,372,15,0.9234979179060083,0.7113622843545508,0.35014872099940514,1200.0,50.0,359.47152028554433,0.0,489.575742189299,1000.0,10.0,172.65291231409873,0.0,359.43131037830585,2
28091,28,2,1,6,331,9,0.810403832991102,0.43086926762491445,0.002053388090349076,100.0,18.0,17.59494045174538,0.0,14.251866133508594,100.0,1.5,2.05490212183436,0.0,4.672963949200354,2
28093,28,2,1,10,214,11,0.9100689655172414,0.6391724137931034,0.3133793103448276,1200.0,25.0,312.07424220689654,0.0,460.58562636559003,1000.0,3.0,236.6878300689655,0.0,420.3154060466794,2
28095,28,5,1,11,383,16,0.9217137729923732,0.7432705248990579,0.4831763122476447,1200.0,25.0,492.3917012113055,0.0,491.1729397737642,1000.0,4.0,461.55484701659935,0.0,496.3298428080166,5
28097,28,1,1,4,298,9,0.9170052234474754,0.689495066744051,0.2170632617527568,1000.0,25.0,232.16561810795125,0.0,404.4777148775647,1000.0,25.0,67.01096691816599,0.0,209.31376092284557,1
28099,28,3,1,8,338,13,0.8632732252910295,0.527733394202237,0.330974663318877,1024.0,25.0,340.1132663775394,0.0,464.31843113116764,1024.0,2.0,332.01650125542113,0.0,469.956226956136,3
28101,28,3,1,6,372,9,0.8748738647830474,0.38580558358560374,0.20147998654557686,1000.0,18.0,212.0432600067272,0.0,395.9322511415694,1000.0,1.5,202.5857194752775,0.0,400.61840899116754,3
28103,28,1,1,3,279,6,0.9376693766937669,0.5474254742547425,0.16395663956639567,1024.0,25.0,179.42453116531166,0.0,363.90448209629005,1024.0,2.0,165.60972357723577,0.0,369.93462566110605,1
28105,28,1,1,13,249,15,0.8983507236620667,0.6677886233591384,0.5102659037361158,1000.0,940.0,514.7540397172669,0.0,490.06191277673753,1000.0,940.0,508.36910669808145,0.0,496.5328288136218,1
28107,28,2,1,11,255,15,0.940771349862259,0.6573002754820937,0.4382920110192837,1200.0,25.0,431.4647338842975,0.0,495.2599509098459,1000.0,5.0,265.04530578512396,0.0,431.66021617408944,2
28109,28,4,1,16,330,14,0.9519564140663694,0.763744427934621,0.3563150074294205,1200.0,25.0,341.04646419019315,0.0,456.13780326317186,1000.0,10.0,196.3838304110946,0.0,386.2358343670049,4
28111,28,2,1,3,346,10,0.9136612021857924,0.5131147540983606,0.20218579234972678,1200.0,25.0,186.67302076502733,0.0,368.45748397999284,1000.0,2.0,170.7267825136612,0.0,369.92761715634606,2
28113,28,3,1,11,362,14,0.9182491582491582,0.6684175084175085,0.25333333333333335,1000.0,25.0,244.79851205387206,0.0,409.5456759713486,940.0,10.0,16.776074882154884,0.0,34.13376926420363,3
28115,28,2,1,6,270,16,0.9148637257656645,0.722112953076707,0.5035122225344197,1200.0,115.0,509.5928901376791,0.0,495.83364639891334,1000.0,7.0,479.6456004495645,0.0,497.7436104023075,2
28117,28,3,1,8,281,14,0.8814016172506739,0.6574123989218329,0.4544474393530997,2000.0,25.0,469.2527083557951,0.0,504.9634102648389,2000.0,4.0,461.984502425876,0.0,511.44551082872755,3
28119,28,1,1,3,317,9,0.930327868852459,0.46174863387978143,0.3866120218579235,1200.0,18.0,412.62614754098365,0.0,501.8199239243192,1000.0,2.0,33.391295081967215,0.0,115.90831547816273,1
28121,28,2,1,37,331,16,0.8880866425992779,0.6191335740072202,0.3854793421580425,1200.0,25.0,371.01558684316086,0.0,509.1768152159456,1024.0,5.0,125.86474568792619,0.0,308.7094849428279,2
28123,28,2,1,8,311,11,0.7673037190082644,0.46487603305785125,0.27918388429752067,1000.0,18.0,272.98808367768595,0.0,432.52790190971666,1000.0,1.5,262.7531394628099,0.0,438.3265685108214,2
28125,28,1,1,2,436,7,0.9293756397134084,0.7625383828045036,0.15148413510747186,500.0,25.0,93.38103172978505,0.0,172.06209160272624,50.0,25.0,21.307766632548617,0.0,16.06473028742714,1
28127,28,1,1,9,326,13,0.8996282527881041,0.5483271375464684,0.10687732342007435,1200.0,25.0,41.78668587360595,0.0,114.45471492420519,1000.0,2.0,17.11507063197026,0.0,105.56401564657205,1
28129,28,1,1,5,315,7,0.4456398640996603,0.22083805209513024,0.059456398640996604,1000.0,1.5,66.02229671574179,0.0,235.0695986609597,1000.0,0.256,60.17091959229898,0.0,236.36630815440262,1
28131,28,1,1,5,237,9,0.9172563962983125,0.6494284158954817,0.19052803483941208,1000.0,25.0,197.39811649428418,0.0,377.9470906249644,1000.0,10.0,78.54994447468698,0.0,249.4796246532261,1
28133,28,1,1,7,662,15,0.9488308115543329,0.728748280605227,0.15543328748280605,1000.0,25.0,173.6919097661623,0.0,354.6007311974286,50.0,25.0,20.741948830811552,0.0,16.25432460253786,1
28135,28,2,1,4,354,11,0.9573712255772646,0.7410301953818828,0.1364120781527531,1000.0,25.0,155.26325825932503,0.0,335.90781717132717,1000.0,25.0,17.964555595026642,0.0,31.073637467282968,2
28137,28,2,1,6,193,8,0.941267989109296,0.646052119797744,0.44185141968105796,1200.0,25.0,435.1540474523532,0.0,520.6654529813228,1000.0,5.0,223.28084014002334,0.0,406.3907938130681,2
28139,28,2,1,6,269,10,0.9394281414597442,0.6331828442437923,0.4996237772761475,2000.0,25.0,517.2493559066968,0.0,505.21250112486524,2000.0,5.0,458.88777276147476,0.0,498.1844691120131,2
28141,28,1,1,7,303,11,0.9023041474654377,0.6589861751152074,0.5170506912442396,2000.0,1000.0,519.2917394777265,0.0,494.32891407910256,2000.0,1000.0,512.0508079877112,0.0,501.5523550760536,1
28143,28,1,1,4,539,11,0.9356254572055597,0.7432333577176299,0.21872713972201902,1200.0,50.0,234.76101243599123,0.0,433.34370926672943,1000.0,25.0,18.981272860277983,0.0,29.348486485568134,1
28145,28,2,1,6,290,13,0.9119759091962011,0.7593236043548761,0.5747046560111189,1200.0,1000.0,559.1897549223997,0.0,488.85303421973623,1000.0,1000.0,544.6214815844337,0.0,496.64974226145836,2
28147,28,1,1,5,188,8,0.8739290085679314,0.4283965728274174,0.0,50.0,12.0,15.98723623011016,0.0,10.091716183761203,5.0,1.5,1.7021346389228886,0.0,1.1061568101823946,1
28149,28,1,1,13,244,14,0.9361338797814208,0.6065573770491803,0.28688524590163933,1000.0,25.0,80.54180737704918,0.0,169.52447017649143,1000.0,3.0,36.785069672131144,0.0,169.54530410156957,1
28151,28,4,1,19,728,13,0.925219185146983,0.7433384906309094,0.20079078562833075,1000.0,25.0,212.57156609936393,0.0,388.11506153040506,200.0,25.0,22.072591713941893,0.0,17.483656307290413,4
28153,28,1,1,7,316,10,0.8505747126436781,0.42857142857142855,0.2660098522167488,1200.0,18.0,269.16930706075533,0.0,433.28210019960414,1000.0,1.5,28.813402298850576,0.0,124.07129552138836,1
28155,28,1,1,3,292,9,0.9165991902834008,0.7093117408906883,0.345748987854251,1000.0,25.0,323.6122331983806,0.0,452.2933714376706,1000.0,3.0,313.91273522267204,0.0,458.82133134515374,1
28157,28,1,1,3,291,6,0.8950542822677925,0.47285886610373945,0.0,50.0,18.0,18.174759951749095,0.0,10.275846653719654,10.0,1.5,3.601915560916767,0.0,3.673048004070245,1
28159,28,1,1,5,303,10,0.9055649241146712,0.5997751545812254,0.3305227655986509,1024.0,25.0,340.7184328274311,0.0,463.45826072459,1024.0,3.0,331.6790601461495,0.0,469.7513368326305,1
28161,28,2,1,4,280,10,0.8686923494302767,0.5355398806294086,0.27075420510037984,1000.0,25.0,281.6461443298969,0.0,437.901527503563,1000.0,2.0,271.9296169289202,0.0,443.75437343983225,2
28163,28,2,1,7,365,13,0.9319254100202202,0.6823185800943609,0.21680521231184002,1000.0,25.0,192.3935277465738,0.0,366.1252028677716,940.0,25.0,19.810900022466864,0.0,26.233252820630625,2
29001,29,4,1,8,496,16,0.584918226892622,0.4173018574705839,0.2008436320580182,1000.0,5.0,100.7455244579294,0.0,264.50388478949264,400.0,2.0,12.98302212684082,0.0,27.755702030505542,4
29003,29,7,1,5,839,14,0.8641670524096076,0.6132798436455279,0.2582934732294399,2000.0,40.0,265.8443912976393,0.0,423.23775824337076,1000.0,8.0,231.40933981381474,0.0,416.188700247882,7
29005,29,3,1,2,643,12,0.7365103378719112,0.6942763489662128,0.059757942511346446,2000.0,25.0,61.448121533030765,0.0,201.7740060434365,1000.0,3.0,43.801497478567825,0.0,199.2440917527686,3
29007,29,9,1,7,1312,23,0.6754990469407847,0.39513206677698415,0.14957793091891666,1000.0,5.0,91.43988219769172,0.0,259.82020918033686,1000.0,2.0,38.66124722984437,0.0,171.2902543163419,9
29009,29,13,1,10,760,17,0.6857202534289494,0.5863445426907099,0.1612708579915988,1000.0,25.0,104.23078734711875,0.0,252.30402252576607,1000.0,3.0,32.70558448792035,0.0,126.83573933363789,13
29011,29,6,1,3,994,15,0.6068272871960925,0.4830141046045771,0.2812139838647714,1000.0,15.0,99.56814796114374,0.0,217.94096978220765,1000.0,3.0,27.535333077218596,0.0,129.6019006442041,6
29013,29,10,1,4,753,23,0.9166479946224513,0.7584024198969304,0.16827246246919111,2000.0,40.0,85.27981223392338,0.0,211.9224381588635,1024.0,8.0,42.5392223840466,0.0,182.36930100196324,10
29015,29,9,1,8,657,17,0.5385722946347378,0.32153682934222494,0.15201576235222794,1024.0,10.0,158.08837193088814,0.0,352.86727401684374,1000.0,0.768,131.66395756289785,0.0,334.94096756746154,9
29017,29,9,1,3,456,12,0.9138093740169865,0.16844919786096257,0.10978295061340045,1000.0,10.0,60.701416797735135,0.0,163.30022917133172,1000.0,2.0,18.621648317080844,0.0,117.89405495549067,9
29019,29,9,1,40,373,28,0.6114024965907899,0.38298541907059686,0.217612503933704,1000.0,15.0,160.78920455260672,0.0,341.85110207218804,1000.0,2.0,59.792685565928885,0.0,212.62945105899183,9
29021,29,5,1,26,848,25,0.8427566970771108,0.5872218025451799,0.2703817769771631,2000.0,25.0,153.9340389331164,0.0,322.41515346248764,1000.0,4.0,45.794415712708464,0.0,184.61923860983,5
29023,29,7,1,12,616,23,0.7318713719708836,0.30046991615221597,0.14051414355477748,1000.0,10.0,122.58507583156731,0.0,304.6434706399397,200.0,2.0,11.783255597530637,0.0,26.882903127957423,7
29025,29,11,1,3,916,11,0.8699554789602183,0.5878213413758437,0.3074105988797932,1000.0,25.0,316.91835645555074,0.0,451.21934695247626,1000.0,4.0,72.85230561539566,0.0,138.2088009717632,11
29027,29,9,1,11,741,21,0.7134786117836965,0.6436533385685929,0.5239622188774731,1000.0,100.0,332.8776219706389,0.0,444.3649096228434,1000.0,35.0,292.0995349344502,0.0,439.8402130260404,9
29029,29,7,1,19,304,23,0.6225253701547163,0.4955082349026784,0.29920146398269837,1000.0,18.0,174.7616982199301,0.0,338.4098720539293,1000.0,3.0,59.71881300948261,0.0,217.4182612707319,7
29031,29,7,1,19,445,22,0.8752910086201472,0.43811741018058264,0.31101742905681745,2000.0,12.0,242.84935732712515,0.0,394.0858978564219,1000.0,2.0,47.84415830868936,0.0,187.54992515895347,7
29033,29,7,1,3,889,15,0.921685587839138,0.2040921044192162,0.16734013212750945,1000.0,15.0,178.38069604258868,0.0,368.42223013548585,1000.0,5.0,122.55242049900583,0.0,310.90093668514885,7
29035,29,3,1,2,306,11,0.3728620296465222,0.24705435195743064,0.1064234131508932,2000.0,2.0,24.940896997339415,0.0,94.16870945334034,1000.0,0.064,11.3254503990878,0.0,71.05763774991541,3
29037,29,14,1,24,543,31,0.9497738158594997,0.81752261841405,0.16405002660989887,2000.0,25.0,151.07717974986696,0.0,365.3194131888277,1024.0,4.0,32.90282703565726,0.0,150.13583439047972,14
29039,29,5,1,4,602,12,0.8526290400385914,0.6140858658948384,0.2040520984081042,1024.0,25.0,95.98890110950313,0.0,239.74185737998513,215.0,4.0,22.401942112879887,0.0,40.789183915348495,5
29041,29,7,1,3,1181,15,0.7397350711304199,0.18570576710111594,0.1532924439901184,1000.0,5.0,149.9086883039441,0.0,342.95459543245954,1000.0,2.0,130.80805119686514,0.0,330.27938917490394,7
29043,29,13,1,19,419,19,0.7081582633053222,0.5697478991596638,0.15794817927170868,10000.0,25.0,144.06764187675068,0.0,330.290084436862,10000.0,3.0,28.538454551820728,0.0,150.662179710667,13
29045,29,4,1,3,520,10,0.5060091905266879,0.45157299399080947,0.27659950512548603,1000.0,10.0,58.42188052315306,0.0,158.855774111514,1000.0,1.0,41.3895818310357,0.0,157.3877396573164,4
29047,29,9,1,55,730,31,0.9027595269382391,0.7328242382168447,0.36263109612476135,2000.0,25.0,357.0739252721097,0.0,586.8465344054456,1000.0,4.0,139.80130602732254,0.0,333.3958542613803,9
29049,29,9,1,5,471,17,0.786765255060124,0.6134886847412054,0.2391515423108522,1000.0,25.0,248.78518455448503,0.0,416.39912394730015,1000.0,4.0,220.52500843976398,0.0,410.7706542064534,9
29051,29,5,1,18,313,26,0.676667545478513,0.60506195623517,0.4476667545478513,1000.0,30.0,186.65074590034274,0.0,299.35178980426497,1000.0,3.0,67.9115447403111,0.0,212.76122484942312,5
29053,29,11,1,5,832,17,0.6236897692399666,0.5282372165318242,0.3380494998206528,1000.0,25.0,324.9247205770994,0.0,456.05664721100396,1000.0,3.0,314.08361635646247,0.0,462.6783000459419,11
29055,29,9,1,8,359,13,0.7325716178175194,0.619639013081636,0.3659546282497102,1024.0,30.0,158.89079731743666,0.0,319.38937288094576,1024.0,5.0,61.5631682397748,0.0,218.89115752811705,9
29057,29,7,1,2,1334,12,0.6438236195647414,0.4874107807505364,0.24639838857993607,2000.0,18.0,126.52556885755573,0.0,252.70496038765975,1000.0,1.5,13.201074221657835,0.0,33.29159893218051,7
29059,29,6,1,4,459,18,0.7578083920496372,0.3800609948469871,0.01703649174466295,1024.0,10.0,34.02604690293406,0.0,128.82226328084408,1024.0,2.0,24.043857398254286,0.0,128.4110643718368,6
29061,29,11,1,2,1141,13,0.6923163082437276,0.5418906810035843,0.2960349462365591,2000.0,25.0,151.75582840501792,0.0,329.45805363884006,1000.0,3.0,92.56469130824372,0.0,226.88101859972082,11
29063,29,9,1,3,1365,16,0.8211437880476721,0.7444911257823887,0.3441653090971448,1000.0,40.0,354.83440984309357,0.0,461.2334713419765,1000.0,8.0,334.86298122267,0.0,467.75096867456693,9
29065,29,8,1,4,463,10,0.5027884406460491,0.28268269718258854,0.10139784167451293,1024.0,5.0,113.2590800318679,0.0,304.45857785292026,1024.0,0.768,7.119868327659883,0.0,60.98833857409495,8
29067,29,11,1,3,739,15,0.5320306311064167,0.35220491153947714,0.008397148138368102,2000.0,10.0,22.39390440982308,0.0,95.27586470483145,1000.0,3.0,10.439015262740956,0.0,21.157795683855603,11
29069,29,9,1,10,615,19,0.9675217768731105,0.640314904062023,0.2684467327206873,1000.0,25.0,249.40289376477983,0.0,412.40182525036363,1000.0,3.0,131.91060915377017,0.0,321.8576548287754,9
29071,29,14,1,28,414,24,0.8611788362448158,0.6746009802689455,0.26605504587155965,2000.0,50.0,140.42542465753422,0.0,266.3571537237528,1024.0,4.0,19.360936634409953,0.0,91.65062789815539,14
29073,29,8,1,5,429,19,0.6932829181494662,0.6006820877817319,0.3105723606168446,1024.0,30.0,67.96116785290629,0.0,148.6374358355509,1024.0,3.0,34.51648368920522,0.0,140.66852020547907,8
29075,29,4,1,2,699,15,0.7960684033882052,0.5013584785040754,0.3497682595493048,1000.0,25.0,325.6197231900272,0.0,456.07190963380737,1000.0,2.0,274.81151270576953,0.0,436.9041115887313,4
29077,29,11,1,78,511,36,0.6946925455170044,0.5843925340661857,0.2653727241497767,10000.0,25.0,182.7574292911943,0.0,361.8716751931992,10000.0,5.0,32.41675443719226,0.0,194.17831459937665,11
29079,29,9,1,4,554,12,0.6027728762288883,0.419813461053693,0.2542979581547769,1000.0,10.0,215.03929861356187,0.0,394.0980078300793,1000.0,1.0,202.6494394756743,0.0,398.9766892301497,9
29081,29,6,1,3,1093,16,0.6803408015146734,0.27584186088446105,0.1384844250101429,1000.0,10.0,145.83811928053012,0.0,341.9727878354908,1000.0,1.0,131.28878149934636,0.0,333.8907459464372,6
29083,29,12,1,6,613,17,0.895546481815592,0.42987370620074067,0.03722343557117083,1000.0,10.0,50.004264742189726,0.0,173.86427480156496,100.0,1.0,3.906836387807426,0.0,9.382225807557496,12
29085,29,6,1,4,365,13,0.8204500229603551,0.24858411143425685,0.0009184142048063677,100.0,10.0,15.152738405020663,0.0,14.453733652864589,20.0,2.0,1.7807478953007807,0.0,1.4147919192582568,6
29087,29,4,1,3,454,13,0.749663739219875,0.4591344251918664,0.013292190837882745,1000.0,10.0,20.539322731228737,0.0,56.61716069074229,1000.0,2.0,5.567718173906163,0.0,55.39335873058812,4
29089,29,6,1,3,656,14,0.6245866739140282,0.32255288309099966,0.16152556959731848,1000.0,18.0,60.09221524663677,0.0,173.98762335932068,1000.0,2.0,36.02566109525751,0.0,148.34548635215467,6
29091,29,10,1,10,632,19,0.6596579035628596,0.5157761667655634,0.2294316452103919,1500.0,25.0,99.72663223343051,0.0,255.1954896928838,1500.0,3.0,21.926713087897628,0.0,46.252082520503116,10
29093,29,6,1,4,312,12,0.5284079084287201,0.3708636836628512,0.1396462018730489,1000.0,10.0,150.62263309053068,0.0,341.73729079756777,1000.0,1.0,67.98320707596254,0.0,244.12021527299598,6
29095,29,12,1,227,411,40,0.8820666485063107,0.7188595296467811,0.3883501316625806,2000.0,25.0,414.7214474530101,0.0,651.2594798280849,1000.0,4.0,138.53795171161354,0.0,331.3891369819267,12
29097,29,9,1,29,578,29,0.7001060704960835,0.6061112924281984,0.3143154373368146,1000.0,25.0,175.74278859334206,0.0,323.45265583982234,1000.0,5.0,42.21614078818538,0.0,172.69715658145967,9
29099,29,15,1,49,479,23,0.955605831003351,0.7218961432565684,0.3260623652701001,1000.0,50.0,199.98983313768596,0.0,353.8976860461474,1000.0,10.0,26.45022397711993,0.0,119.65413935065742,15
29101,29,14,1,14,546,22,0.7381811366724453,0.36396008058848334,0.09347326992456544,1000.0,10.0,72.08493089069016,0.0,213.44266723902584,940.0,1.0,8.576822564775338,0.0,46.44654756205673,14
29103,29,4,1,2,785,9,0.5728027984258854,0.4097070397901181,0.2164407520769567,1000.0,5.0,32.581657192829034,0.0,53.68571766284629,200.0,2.0,7.531914298207259,0.0,16.37931499994992,4
29105,29,10,1,9,567,21,0.7097138168017233,0.5687420932061408,0.05419359250521421,1024.0,25.0,59.13488727048928,0.0,182.69649169579958,1024.0,4.0,11.282913050911205,0.0,24.86284941981869,10
29107,29,8,1,8,751,18,0.8809183261818315,0.5732937250155866,0.13921590200608794,1200.0,25.0,78.00835896871676,0.0,177.82742380386696,200.0,5.0,14.470125646385743,0.0,28.783772338970408,8
29109,29,9,1,10,892,24,0.6773968946550003,0.5659015480307286,0.18880404762457353,2000.0,25.0,99.22459897416854,0.0,247.86643376926443,1000.0,4.0,18.122746164736462,0.0,35.949793096851224,9
29111,29,5,1,4,348,10,0.6038514442916093,0.4162310866574966,0.10261348005502063,1000.0,10.0,74.3509711141678,0.0,227.62436620666716,1000.0,1.5,57.83832572214581,0.0,228.08869715149237,5
29113,29,7,1,13,388,17,0.6749863760217983,0.5285558583106267,0.21863760217983652,1000.0,25.0,145.88313264305177,0.0,305.2019748834259,1000.0,3.0,69.45066005449591,0.0,237.32214832018204,7
29115,29,5,1,5,1122,16,0.9704445182409033,0.44997390768063,0.3650552682764837,1000.0,20.0,337.10231510033685,0.0,456.17892298141123,1000.0,3.0,303.17725053370657,0.0,454.27054311890487,5
29117,29,12,1,5,836,18,0.9434951598709299,0.3371223232619536,0.2550234672924611,1000.0,10.0,262.43923027280727,0.0,431.34156023173495,1000.0,3.0,120.34049413317688,0.0,284.10146265441836,12
29119,29,6,1,6,412,16,0.6888963360142984,0.48480786416443256,0.11416443252904379,3000.0,20.0,122.3622654155496,0.0,308.44048548834644,3000.0,1.0,67.52758176943699,0.0,235.72808767623965,6
29121,29,11,1,5,1305,11,0.6717505379591528,0.321888331005323,0.21516478538261166,1000.0,5.0,216.61491743742687,0.0,404.1120340228311,1000.0,2.0,203.1196522330024,0.0,400.1938190795734,11
29123,29,4,1,4,389,16,0.7520703933747412,0.3146997929606625,0.07971014492753623,1000.0,10.0,91.41858488612837,0.0,267.65648518030133,1000.0,2.0,5.2543224637681165,0.0,18.472732550113786,4
29125,29,6,1,3,343,14,0.6773721100533528,0.5262056700491683,0.37901454127000733,1000.0,25.0,70.90710220734387,0.0,112.30474800893134,1000.0,3.0,20.434949262475154,0.0,36.368933169006816,6
29127,29,5,1,8,569,12,0.6156763590391909,0.3198482932996207,0.14454277286135694,1000.0,5.0,134.78818857985672,0.0,325.83095130280316,1000.0,2.0,73.84274262536873,0.0,254.14099829395926,5
29129,29,6,1,2,356,8,0.581170197839203,0.38291006033394137,0.2699593096674618,1000.0,6.0,274.99214255647536,0.0,440.9630591426957,1000.0,1.0,270.82945531078997,0.0,443.4477439217853,6
29131,29,7,1,9,458,20,0.6143977191732003,0.514552150154431,0.3943929674507009,1000.0,25.0,111.75698622000476,0.0,223.69097294870772,1000.0,4.0,23.61389522451889,0.0,57.966736710788474,7
29133,29,3,1,4,536,15,0.9810106716886378,0.5134965473948525,0.20903954802259886,2000.0,25.0,209.75041242937854,0.0,394.6545940655563,1000.0,3.0,77.81450721908348,0.0,255.97341964924598,3
29135,29,11,1,4,634,17,0.6011257035647279,0.5651031894934334,0.4937745181647621,1000.0,80.0,330.3121500938086,0.0,443.43157279008625,1000.0,10.0,309.86947719597475,0.0,452.39845300875857,11
29137,29,10,1,3,844,11,0.620392563321889,0.2298697933536309,0.08006737060309646,1000.0,5.0,70.6870939949472,0.0,235.5176546617892,1000.0,2.0,12.390352853533718,0.0,80.89584261151548,10
29139,29,6,1,4,663,19,0.6057142857142858,0.4524012158054711,0.19379939209726443,1000.0,10.0,164.12192826747722,0.0,352.93649340146834,1000.0,2.0,113.3281643768997,0.0,307.8666446162632,6
29141,29,9,1,8,473,17,0.5996922861738583,0.5708091474928316,0.4317085110846912,1000.0,25.0,356.16764053430313,0.0,461.1693209815145,1000.0,4.0,325.36155563326105,0.0,462.2830553675993,9
29143,29,6,1,6,629,16,0.9478676085818943,0.49077708006279436,0.18550497121925694,1000.0,18.0,192.22650889586603,0.0,376.367851563949,1000.0,2.0,77.53608110936682,0.0,253.29390833362712,6
29145,29,11,1,13,773,23,0.6718851520683147,0.6035704340831038,0.23913245258500665,1000.0,30.0,137.60701277807,0.0,281.9093513449807,1000.0,5.0,51.030031620308776,0.0,190.360190804857,11
29147,29,9,1,6,1143,18,0.7446623234212733,0.4646520028381604,0.3138424821002387,2000.0,10.0,322.0814045023544,0.0,459.018354643043,1000.0,2.0,287.1080117396633,0.0,448.69872080358846,9
29149,29,5,1,3,405,11,0.4617384240454915,0.3203899268887084,0.09455727051177903,1024.0,2.0,58.05033956133225,0.0,199.52115492036535,200.0,0.064,8.992092282696994,0.0,27.067078194639592,5
29151,29,5,1,4,345,20,0.6672180597450618,0.5787681229930913,0.49712951250364895,2000.0,80.0,125.95652739126204,0.0,208.22986713579334,1000.0,10.0,23.177683370633453,0.0,57.03509484464359,5
29153,29,8,1,3,706,10,0.556324566607343,0.1229319095643003,0.02715707600026366,2000.0,10.0,16.062151209544528,0.0,66.79110181261208,1000.0,1.0,2.931853009030387,0.0,25.93804923269876,8
29155,29,8,1,6,543,14,0.9615324957344501,0.6275011633317822,0.19730107026523966,1000.0,25.0,201.86558585388553,0.0,374.7109647141643,1000.0,3.0,137.4102308050256,0.0,329.88027985470444,8
29157,29,4,1,5,329,16,0.9032935098482402,0.5435905715208266,0.40361640297061674,1000.0,25.0,103.43399225056507,0.0,221.57733087655885,35.0,3.0,11.131064094284792,0.0,11.412474032152872,4
29159,29,11,1,11,596,20,0.61207901177019,0.46990444004195314,0.24478499009439458,1000.0,18.0,139.17716886143808,0.0,261.89432529425164,1000.0,3.0,11.551622363360913,0.0,50.293738192566515,11
29161,29,7,1,12,522,20,0.5959968907889623,0.4229174763570411,0.21382303407177095,1024.0,10.0,113.47744215571966,0.0,284.41866545175475,1024.0,1.5,12.324193807488017,0.0,72.01404790331446,7
29163,29,8,1,5,693,15,0.6317823016202742,0.3263398421271292,0.194557540506855,1000.0,5.0,98.32720515164105,0.0,260.1583784234299,1000.0,2.0,18.320243788948897,0.0,107.17848809490756,8
29165,29,7,1,27,530,24,0.9006217563331792,0.7560248702533272,0.3171471147423051,2000.0,25.0,286.69121442885773,0.0,517.2027801356548,1000.0,4.0,116.58294794717641,0.0,307.840329128492,7
29167,29,11,1,8,519,20,0.8290928662295723,0.6615128681867111,0.18338389274880126,1000.0,30.0,62.993968881495256,0.0,135.21140979582322,1000.0,30.0,42.9605390938448,0.0,115.89997802796447,11
29169,29,10,1,13,458,16,0.6191817572099262,0.4846411804158283,0.17706237424547283,1000.0,15.0,114.32303353454057,0.0,282.483574821112,940.0,3.0,16.321339771965125,0.0,45.55096822461395,10
29171,29,3,1,2,657,7,0.5071892393320965,0.5053339517625232,0.4969851576994434,1000.0,25.0,228.1943413729128,0.0,384.53619909117646,1000.0,8.0,227.00066048237477,0.0,385.22584591753923,3
29173,29,6,1,3,595,14,0.5900991267406184,0.2877035638423413,0.14337974982298796,2000.0,5.0,149.71439060656124,0.0,348.4496990511342,1000.0,2.0,18.983907835732833,0.0,123.80964267687065,6
29175,29,8,1,6,697,14,0.7071731949032563,0.22962313759859773,0.1703970875750017,1000.0,5.0,178.2882181622059,0.0,372.3756400421246,1000.0,2.0,136.62192287467136,0.0,339.0844394669861,8
29177,29,8,1,6,626,18,0.9232196557681234,0.5667029240514428,0.2893979141339817,1000.0,25.0,137.26579717192396,0.0,295.2965586891817,1000.0,10.0,45.81734480772922,0.0,156.47054448054334,8
29179,29,7,1,2,608,8,0.35770587015142086,0.2770172163451566,0.20991495540344327,1000.0,2.0,34.0574221115951,0.0,97.86830075330938,1000.0,0.064,13.4062713130056,0.0,92.06260676984658,7
29181,29,6,1,4,318,10,0.4637759224346889,0.29841098841906816,0.17263668192835982,1000.0,2.0,45.41448963102612,0.0,127.86095068570646,1000.0,0.064,29.81279504443846,0.0,107.3712207157814,6
29183,29,6,1,85,398,27,0.7268423260552548,0.5809145208653789,0.1889969835593999,1000.0,25.0,177.0131603108332,0.0,356.4047853605427,1000.0,3.0,44.04404770370962,0.0,185.09548475115054,6
29185,29,7,1,3,553,9,0.8472747918243755,0.5357683573050719,0.0011355034065102195,2000.0,25.0,24.720592732778197,0.0,68.79880128174443,1000.0,3.0,3.436579863739591,0.0,33.64315083192333,7
29186,29,5,1,5,334,15,0.8571689497716894,0.4429223744292237,0.29296803652968034,1000.0,18.0,136.78200621004567,0.0,224.38532106530252,1000.0,2.0,16.967317625570775,0.0,79.63510371939907,5
29187,29,9,1,19,449,19,0.8843980698643131,0.4930506866828886,0.29327339464676044,1000.0,20.0,216.9656853218955,0.0,358.9533781844223,1000.0,3.0,14.580172639914217,0.0,61.51086970878664,9
29189,29,23,1,236,455,34,0.8895313364643784,0.6775330959036281,0.26310711295883765,10000.0,25.0,235.77260731869973,0.0,398.0099360028556,10000.0,5.0,83.94346618045604,0.0,264.09317571591413,23
29195,29,12,1,8,702,23,0.8709886800290788,0.31285699449579396,0.1099023782324229,1000.0,20.0,81.77459248104684,0.0,214.21691217813174,1000.0,5.0,32.28261823657701,0.0,139.72580184461395,12
29197,29,1,1,2,568,7,0.5874089490114464,0.5639958376690947,0.18314255983350677,2000.0,25.0,37.13189386056192,1.5,99.90391222952364,1000.0,3.0,17.379092611862642,0.064,52.2423777349491,1
29199,29,3,1,2,948,8,0.5791316526610645,0.5172268907563026,0.42478991596638654,100.0,25.0,46.30739047619048,0.0,46.61611860057943,100.0,3.0,35.142577030812326,0.0,46.40612462576756,3
29201,29,7,1,11,460,19,0.9407993452462147,0.45478106670304186,0.22625380802982767,1000.0,18.0,237.28825735461285,0.0,412.2399368701766,1000.0,2.0,86.98770827081344,0.0,269.86603643869717,7
29203,29,7,1,2,592,10,0.5296109688609895,0.4547782274717106,0.291401668456265,100.0,10.0,36.64310299826547,0.0,42.68065641866332,100.0,1.0,29.38332567935905,0.0,44.639138028815324,7
29205,29,6,1,3,414,9,0.6873668188736682,0.39033485540334856,0.115220700152207,1000.0,5.0,96.63105296803654,0.0,269.07264576424205,1000.0,2.0,40.5378105022831,0.0,186.61352558873853,6
29207,29,10,1,8,660,17,0.958991825613079,0.505824250681199,0.16590599455040872,1000.0,25.0,163.87718528610355,0.0,347.2559962237342,1000.0,3.0,76.31634673024523,0.0,248.66759598596875,10
29209,29,12,1,12,533,14,0.6677127985303123,0.5287813839559093,0.0432103490508267,1000.0,25.0,58.07902357624005,0.0,189.96626296978823,1000.0,2.0,12.598345146968768,0.0,32.18358040395265,12
29211,29,6,1,3,817,10,0.501280409731114,0.42589628681177977,0.3639564660691421,1000.0,5.0,196.99951984635084,0.0,371.17001494162497,1000.0,2.0,194.72317925736235,0.0,372.30819732205805,6
29213,29,9,1,18,389,24,0.6722345624167037,0.5410484229231453,0.19675699689027099,1000.0,25.0,132.94515770768547,0.0,307.84374853960196,1000.0,3.0,14.530058551754776,0.0,36.86941644722789,9
29215,29,10,1,8,396,13,0.6523332303209571,0.433093461657322,0.11787559048165644,1000.0,10.0,66.3084257648669,0.0,204.90357852636905,100.0,1.0,13.827511191558871,0.0,26.711202154041658,10
29217,29,7,1,6,715,20,0.8561304039688165,0.6059532246633593,0.09815733522324592,2000.0,25.0,117.0466066619419,0.0,292.0845074569755,1024.0,3.0,8.94990172454524,0.0,64.06532019830105,7
29219,29,6,1,9,440,19,0.6475020721874765,0.487679903549092,0.14294325973928113,1000.0,20.0,120.44922944766785,0.0,295.63553120544265,1000.0,2.0,53.0940771607264,0.0,210.74198726540814,6
29221,29,8,1,6,553,17,0.8243009659379766,0.4851042196237926,0.16451448906964922,1024.0,18.0,88.33097956278597,0.0,219.2023144988954,1024.0,2.0,47.30424443314693,0.0,201.6670996753923,8
29223,29,6,1,4,427,12,0.6505869405722671,0.17791636096845195,0.12839325018341893,1000.0,10.0,25.785504768892146,0.0,73.16399833817358,1000.0,2.0,13.937126925898752,0.0,49.96440318382019,6
29225,29,8,1,8,491,16,0.6912432432432433,0.5172432432432432,0.04432432432432432,1000.0,25.0,63.05177816216216,0.0,200.36450859477952,1000.0,3.0,15.415085081081083,0.0,44.41299304622454,8
29227,29,2,1,1,387,7,0.5536062378167641,0.4161793372319688,0.19103313840155944,1000.0,10.0,133.23335282651072,0.0,314.6919004330635,1000.0,1.0,126.95108771929824,0.0,317.05698836851496,2
29229,29,8,1,4,515,13,0.6896551724137931,0.49674560310206345,0.03475972856945021,1000.0,20.0,50.4911064949453,0.0,174.71581600575396,50.0,1.5,11.901737617135208,0.0,14.075146541081642,8
29510,29,1,1,104,461,31,0.907321663843403,0.6664219838132882,0.25687935253152644,1000.0,25.0,217.29112825145867,0.0,379.050486050216,1000.0,4.0,74.1719339732731,0.0,243.65165242157187,1
30001,30,9,1,3,1301,9,0.9617283950617284,0.854320987654321,0.6675925925925926,1000.0,250.0,323.95640432098764,0.0,353.5994309328258,1000.0,250.0,252.5243537037037,0.0,312.6684514412129,9
30003,30,9,1,5,917,11,0.9673530889000502,0.7561024610748368,0.2119537920642893,1000.0,50.0,146.7660026117529,0.0,299.6998894213893,1000.0,5.0,112.88024791562029,0.0,310.4557623643115,9
30005,30,11,1,4,651,4,0.9980270945679337,0.7808759700118374,0.6997237932395107,1000.0,300.0,268.26989346310665,0.0,246.66249053962807,300.0,300.0,190.23221254767856,0.0,141.3847514723492,11
30007,30,3,1,2,830,10,0.8961256544502618,0.6816753926701571,0.021570680628272252,1000.0,25.0,42.44973821989529,0.0,136.69212716257894,1000.0,4.0,5.81642722513089,0.0,31.862108844943318,3
30009,30,11,1,5,620,11,0.9490353112486348,0.7374798481460294,0.07223464558739404,1000.0,50.0,73.9173903999168,0.0,187.9680869656583,1000.0,5.0,6.704400748868896,0.0,37.180682252721255,11
30011,30,6,1,1,433,5,0.5073313782991202,0.3343108504398827,0.29472140762463345,1000.0,5.0,193.7524340175953,0.256,370.15942615400036,1000.0,1.0,190.71689149560117,0.256,371.43531600515917,6
30013,30,12,1,25,722,20,0.7946899288004783,0.6344638295559542,0.23498559704331756,1000.0,25.0,247.8907277569433,0.0,415.8309830483142,1000.0,4.0,106.2075891081037,0.0,295.5052144307475,12
30015,30,10,1,2,860,7,0.9984024141297595,0.8090884885062573,0.6702760273364693,1000.0,300.0,334.4888612762936,0.0,336.89363546723206,1000.0,300.0,272.8419753261738,0.0,304.57677419313364,10
30017,30,8,1,6,362,9,0.8245772266065389,0.3995490417136415,0.2926719278466742,1000.0,10.0,299.21268365276217,0.0,450.1519593055568,1000.0,1.0,130.76494295377677,0.0,313.0566737751057,8
30019,30,1,1,1,455,2,0.9729032258064516,0.41419354838709677,0.40903225806451615,1000.0,10.0,414.81290322580645,0.0,487.16457070967135,1000.0,1.0,409.67483870967743,0.0,491.43896456288337,1
30021,30,8,1,3,583,5,0.665845850775671,0.3762620044324058,0.3004186161044078,1000.0,5.0,304.53725289337603,0.0,455.8036388677346,1000.0,1.0,183.6081671181154,0.0,372.3584787330974,8
30023,30,6,1,3,333,7,0.885940146809712,0.6764539808018069,0.4613212874082439,1000.0,25.0,353.05194805194805,0.0,435.0731572970045,1000.0,3.0,53.19632411067194,0.0,98.2345321001092,6
30025,30,2,1,1,613,3,0.5587467362924282,0.2643603133159269,0.26109660574412535,1000.0,5.0,263.0510417754569,0.0,438.148734881339,1000.0,1.0,261.67387989556136,0.0,438.96104417243697,2
30027,30,16,1,3,924,9,0.6598311570706629,0.42742383080653173,0.2924955452341308,1000.0,10.0,194.36939526188183,0.0,344.6337202696749,1000.0,2.0,148.0390611398358,0.0,301.03722845875654,16
30029,30,23,1,32,657,16,0.9327743189261165,0.6970525785439234,0.15593622917191494,1000.0,25.0,177.35568280130997,0.0,349.70100535184224,1000.0,3.0,11.939982005974018,0.0,48.36373159859798,23
30031,30,22,1,26,743,23,0.9463980140271384,0.7683232508254803,0.25808006555638574,1000.0,50.0,247.90650984550865,0.0,399.1996971995582,1000.0,5.0,145.3950542768311,0.0,342.8291646730463,22
30033,30,7,1,1,593,4,0.35721812434141204,0.17597471022128555,0.14541622760800843,1000.0,1.5,147.9548535300316,0.256,351.5295789666158,1000.0,0.256,145.94578714436247,0.256,352.32869667561874,7
30035,30,6,1,4,650,8,0.9726643598615917,0.613840830449827,0.10761245674740484,1000.0,50.0,117.21756055363322,0.0,276.0239292059796,1000.0,20.0,14.120178546712802,0.0,34.11848140975087,6
30037,30,2,1,1,403,4,0.485310119695321,0.31120783460282914,0.3003264417845484,1000.0,0.768,227.2747725788901,0.256,389.5230665436311,1000.0,0.768,226.14495756256798,0.256,390.16396323720585,2
30039,30,4,1,2,224,4,0.996969696969697,0.2636363636363636,0.07272727272727272,1000.0,15.0,25.868181818181817,1.5,57.867158947343526,1000.0,2.0,12.374242424242425,0.5,59.90654918715973,4
30041,30,13,1,6,1231,6,0.9791335903833068,0.7328192333862554,0.6110229076888183,1000.0,300.0,216.16681787253344,0.0,206.38166885239383,300.0,300.0,175.5760205639979,0.0,143.22102727398982,13
30043,30,10,1,3,651,12,0.8623734931992523,0.6202539805324566,0.08251144201637337,1000.0,25.0,106.5464126861342,0.0,267.62075654237793,1000.0,4.0,13.095437761877136,0.0,80.81979291179896,10
30045,30,5,1,1,920,6,0.6220847215611613,0.4883388862446454,0.39076630176106614,1000.0,10.0,158.13279390766303,2.0,239.7059039483791,1000.0,2.0,154.75345073774392,1.0,241.74263832287113,5
30047,30,16,1,10,620,10,0.9511467462241283,0.707812791348126,0.2586705202312139,1000.0,25.0,174.79163117658027,0.0,341.26706839439174,1000.0,3.0,19.737339641991422,0.0,42.14760168229393,16
30049,30,9,1,17,622,15,0.8707894630682964,0.7399653071927065,0.2594699261769333,1000.0,25.0,234.86421396587195,0.0,394.5649218920909,1000.0,5.0,63.103794182903705,0.0,215.8714518879334,9
30051,30,3,1,1,699,5,1.0,0.7461044912923923,0.4390467461044913,1000.0,50.0,158.1622364802933,6.0,171.19108560636138,1000.0,20.0,146.8826764436297,1.0,179.4350010590448,3
30053,30,9,1,6,1093,10,0.9671133362784077,0.5785107740637118,0.3693123251362097,1000.0,25.0,329.1320865851863,0.0,432.25884523633346,1000.0,20.0,284.4882002650567,0.0,439.4232556372653,9
30055,30,3,1,1,353,4,0.6010582010582011,0.21164021164021163,0.2021164021164021,1000.0,8.0,206.25293544973547,0.0,399.5924442024368,1000.0,1.0,202.7968253968254,0.0,401.30929516843435,3
30057,30,9,1,4,761,6,0.9934697778131719,0.9038783148841284,0.3057258899418651,1000.0,50.0,333.6112128693159,0.0,442.41219181060643,1000.0,5.0,308.6071440630724,0.0,458.822269103211,9
30059,30,1,1,1,621,5,0.9989785495403473,0.7773237997957099,0.4698672114402451,300.0,50.0,154.00306435137895,3.0,138.00968739451244,300.0,10.0,142.90449438202248,1.0,147.99130273533427,1
30061,30,3,1,2,195,3,1.0,0.13533834586466165,0.06015037593984962,100.0,15.0,20.92105263157895,10.0,20.210692673060674,100.0,2.0,8.394736842105264,2.0,23.335395601486745,3
30063,30,18,1,29,560,19,0.8622492177434199,0.6245536535983802,0.32803239462543715,1000.0,25.0,330.1295785017486,0.0,454.8698925230996,1000.0,3.0,30.053558034235227,0.0,125.10967876740713,18
30065,30,6,1,2,673,5,0.48354166666666665,0.220625,0.191875,1000.0,1.5,185.47903166666666,0.256,380.8226674825648,1000.0,0.768,182.85666999999998,0.256,382.02350564347745,6
30067,30,9,1,6,796,11,0.9329458550015295,0.7530743346589172,0.2737840318140104,1000.0,50.0,176.18247194860814,0.0,308.9063048435251,1000.0,5.0,49.87259626797186,0.0,113.57418071145449,9
30069,30,1,1,1,267,3,0.4021505376344086,0.22365591397849463,0.2129032258064516,1000.0,0.768,214.7938752688172,0.256,408.83102312610526,1000.0,0.768,213.38996989247312,0.128,409.54745825522815,1
30071,30,5,1,1,1254,6,0.967072769180112,0.5459334869937438,0.36845571287454726,1000.0,25.0,165.2577583141258,0.0,256.22288711934675,1000.0,3.0,99.21072900889035,0.0,149.8114838160735,5
30073,30,8,1,2,658,10,0.979043183742591,0.6642675698560542,0.14574513124470787,1000.0,25.0,162.82334885690094,0.0,344.87057572543057,1000.0,3.0,147.51585563082133,0.0,351.1012540136934,8
30075,30,6,1,1,378,5,0.997737556561086,0.4298642533936652,0.13122171945701358,1000.0,10.0,150.55203619909503,2.0,330.64631096837996,1000.0,2.0,135.94599095022625,0.128,335.9314740944087,6
30077,30,8,1,2,422,5,0.9286979627989371,0.4320194862710363,0.24977856510186006,1000.0,15.0,251.83934898139947,0.0,419.6321273483724,100.0,2.0,10.737846767050488,0.0,16.944835135798574,8
30079,30,1,1,1,367,4,0.7274119448698315,0.3552833078101072,0.22588055130168452,1000.0,8.0,232.61185911179172,0.0,414.74973627529226,1000.0,1.0,226.76294027565086,0.0,417.84501468326124,1
30081,30,8,1,13,437,9,0.9318295381540438,0.6914840459704475,0.11378399600256978,1000.0,32.0,129.56945535013205,0.0,295.9320725735311,1000.0,5.0,15.697846241701763,0.0,43.31622631727041,8
30083,30,12,1,5,680,8,0.48346636259977194,0.22593653530606,0.17156603721111327,1000.0,1.5,175.4672355313291,0.0,375.28481973136695,1000.0,0.768,107.60597986483856,0.0,299.2269271777392,12
30085,30,12,1,3,802,5,0.8910527032548005,0.3809069862454038,0.12106768350810296,1000.0,10.0,133.99860302328747,0.0,321.5537411152166,1000.0,1.0,124.6373585727904,0.0,324.9750248232018,12
30087,30,11,1,4,427,8,0.9513801756587202,0.3739021329987453,0.04187578419071518,1000.0,20.0,63.06350376411544,0.0,196.4470095573822,1000.0,2.0,45.59437013801757,0.0,199.60349081779455,11
30089,30,12,1,4,553,9,0.9444444444444444,0.3441461595824012,0.09582401193139448,500.0,15.0,25.939324384787472,0.0,30.386552669891547,250.0,2.0,12.646249067859806,0.0,29.53734879161881,12
30091,30,3,1,2,977,3,0.9893560404470463,0.4321447578499202,0.2362959020755721,1000.0,10.0,247.46700372538584,0.0,418.6886141065353,1000.0,1.0,238.12879191059073,0.0,423.84148040751074,3
30093,30,7,1,9,770,19,0.8830958549222798,0.5550055514433753,0.40321983715766097,1000.0,25.0,191.03522853441896,0.0,341.93832838991517,1000.0,3.0,26.00040072168764,0.0,66.33111922355877,7
30095,30,15,1,3,572,10,0.846896378058505,0.6680656398203718,0.23658035002308306,1000.0,50.0,144.73068821085323,0.0,265.78578507846686,1000.0,5.0,55.13863793175808,0.0,115.83510819396153,15
30097,30,7,1,1,942,7,0.9774305555555556,0.8268229166666666,0.3315972222222222,1000.0,50.0,167.302734375,0.0,246.10331087991608,300.0,5.0,85.66493055555556,0.0,129.99826312206275,7
30099,30,11,1,3,504,6,0.9898285929553589,0.9105292898851007,0.6357129402900734,1000.0,1000.0,643.6790355999246,0.0,470.7445578493496,1000.0,1000.0,636.6880960632888,0.0,479.9642540747958,11
30101,30,4,1,3,663,6,0.9695301027900147,0.9526431718061674,0.02936857562408223,1000.0,40.0,64.12444933920705,0.0,163.4045886648309,1000.0,3.0,37.16658149779735,0.0,167.67473964061813,4
30103,30,1,1,1,160,7,0.6228070175438597,0.4166666666666667,0.05701754385964912,1000.0,10.0,72.71522807017544,0.0,229.22685799130196,1000.0,1.0,61.378912280701755,0.0,231.40642373534803,1
30105,30,9,1,3,755,6,0.9489457831325301,0.3381777108433735,0.11370481927710843,1000.0,10.0,126.2237234939759,0.0,312.4514610075182,1000.0,1.0,116.88870843373493,0.0,315.7619624012968,9
30107,30,3,1,1,547,4,0.9299781181619255,0.7461706783369803,0.5962800875273523,1000.0,300.0,192.32069146608316,0.0,163.61034500785138,1000.0,300.0,187.24338730853393,0.0,169.03821342818915,3
30109,30,1,1,1,235,4,0.5228519195612431,0.23217550274223034,0.06398537477148081,1000.0,5.0,70.50070932358318,0.0,243.3991253808949,1000.0,1.0,65.05300182815357,0.0,244.6730754159817,1
30111,30,20,1,36,731,23,0.8497846347796071,0.7211057915985052,0.21300895979348952,1000.0,50.0,213.47967810778766,0.0,373.2747932189548,1000.0,5.0,34.596985036994795,0.0,141.09070971195453,20
31001,31,9,1,9,772,22,0.7840141755663043,0.6453474450457354,0.39782577462765195,1024.0,25.0,235.8001891671855,0.0,380.7327302737971,1000.0,5.0,158.20297830563672,0.0,333.8303038941805,9
31003,31,7,1,3,613,13,0.7810833567218636,0.6513050799887735,0.27816446814482176,1000.0,25.0,93.11846758349705,0.0,223.5041970605673,1000.0,3.0,41.057634577603146,0.0,151.20483232266673,7
31005,31,1,1,1,44,4,0.7053571428571429,0.6875,0.33035714285714285,1000.0,25.0,147.59821428571428,2.0,279.44379956245166,1000.0,3.0,139.2152857142857,0.064,283.359285640242,1
31007,31,3,1,1,180,7,0.943609022556391,0.8364661654135338,0.0,75.0,31.0,42.16825563909774,0.0,25.483414973385507,31.0,20.0,17.811330827067668,0.0,11.945475366062487,3
31009,31,4,1,1,88,4,0.5079365079365079,0.43386243386243384,0.1693121693121693,200.0,5.0,40.39597883597884,0.768,67.62236841661493,200.0,1.0,32.35212698412698,0.064,68.93003785768579,4
31011,31,8,1,2,829,12,0.7331812998859749,0.6138350437096162,0.2344482452806284,1000.0,25.0,115.04770049410871,0.0,270.2397296023412,500.0,3.0,28.95676574179653,0.0,96.90636812121478,8
31013,31,4,1,3,761,13,0.9660883843792389,0.7141429285357321,0.23288355822088955,1000.0,31.0,182.12929249660883,0.0,324.02628306739217,1000.0,20.0,105.84866423930892,0.0,249.15962272040545,4
31015,31,2,1,1,399,6,0.8755458515283843,0.8755458515283843,0.4574235807860262,500.0,25.0,112.50109170305677,0.0,160.58663958643263,500.0,3.0,103.06357205240175,0.0,166.02824593350257,2
31017,31,5,1,1,429,10,0.7330631152287204,0.6392588303416329,0.17544875506658947,1000.0,25.0,122.72582513028372,0.0,283.5113854095132,1000.0,3.0,109.36393167342213,0.0,285.3494709687447,5
31019,31,10,1,11,706,23,0.7937738136473849,0.6347275141438633,0.27055189931878537,1200.0,25.0,139.82377900935228,0.0,289.0609306596255,1200.0,3.0,37.386628824616096,0.0,138.8696180367585,10
31021,31,5,1,3,360,17,0.7894450489662677,0.7387256679966147,0.5898923951154637,1000.0,100.0,167.31682988755895,0.0,260.79009463466747,1000.0,20.0,81.75537951880062,0.0,152.83282476535612,5
31023,31,9,1,3,856,14,0.7628747997253376,0.6916342412451362,0.34658960860608834,1000.0,25.0,99.29011215381094,0.0,189.10626461249853,1000.0,5.0,52.42615220874342,0.0,120.39826788188536,9
31025,31,9,1,6,589,15,0.7333375550137732,0.6932526992369312,0.47778868378558087,1000.0,50.0,183.48790488553968,0.0,296.4804825559755,1000.0,10.0,119.30170889402527,0.0,250.25180410725588,9
31027,31,7,1,2,974,14,0.7047464356614329,0.6543945136256993,0.3003068038260242,1000.0,25.0,87.75302292005053,0.0,214.72594130581788,600.0,3.0,34.96017541959935,0.0,96.52879243053874,7
31029,31,3,1,1,593,8,0.7782649545881616,0.5051675540244285,0.14907610397745066,1000.0,25.0,139.47416222987786,0.0,307.7766971991428,1000.0,3.0,66.99122831193236,0.0,200.64368347875802,3
31031,31,6,1,2,499,13,0.6224163848177376,0.5500751597143931,0.21655392709507704,1000.0,25.0,192.1111195039459,0.0,367.6618360880294,1000.0,3.0,142.6977987598647,0.0,307.61499619249855,6
31033,31,4,1,3,1083,16,0.9385140905209223,0.7394534585824082,0.02672929120409906,1000.0,25.0,50.25614859094791,0.0,134.25347501416803,1000.0,5.0,11.951368403074296,0.0,17.35533171947264,4
31035,31,8,1,2,850,12,0.835385666094083,0.529294894347979,0.25786957511537906,1024.0,25.0,114.2094414205592,0.0,241.3275772977527,1000.0,5.0,66.27545404499266,0.0,189.05520186436948,8
31037,31,5,1,3,652,16,0.7862131622281529,0.6498211345181989,0.2777241496791778,1000.0,25.0,110.220146499347,0.0,216.46378407907324,1000.0,3.0,55.6018080744989,0.0,165.88094167407294,5
31039,31,9,1,3,533,13,0.814920979237682,0.7763919016630514,0.5523189753124678,1000.0,100.0,175.22608718107634,0.0,285.4457307561252,1000.0,10.0,82.76853548187171,0.0,201.69885366261335,9
31041,31,14,1,4,1056,13,0.5998021978021978,0.5172967032967033,0.16435164835164834,1000.0,25.0,75.51550505494505,0.0,216.84948981807506,500.0,3.0,33.21914545054945,0.0,110.14706456161248,14
31043,31,5,1,5,703,15,0.6574238955312474,0.6107012634613754,0.4190621555159841,1000.0,25.0,146.47254981768847,0.0,284.47979552545314,1000.0,3.0,53.83937793606376,0.0,138.25987357919672,5
31045,31,5,1,2,787,11,0.9432659595757454,0.5406243746247749,0.17620572343406044,1000.0,25.0,80.07579547728638,0.0,150.31753885436515,500.0,3.0,57.46319271562938,0.0,119.85466091010422,5
31047,31,9,1,7,860,19,0.7791686988565545,0.6971766108491844,0.12217525605592587,1200.0,25.0,106.76957676258603,0.0,275.95221145062953,1200.0,3.0,42.17513401614914,0.0,186.91321911414008,9
31049,31,2,1,1,341,12,0.8533807829181494,0.5302491103202847,0.0014234875444839859,1000.0,25.0,30.111387900355872,0.0,44.20080089122639,500.0,3.0,6.978270462633452,0.0,19.88746939396392,2
31051,31,8,1,2,767,11,0.7096618590516618,0.6649944527519174,0.47238435193671313,1000.0,50.0,122.83623558921423,0.0,240.18637350875517,1000.0,3.0,65.62607090830157,0.0,131.85108153305865,8
31053,31,8,1,9,982,20,0.7833742833742834,0.742566677349286,0.5409678453156714,1000.0,100.0,216.74570914788305,0.0,327.1670778893281,1000.0,10.0,136.89136267492788,0.0,280.16187629933086,8
31055,31,12,1,163,602,34,0.7300560237058987,0.6864177238633207,0.3113598481340865,1000.0,25.0,264.5934143902213,0.0,409.45098749479723,1000.0,5.0,74.95122789147143,0.0,229.92614580127005,12
31057,31,3,1,1,374,7,0.8152109328579917,0.4117647058823529,0.19667260843731432,1000.0,20.0,210.1027926322044,0.0,391.07349758985225,500.0,3.0,22.44460843731432,0.0,43.657936972353866,3
31059,31,9,1,2,995,17,0.8090453194650817,0.45720653789004456,0.2036961367013373,1000.0,20.0,90.27346768202081,0.0,204.74213723576545,1000.0,5.0,69.95140096582466,0.0,206.18894458820338,9
31061,31,6,1,2,246,10,0.7516819571865443,0.5288481141692151,0.23200815494393476,1000.0,25.0,217.5802242609582,0.0,391.0435590562344,1000.0,2.0,136.42775453618756,0.0,336.19263451941134,6
31063,31,9,1,1,698,9,0.6556974459724951,0.5363457760314342,0.12229862475442044,1000.0,25.0,90.07540275049115,0.768,230.76732719223247,1000.0,3.0,74.9342652259332,0.064,224.0914082501823,9
31065,31,5,1,1,1252,9,0.7542389026481234,0.6376452657649077,0.15202895789674223,1000.0,25.0,131.9293198704515,0.0,304.92411522398436,1000.0,3.0,111.95467936749857,0.0,310.90316147260245,5
31067,31,9,1,7,794,16,0.7284529481459073,0.6623307872646147,0.292823111245557,1000.0,40.0,106.17464518893847,0.0,208.88536976021535,1000.0,5.0,64.3867532834203,0.0,157.960499182223,9
31069,31,3,1,1,284,11,0.6937716262975778,0.5856401384083045,0.007785467128027681,200.0,25.0,30.80233564013841,0.0,30.71269936434104,200.0,3.0,6.917079584775086,0.0,17.823488591420976,3
31071,31,4,1,1,242,6,0.7019704433497537,0.646551724137931,0.229064039408867,1000.0,25.0,36.61945812807882,0.0,60.46127393039968,35.0,3.0,7.142068965517241,0.0,9.898627166911279,4
31073,31,7,1,1,397,13,0.7305502846299811,0.635673624288425,0.058823529411764705,1200.0,25.0,76.91366223908918,0.0,236.35387042582826,1200.0,3.0,56.47815053763441,0.0,232.82925424220363,7
31075,31,1,1,1,50,4,0.7982456140350878,0.5175438596491229,0.13157894736842105,200.0,25.0,40.79214035087719,0.0,63.17498637054209,200.0,3.0,30.699368421052633,0.0,66.71449139963987,1
31077,31,5,1,1,384,8,0.6976127320954907,0.5590185676392573,0.11405835543766578,1000.0,25.0,95.67506631299734,0.0,259.55581143222014,500.0,3.0,23.160042440318303,0.0,90.85714824069368,5
31079,31,9,1,14,649,28,0.8112877892098901,0.7580078710975416,0.2582814182094135,1200.0,25.0,142.27383830718458,0.0,281.13571972933795,1200.0,5.0,37.80220478972169,0.0,89.52444956913953,9
31081,31,9,1,3,753,19,0.7985116279069767,0.7211472868217055,0.25813953488372093,1000.0,25.0,177.22164341085272,0.0,328.9404371287011,1000.0,3.0,73.49166685271318,0.0,148.86313310806312,9
31083,31,6,1,1,1003,14,0.7790100636681043,0.6198398028342575,0.12959539946600945,1000.0,25.0,128.92667898952558,0.0,305.79757780587704,1000.0,3.0,78.19541918258369,0.0,253.40089152882453,6
31085,31,6,1,1,206,8,0.6643059490084986,0.3087818696883853,0.04815864022662889,1000.0,10.0,63.217575070821525,0.0,208.45408558919547,500.0,1.5,18.41358073654391,0.0,77.57515440353212,6
31087,31,5,1,1,561,8,0.6841874726237407,0.3517301795882611,0.12395970214629873,1000.0,10.0,83.107752956636,0.0,243.5116637644576,500.0,1.5,32.970035041611915,0.0,114.3245870682328,5
31089,31,9,1,4,1200,16,0.6890989230699323,0.5968328259190258,0.1749443358931249,1200.0,25.0,53.884709683282594,0.0,151.75675936466484,1200.0,3.0,30.7069804153224,0.0,130.07891938482683,9
31091,31,1,1,1,77,4,0.6829268292682927,0.6504065040650406,0.024390243902439025,500.0,25.0,25.9949918699187,0.768,57.64694259390018,500.0,3.0,13.163869918699186,0.064,58.66510783455661,1
31093,31,7,1,2,678,13,0.7617568021498152,0.738789049378569,0.19919381928115554,1000.0,25.0,85.1269314746389,0.0,204.60031850718528,500.0,3.0,21.260191971783676,0.0,60.43992955233194,7
31095,31,4,1,3,719,13,0.7445168938944873,0.6775340841730884,0.2625222288085359,1000.0,25.0,94.80572021339657,0.0,187.34441777265283,1000.0,3.0,62.391124184943685,0.0,141.09570777929602,4
31097,31,7,1,2,439,12,0.7486699983878768,0.6896125530657209,0.4638078349185878,1000.0,40.0,127.34117899940888,0.0,217.68117625221367,1000.0,8.0,64.28390542210758,0.0,158.35270299136144,7
31099,31,9,1,2,739,13,0.7580911441298321,0.665607575615986,0.14235429710618946,1200.0,25.0,147.6786593153288,0.0,329.3972203422808,1200.0,3.0,89.18662772949568,0.0,275.2885752636335,9
31101,31,6,1,3,927,15,0.729575366277626,0.6582650442844136,0.1685704825759457,1000.0,25.0,162.24420014899428,0.0,329.232341702463,1000.0,3.0,112.40607366939824,0.0,299.0331797992027,6
31103,31,1,1,1,122,6,0.698005698005698,0.698005698005698,0.3504273504273504,1000.0,25.0,185.04843304843305,2.0,236.8152274100041,940.0,3.0,174.03927065527066,0.064,238.69376711516054,1
31105,31,2,1,1,656,13,0.9481882831019303,0.8195055875380969,0.09549610565526583,1000.0,31.0,121.860480866915,0.0,276.11471834378665,500.0,20.0,16.171705384354894,0.0,25.666288787562696,2
31107,31,11,1,3,543,9,0.6715087846404637,0.5892410795145807,0.2453178771961601,1000.0,25.0,116.56880999818874,0.0,272.3294656649284,500.0,3.0,52.814499692084766,0.0,145.02583753416135,11
31109,31,10,1,81,743,25,0.7532108474874981,0.7262132927984492,0.3171634392968079,1000.0,50.0,184.3258817438812,0.0,330.0943765700084,1000.0,5.0,86.83284665036459,0.0,224.02083655692908,10
31111,31,15,1,8,885,19,0.6417938095719241,0.568758209558452,0.14982654676501297,1000.0,25.0,114.58876481088545,0.0,283.7015832879478,1000.0,3.0,48.47985621905628,0.0,185.87908203445465,15
31113,31,3,1,1,63,4,0.581081081081081,0.44144144144144143,0.26576576576576577,1000.0,20.0,148.0,0.0,319.37589986336445,500.0,1.0,69.91906306306306,0.0,162.03517195150073,3
31115,31,3,1,1,80,5,0.6707317073170732,0.5670731707317073,0.23780487804878048,200.0,25.0,34.16463414634146,2.0,40.15245043880414,200.0,3.0,8.582048780487806,0.064,19.39240489024894,3
31117,31,3,1,1,56,5,0.6956521739130435,0.5797101449275363,0.18357487922705315,1000.0,25.0,187.63768115942028,0.0,367.7254530705003,1000.0,3.0,104.38682125603864,0.0,224.35681453366243,3
31119,31,6,1,9,769,21,0.8327683813251328,0.7061958344981828,0.3269674308079396,5000.0,25.0,141.37503494548506,0.0,287.22067625973636,5000.0,4.0,53.87199014537321,0.0,210.02191168037322,6
31121,31,7,1,3,710,17,0.7826272999572101,0.7223291969761803,0.2092426187419769,1000.0,25.0,109.55350520610469,0.0,244.07883700635125,500.0,3.0,40.209055341606046,0.0,87.64663117199532,7
31123,31,7,1,1,963,12,0.9345355731225297,0.8352272727272727,0.09782608695652174,1000.0,31.0,130.17045454545453,0.0,285.341031287805,1000.0,20.0,46.951843379446636,0.0,172.01533653513007,7
31125,31,7,1,1,665,13,0.8,0.6752447552447552,0.17706293706293708,1000.0,25.0,105.4958041958042,0.0,255.21135413713162,500.0,3.0,19.16824,0.0,64.18093116687908,7
31127,31,6,1,2,722,13,0.721637823775591,0.6847641669494401,0.443614975681484,1000.0,40.0,130.46137314783397,0.0,247.6137495758445,1000.0,8.0,58.38235312747427,0.0,187.58461749445962,6
31129,31,5,1,2,774,11,0.7681769147788565,0.3711974110032362,0.18500539374325783,1000.0,20.0,110.17270765911543,0.0,257.71369860732443,1000.0,5.0,97.87060755124057,0.0,259.9375535918226,5
31131,31,11,1,5,671,16,0.7485729112610275,0.6815429856426224,0.37545407368967304,1000.0,40.0,126.1338436256703,0.0,233.1047638555064,1000.0,5.0,85.43744899959638,0.0,210.07059328646068,11
31133,31,7,1,1,676,10,0.6419981498612396,0.5730804810360777,0.21461609620721553,1000.0,40.0,129.24259944495836,0.0,289.5082876282492,1000.0,8.0,37.41487326549491,0.0,137.0296803988817,7
31135,31,6,1,1,457,8,0.7436012572968118,0.6106870229007634,0.11136057476425684,1000.0,25.0,83.59189223170185,0.0,208.93933882532357,1000.0,3.0,33.97042119443197,0.0,112.08758027026036,6
31137,31,8,1,3,968,13,0.7784400631718376,0.6659534362422945,0.15049161954251364,1200.0,25.0,157.8356258596974,0.0,339.51968757924635,1200.0,3.0,97.07892414284987,0.0,288.1244047550553,8
31139,31,10,1,2,631,12,0.7890100445829081,0.6957619380136435,0.39437073642369874,1000.0,25.0,178.14927217059676,0.0,329.5430208123741,1000.0,3.0,61.39471257452866,0.0,157.36052407480608,10
31141,31,9,1,8,930,19,0.8345851667708015,0.6594259734389748,0.28940616566741556,1000.0,25.0,131.58591122396075,0.0,261.7903809630221,1000.0,5.0,58.21355308881592,0.0,180.69585815329788,9
31143,31,7,1,2,457,14,0.7756048579898632,0.7458640145357177,0.27593956201587455,1000.0,25.0,154.22508845749257,0.0,300.16625596430373,1000.0,5.0,70.22267667591088,0.0,193.0720415579263,7
31145,31,4,1,3,683,12,0.7671135196805476,0.42455790074158584,0.11187963491158015,1000.0,15.0,121.7405519110097,0.0,305.00460928360155,1000.0,1.5,63.625729749001714,0.0,213.18412638096845,4
31147,31,5,1,3,637,10,0.7344804318488529,0.6991396761133604,0.32194669365721995,1000.0,40.0,130.93593960863697,0.0,244.5918624423517,200.0,8.0,17.430150809716597,0.0,27.779628627241017,5
31149,31,2,1,1,240,8,0.6544943820224719,0.6151685393258427,0.06460674157303371,1000.0,25.0,23.89747191011236,0.0,56.66919597932989,500.0,3.0,9.560898876404494,0.0,35.01804579388143,2
31151,31,8,1,5,586,13,0.7683572216097023,0.6384509371554575,0.2812293274531422,1000.0,25.0,106.62480705622933,0.0,209.50426905368724,1000.0,3.0,68.85161477398015,0.0,177.05623147667157,8
31153,31,8,1,47,407,22,0.7007692064195499,0.6476844670950587,0.3428508119401095,1000.0,25.0,252.31178183659904,0.0,400.5273608292751,940.0,3.0,63.45743274983381,0.0,203.06863792703217,8
31155,31,12,1,5,1053,16,0.7364382018516563,0.694758334213398,0.31617207026437144,1000.0,50.0,112.29425113528356,0.0,219.72377921414625,1000.0,5.0,69.13983240046467,0.0,168.21601941642712,12
31157,31,7,1,11,749,15,0.9383068887355869,0.8333251207253375,0.1385138464570809,1000.0,31.0,162.93117207056272,0.0,325.56745684618176,1000.0,20.0,60.341768847935356,0.0,205.07652150719866,7
31159,31,11,1,4,714,17,0.7890381414539231,0.7499355322690296,0.30088848254682704,1000.0,25.0,112.91531284431629,0.0,217.07033766012384,1000.0,5.0,89.9358757531003,0.0,208.49814279888588,11
31161,31,6,1,2,782,13,0.8559548843433378,0.7352322691645957,0.1688969604282164,1000.0,25.0,132.81017013955267,0.0,293.4897473732278,500.0,3.0,62.9913213534697,0.0,151.59108888472758,6
31163,31,7,1,1,755,7,0.7232459248759745,0.6406803685329554,0.3341601700921332,1000.0,25.0,109.1041814316088,0.0,219.22940253715967,100.0,3.0,25.38367399007796,0.0,39.17190551333838,7
31165,31,4,1,1,248,12,0.9867149758454107,0.8768115942028986,0.10144927536231885,1024.0,31.0,104.85567632850241,0.0,226.26637480822654,300.0,20.0,29.429951690821255,0.0,52.53720761968276,4
31167,31,8,1,2,607,15,0.7775116246301254,0.697055093701564,0.4277863886149077,1000.0,25.0,166.1254755530506,0.0,299.48317749510886,1000.0,5.0,66.64027870931379,0.0,149.57312270056016,8
31169,31,7,1,2,719,11,0.7839659884603705,0.42277558457333736,0.20242939568782264,1000.0,20.0,106.32505314303067,0.0,238.56245015925708,1000.0,5.0,80.68029832979046,0.0,214.07950785247306,7
31171,31,3,1,1,92,5,0.6176470588235294,0.5756302521008403,0.08403361344537816,200.0,25.0,30.682924369747898,0.0,52.58393490181815,200.0,3.0,20.707563025210085,0.0,54.73158403206246,3
31173,31,9,1,2,708,12,0.724910394265233,0.6920549581839904,0.41308243727598565,1000.0,40.0,102.13157108721624,0.0,191.08839920551938,500.0,3.0,53.18433273596177,0.0,117.4335882137066,9
31175,31,5,1,2,647,10,0.7485530014883414,0.6315528361170829,0.10484537787332561,1000.0,25.0,42.97899785017364,0.0,134.75324302541796,500.0,3.0,5.767796262609559,0.0,23.694910308019402,5
31177,31,6,1,5,458,17,0.7235366520787746,0.6232904814004376,0.1699945295404814,1000.0,25.0,104.67529403719912,0.0,253.65227147852326,940.0,3.0,46.8963784190372,0.0,139.79576381069973,6
31179,31,9,1,2,803,15,0.7813280237666319,0.7251667140735122,0.4116178376157517,1000.0,25.0,104.58330962991056,0.0,206.66222635655765,1000.0,3.0,51.56393773900951,0.0,136.47460834644286,9
31181,31,6,1,2,479,7,0.6828039430449069,0.4619934282584885,0.3005476451259584,1000.0,20.0,283.27798466593646,0.0,436.75616561703714,1000.0,3.0,225.78990405257395,0.0,401.8387713821225,6
31183,31,5,1,1,72,7,0.6883116883116883,0.658008658008658,0.22510822510822512,1000.0,25.0,57.522805194805194,0.768,157.9598030894403,500.0,3.0,29.118233766233764,0.064,83.65646191272171,5
31185,31,9,1,4,771,19,0.7677734067663258,0.6474586939417781,0.262690794649882,1000.0,25.0,125.14983477576712,0.0,252.4732348495024,1000.0,5.0,88.45150665617624,0.0,215.36050044725533,9
32001,32,1,1,7,582,8,0.9897959183673469,0.5039015606242497,0.3412364945978391,1000.0,25.0,350.268837935174,0.0,467.4242477677013,1000.0,3.0,172.53726050420167,0.0,367.7775077004947,1
32003,32,1,1,535,762,41,0.7247232966948796,0.6127589904637892,0.33587376967561566,1000.0,25.0,265.3752200222129,0.0,414.78679400257863,1000.0,3.0,64.03299528934166,0.0,214.25384704795462,1
32005,32,1,1,16,314,16,0.9390002202158115,0.4783087425677164,0.25721206782646994,1000.0,18.0,216.4780885267562,0.0,388.56054219297187,100.0,1.0,11.271214269984586,0.0,20.10348550442299,1
32007,32,1,1,15,1194,23,0.9761948361106024,0.4317890496246109,0.2012451931880608,1000.0,18.0,120.17872184581579,0.0,277.25969930782526,1000.0,2.0,15.022212415308552,0.0,75.7878197738824,1
32009,32,1,1,1,299,3,1.0,0.1821247892074199,0.07251264755480608,1000.0,9.0,73.73018549747049,6.0,232.87589792401934,1000.0,2.0,65.2512647554806,1.0,234.73489057652242,1
32011,32,1,1,1,824,6,0.9941690962099126,0.11175898931000972,0.021379980563654033,100.0,9.0,12.814157434402333,0.0,13.82402545373881,100.0,2.0,4.117574344023324,0.0,14.184733652328918,1
32013,32,1,1,5,1125,11,0.9418289376386493,0.2122257825979788,0.1313778654177964,1000.0,9.0,138.2285077643579,0.0,330.91642138415375,100.0,2.0,5.330976583682524,0.0,9.378325565258558,1
32015,32,1,1,2,725,8,0.9757477768795473,0.1196443007275667,0.10428455941794665,1000.0,9.0,66.76335327405012,0.0,220.79528612908416,100.0,2.0,8.118143896523849,0.0,21.920857884745867,1
32017,32,1,1,2,39,5,0.8813559322033898,0.5423728813559322,0.03389830508474576,1000.0,25.0,55.932203389830505,0.0,179.19473749265453,1000.0,3.0,39.813559322033896,0.0,181.57590552754317,1
32019,32,1,1,18,386,18,0.9174063116370809,0.5830867850098619,0.3777120315581854,1000.0,25.0,331.3381025641026,0.0,453.16203012177294,1000.0,3.0,48.81278796844182,0.0,175.53414631526329,1
32021,32,1,1,2,604,7,0.9847480106100795,0.20490716180371352,0.1770557029177719,1000.0,9.0,185.21156233421752,0.0,376.3757834056343,100.0,2.0,7.849549071618037,0.0,13.103739357737549,1
32023,32,1,1,15,981,14,0.8166921564343457,0.6200568057679703,0.27452479790255624,1000.0,25.0,162.50320340834608,0.0,328.2992135086475,1000.0,5.0,73.20000699147913,0.0,229.4608948427509,1
32027,32,1,1,1,1018,12,0.970945945945946,0.14189189189189189,0.010810810810810811,1000.0,9.0,16.340372972972972,0.0,63.48378395197848,100.0,2.0,2.9078027027027025,0.0,8.193946970475354,1
32029,32,1,1,1,220,12,0.8747152619589977,0.4624145785876993,0.2870159453302961,1000.0,18.0,145.03994533029612,0.0,315.4665713251854,1000.0,2.0,24.402478359908883,0.0,59.34561035679022,1
32031,32,1,1,138,620,30,0.8938311542436087,0.6105944197331177,0.41950846924563057,1000.0,25.0,355.5044521723503,0.0,459.66810958805866,1000.0,3.0,78.49537170328435,0.0,242.3206611424646,1
32033,32,1,1,3,798,10,0.9618021547502449,0.1851126346718903,0.011263467189030362,1000.0,9.0,22.00892066601371,0.0,97.57921294173711,100.0,2.0,3.270043095004897,0.0,10.048275026999919,1
32510,32,1,1,14,281,15,0.8607677293428757,0.5761223162003903,0.4209499024072869,1000.0,25.0,334.9555614834092,0.0,450.11141794651917,1000.0,4.0,31.410823682498375,0.0,122.30699338776847,1
33001,33,10,1,18,289,14,0.5057604715548808,0.4613735822095204,0.2602482807894972,2000.0,7.0,265.9916913458962,0.0,441.11810465155475,2000.0,0.768,175.4713412521211,0.0,336.9056051026746,10
33003,33,15,1,19,435,13,0.6012314672283886,0.5312322774041968,0.27003159685651784,2000.0,25.0,277.0299421534473,0.0,437.1286920891647,2000.0,2.0,39.541762618488214,0.0,166.25165968212508,15
33005,33,16,1,18,330,17,0.5478630941677156,0.4658035125576935,0.24503986093628244,2000.0,10.0,340.70399088892884,0.0,628.4663114478923,2000.0,1.0,227.66513792483366,0.0,584.022971889837,16
33007,33,15,1,11,732,14,0.6840429550482975,0.5949490043710539,0.10620042091630241,2000.0,25.0,114.15913550267119,0.0,292.22247745429166,2000.0,2.0,24.839650099832713,0.0,132.31981602613746,15
33009,33,30,1,28,488,23,0.6262438682550806,0.4308689558514366,0.2222144358794674,2000.0,10.0,227.10602676944637,0.0,413.8530075709906,2000.0,2.0,28.300425367904694,0.0,138.09974168560908,30
33011,33,24,1,103,359,22,0.6128466421650518,0.5363904666443925,0.3443869027731373,3000.0,25.0,436.32723287671234,0.0,640.8026874036315,3000.0,2.0,200.37729479897538,0.0,530.2920642578533,24
33013,33,20,1,39,349,19,0.5515634218289086,0.5025958702064897,0.2973451327433628,2000.0,25.0,330.1030857817109,0.0,502.7199171186635,2000.0,2.0,87.03773569321534,0.0,227.03521884999228,20
33015,33,35,1,72,250,20,0.7771633839199225,0.6925653858572812,0.4114061995479496,3000.0,25.0,507.8739344526961,0.0,617.6413115711058,3000.0,3.0,241.35304052308686,0.0,511.34365680100854,35
33017,33,11,1,30,212,15,0.6623673096678462,0.605524483506449,0.29597077959137086,2000.0,25.0,349.7415546170528,0.0,533.7122494301113,2000.0,2.0,149.10611117452345,0.0,375.41492836379825,11
33019,33,13,1,11,306,15,0.5617283950617284,0.4482347844920944,0.22081438163309508,3000.0,10.0,246.98573489278752,0.0,456.2297956187929,3000.0,1.0,89.52346935239333,0.0,276.6170194729926,13
34001,34,24,1,74,706,19,0.4075365029436144,0.2999086098063803,0.2187626192854562,3000.0,0.0,249.66303092389109,0.0,473.9222838755091,3000.0,0.0,32.30879054642835,0.0,147.8456288799427,24
34003,34,74,1,203,328,34,0.5211100393262595,0.445561574039722,0.3397269421978185,3000.0,7.0,334.19583077341645,0.0,461.4928416863858,3000.0,0.768,153.10654923202492,0.0,322.60417837996,74
34005,34,41,1,117,667,21,0.4281721720457273,0.34833891239815573,0.24199456830670119,3000.0,0.0,275.7169677256363,0.0,483.67240204712556,3000.0,0.0,67.59709735994443,0.0,222.66609950951218,41
34007,34,38,1,129,331,24,0.49722252878637385,0.41801861457528605,0.29483500717360117,1200.0,3.0,327.73574476694995,0.0,503.33945372941423,1000.0,0.768,107.67033690174006,0.0,278.267849648455,38
34009,34,17,1,32,508,11,0.45577101359703337,0.324938195302843,0.2468711372064277,1200.0,1.5,268.5571956118665,0.0,483.51000183440556,880.0,0.384,25.87253800988875,0.0,121.21805187198939,17
34011,34,14,1,41,378,14,0.4458260397175107,0.3633729703627694,0.26733868533832317,1200.0,0.0,302.5666104907346,0.0,497.58783580972283,880.0,0.0,79.46959811673808,0.0,240.44515524424352,14
34013,34,21,1,211,346,31,0.5293909895591904,0.4340109926494934,0.32549720769043994,1200.0,7.0,338.5086638853939,0.0,486.03174113598084,880.0,0.768,141.42349513277264,0.0,313.23580716458883,21
34015,34,27,1,69,429,20,0.4777366055157332,0.3929352448062204,0.2690438585834042,3000.0,1.5,305.29932571983966,0.0,498.656032241843,3000.0,0.384,79.5289959907666,0.0,240.66948672750866,27
34017,34,12,1,183,285,33,0.5558344805247388,0.4430723135476557,0.3388533484492671,10000.0,10.0,299.6984884606041,0.0,459.4007276405582,10000.0,1.0,129.5398646044214,0.0,306.0565251342203,12
34019,34,25,1,30,247,16,0.4516290413357514,0.34309924332437,0.17619285848289662,3000.0,0.0,201.72655231067475,0.0,431.5004471727159,3000.0,0.0,10.056163029203928,0.0,58.867874608237926,25
34021,34,9,1,84,284,25,0.49575259758494805,0.4259337264813255,0.323750351024993,3000.0,3.0,340.1645780679584,0.0,489.76742763317833,3000.0,0.768,140.4020153748947,0.0,312.84399057339647,9
34023,34,24,1,192,284,34,0.4685376142488868,0.35260917115850327,0.26208889930474183,3000.0,1.5,279.9484219982814,0.0,465.62600524329895,3000.0,0.384,73.17599656276853,0.0,228.29759662785733,24
34025,34,54,1,154,393,23,0.49092761553695924,0.41905830366444197,0.3372866415578171,10000.0,3.0,342.33582704658113,0.0,481.55516427246107,10000.0,0.768,135.20042015729283,0.0,307.2777925981169,54
34027,34,40,1,110,347,29,0.4928313323231146,0.4127520690057116,0.28548393363639896,10000.0,3.0,290.6122903990364,0.0,468.7245925707231,10000.0,0.768,103.82071014492755,0.0,298.43155582929035,40
34029,34,28,1,145,508,17,0.48869226025727436,0.3809066268947814,0.26514749537508425,1200.0,3.0,288.9687633907444,0.0,483.154964036155,880.0,0.768,63.38621244496709,0.0,211.68446628457434,28
34031,34,19,1,120,260,25,0.4998520670270852,0.4014631915866484,0.2884961940880605,1200.0,3.0,285.4293562494957,0.0,440.2540984387468,880.0,0.768,110.14320094677103,0.0,277.8187041085931,19
34033,34,12,1,25,341,11,0.43697793292606907,0.3300087270913851,0.23014586709886548,1200.0,0.0,269.5724682707892,0.0,486.9204403646766,880.0,0.0,41.362728836803385,0.0,169.26600543991088,12
34035,34,17,1,74,322,27,0.4778558875219684,0.4007029876977153,0.3046133567662566,1200.0,3.0,316.6949912126538,0.0,475.89027132039973,940.0,0.512,121.35507328646749,0.0,292.3747958993131,17
34037,34,24,1,42,267,17,0.5289256198347108,0.4271900826446281,0.24136363636363636,10000.0,8.0,693.2797933884298,0.0,2180.960845616622,10000.0,0.768,516.2707879338843,0.0,2189.1619403699824,24
34039,34,20,1,120,269,25,0.5110333845191378,0.4142353409543309,0.3217312176534152,1200.0,5.0,346.3797209804925,0.0,501.1971775824937,880.0,0.768,133.89559767957687,0.0,306.5897968464413,20
34041,34,22,1,23,409,19,0.44726391037164,0.33865641068517205,0.1640399648844112,10000.0,0.0,250.5193175870574,0.0,933.270014273989,10000.0,0.0,81.90577383888633,0.0,861.3282735880007,22
35001,35,3,1,176,630,31,0.9631468419731105,0.6698623570499213,0.3633385833961058,3000.0,50.0,187.90211235134333,0.0,361.2005504248843,3000.0,5.0,39.0053891666096,0.0,84.9628485153281,3
35003,35,2,1,2,291,4,0.5212947189097104,0.0868824531516184,0.0,25.0,6.0,8.067332197614991,0.512,5.9382628042650145,5.0,4.0,2.866044293015332,0.128,1.5182749548800991,2
35005,35,7,1,17,1944,14,0.9806275055812949,0.21765849677125093,0.1230045370525962,1000.0,15.0,116.39105072376792,0.0,296.6037886094969,1000.0,5.0,59.38346774851765,0.0,218.6823847552135,7
35006,35,3,1,9,908,9,0.9545159194282001,0.582521117608837,0.2776153346328785,1000.0,25.0,119.01673164392463,0.0,272.5096930066112,1000.0,4.0,93.4694174788824,0.0,278.38019273542517,3
35007,35,5,1,3,1729,8,0.984507925136563,0.3543476314139876,0.10280290140592818,1000.0,10.0,86.03445419539715,0.0,245.2774431140094,1000.0,2.0,74.04201692486791,0.0,248.44275833619585,5
35009,35,4,1,14,747,11,0.9561667922632504,0.4821024868123587,0.36749560411956794,1000.0,15.0,348.1263815624215,0.0,464.83761621226677,1000.0,10.0,250.83200452147702,0.0,419.9000184477665,4
35011,35,1,1,1,1031,5,0.9994093325457767,0.3614884819846427,0.19196692262256349,1000.0,10.0,202.46839929119906,0.0,388.88390000466467,1000.0,10.0,198.37223154164207,0.0,390.8543875615648,1
35013,35,3,1,61,943,21,0.9565727294677658,0.38467110482563555,0.2173778069055914,1200.0,15.0,202.0890103825325,0.0,413.0475634904193,940.0,10.0,16.126751267634784,0.0,71.42868094667593,3
35015,35,3,1,13,2017,17,0.9364164213280994,0.2868416748446189,0.18666175989532222,1000.0,10.0,154.0915930650965,0.0,320.0209054030245,1000.0,10.0,40.690502289826625,0.0,172.9047046681752,3
35017,35,2,1,10,496,12,0.8374694612318375,0.3757232866143757,0.1447859071621448,1200.0,15.0,178.68710916805966,0.0,407.4072794702689,1000.0,3.0,8.995531696026745,0.0,43.61250864608263,2
35019,35,2,1,1,690,5,0.9968454258675079,0.9968454258675079,0.5825446898002103,1000.0,1000.0,591.9558359621451,0.0,481.1160007207317,1000.0,1000.0,582.6644584647739,0.0,492.07341790085036,2
35021,35,3,1,1,508,4,0.9983525535420099,0.943986820428336,0.5733113673805601,1000.0,1000.0,583.0675453047776,0.0,483.4335748159208,1000.0,1000.0,574.1428336079077,0.0,493.76830597806696,3
35023,35,2,1,2,635,7,0.8823293172690763,0.20200803212851406,0.0570281124497992,1000.0,15.0,73.10906024096386,0.0,228.37968079399354,1000.0,5.0,61.16892208835342,0.0,230.9471794472805,2
35025,35,5,1,18,1668,17,0.9396596518576253,0.3615874253052741,0.3066705637828007,1000.0,15.0,241.30166926474408,0.0,406.70347255124653,1000.0,10.0,141.35959379059494,0.0,305.934896316351,5
35027,35,5,1,9,1141,15,0.9734143184307478,0.3496963058846958,0.17235885691526437,1000.0,20.0,151.82674499651498,0.0,333.52067041467706,1000.0,10.0,63.74893497958777,0.0,217.33555802246298,5
35028,35,1,1,4,170,12,0.9300595238095238,0.5275297619047619,0.18154761904761904,1200.0,25.0,231.28943452380952,0.0,454.520047002665,940.0,5.0,10.931065476190478,0.0,37.949087965070646,1
35029,35,1,1,7,1048,10,0.9011994949494949,0.3188131313131313,0.007417929292929293,1000.0,15.0,29.697679924242426,0.0,83.70667973928198,1000.0,2.0,11.03682417929293,0.0,83.71948726845984,1
35031,35,2,1,33,1079,14,0.9500613086612418,0.465834355144354,0.09519563036450786,1200.0,18.0,91.85012819083714,0.0,270.8702016406172,40.0,2.0,4.58755367294616,0.0,8.0925035657546,2
35033,35,3,1,2,553,7,0.993570722057369,0.8155291790306627,0.49752720079129575,100.0,30.0,61.77893175074184,0.0,38.52168132312893,100.0,30.0,34.51156478733927,0.0,18.437972331889846,3
35035,35,4,1,21,1524,12,0.9704612728169709,0.3342377898371978,0.2319930932412432,1000.0,10.0,207.91363468179577,0.0,381.5442121613412,1000.0,10.0,118.69958645781944,0.0,310.82652325814905,4
35037,35,6,1,3,1341,7,0.9852120535714286,0.40524553571428573,0.28699776785714287,1000.0,10.0,296.0681361607143,0.0,446.6486154090728,1000.0,10.0,292.564615625,0.0,448.85044917715874,6
35039,35,6,1,11,1547,13,0.9372441003498846,0.38472418670438474,0.18610883644755452,1000.0,9.0,36.43861624357924,0.0,68.4948734430561,1000.0,2.0,24.352413608278123,0.0,67.81765378215488,6
35041,35,7,1,5,576,9,0.7457882978081034,0.3023368154096975,0.21103798079826097,1000.0,10.0,109.84167622728096,0.0,279.39416313197137,1000.0,10.0,105.0367190387054,0.0,280.95298419342294,7
35043,35,6,1,35,1871,21,0.9773117982893648,0.5935225077997326,0.28395271345798756,5000.0,30.0,108.35458641254749,0.0,255.04852612993074,5000.0,5.0,25.270624530424264,0.0,70.94159981013063,6
35045,35,4,1,36,1647,18,0.9408033826638478,0.5080293284152759,0.21883855876928612,1200.0,25.0,168.91770500652243,0.0,379.44500876078706,1000.0,2.0,9.179881066978544,0.0,39.937081445269115,4
35047,35,4,1,10,844,11,0.9795816019487033,0.8268376558246167,0.37433729760710704,1200.0,30.0,288.2295457801977,0.0,439.71069868009084,1000.0,25.0,200.73738415245737,0.0,383.2398401191936,4
35049,35,4,1,57,359,20,0.937998333928359,0.6669046769011068,0.4023959696933635,1200.0,50.0,193.67674354397238,0.0,352.333897821334,1000.0,7.0,63.034397953111984,0.0,170.1968668234841,4
35051,35,1,1,4,744,7,0.9154325798908808,0.35151987529228373,0.24824629773967263,1000.0,15.0,229.15101325019486,0.0,402.12743086724805,1000.0,3.0,46.28278409976617,0.0,181.82012816958206,1
35053,35,6,1,6,818,13,0.9121470192738682,0.29437471985656655,0.0842671447781264,4096.0,15.0,152.17890766472433,0.0,590.9127690506697,10000.0,3.0,249.53718534289558,0.0,1359.6474798374156,6
35055,35,4,1,10,804,12,0.9694099962420143,0.6033070274332958,0.1161217587373168,940.0,50.0,45.33127786546411,0.0,38.756571179513955,940.0,10.0,21.568937993235625,0.0,38.622939028254045,4
35057,35,5,1,5,1300,12,0.9715297130375838,0.40717029449423814,0.3279355276041274,1200.0,15.0,148.82872636890863,0.0,313.37632923396836,1000.0,5.0,133.49026572267832,0.0,305.4275986704962,5
35059,35,3,1,1,1307,8,0.9977426636568849,0.9525959367945824,0.48645598194130923,1000.0,25.0,498.5169300225734,0.0,488.1359150742562,1000.0,3.0,487.6828600451467,0.0,498.66966775210875,3
35061,35,2,1,25,479,16,0.961847106856258,0.35062649584682526,0.2270167534844432,4096.0,10.0,286.4669505842602,0.0,692.7203843949087,10000.0,5.0,255.42378797691117,0.0,1271.0254317041188,2
36001,36,20,1,85,348,24,0.8486108486108486,0.7424242424242424,0.6234801234801235,1000.0,200.0,425.4575852075852,0.0,437.12219507112496,1000.0,20.0,109.51353266553267,0.0,265.6040256110583,20
36003,36,19,1,16,370,10,0.954192034035062,0.6570820802464608,0.4479204870534732,1000.0,25.0,434.0209051566053,0.0,483.31040889987656,1000.0,4.0,233.96348213892762,0.0,413.4521048551732,19
36005,36,1,1,359,183,22,0.7810627596763613,0.612202055543407,0.5078941613820249,1000.0,200.0,384.7075005466871,0.0,443.45638285586904,1000.0,50.0,184.06543065821123,0.0,320.87902588806554,1
36007,36,19,1,57,371,18,0.875703736199459,0.5932221978504058,0.41536886744169044,2000.0,25.0,387.3972727937413,0.0,483.9755882736655,2000.0,3.0,68.67357578416319,0.0,214.5863919173494,19
36009,36,17,1,24,558,16,0.9251283684273375,0.7522190821159893,0.4577876845918083,1000.0,60.0,371.2768102535525,0.0,457.3968745749163,1000.0,10.0,66.6279646539028,0.0,213.60439850438144,17
36011,36,14,1,24,354,15,0.9561680307661966,0.7586529928014989,0.6222759096736022,1000.0,940.0,517.0391744403905,0.0,475.5117043914591,1000.0,35.0,191.43162173355685,0.0,341.03746228450996,14
36013,36,20,1,36,466,14,0.9611558689700002,0.8847085705280989,0.41274843894655977,1000.0,60.0,376.9259760868281,0.0,443.91458994412943,1000.0,10.0,112.26942001694013,0.0,276.8626211928738,20
36015,36,8,1,25,435,13,0.9098511868158898,0.6620341901365145,0.5140819087443119,1000.0,250.0,479.46135161726727,0.0,484.03571461721526,100.0,25.0,23.932704464395524,0.0,28.545535793922507,8
36017,36,15,1,16,417,15,0.9596081430924923,0.49755824899976464,0.33248999764650505,1000.0,18.0,274.918980936691,0.0,417.6262336782305,1000.0,2.0,60.775330901388564,0.0,200.98098977106616,15
36019,36,10,1,22,494,15,0.9000761324704987,0.5283593452607537,0.402969166349448,1000.0,25.0,363.306794822992,0.0,463.0002403746338,1000.0,2.0,128.4527713741911,0.0,308.8426958379157,10
36021,36,11,1,21,391,17,0.9521567375603527,0.8869159251426519,0.45672558956147,1000.0,50.0,396.64299397470177,0.0,449.8707428791596,1000.0,10.0,233.62996927496908,0.0,411.3561009851714,11
36023,36,13,1,13,393,13,0.94611944007289,0.5626604820674231,0.38055992711008035,1000.0,25.0,279.390209558519,0.0,399.4272661682067,1000.0,3.0,90.78095485794749,0.0,229.3371633165716,13
36025,36,22,1,18,532,16,0.9649609804640444,0.579505577960509,0.4564238202482585,1000.0,25.0,369.820117320484,0.0,459.8461674501924,1000.0,3.0,161.6600081705337,0.0,345.06683265590806,22
36027,36,16,1,82,229,17,0.868315163187399,0.5909825635381917,0.4024486707707122,1200.0,25.0,402.19085655328956,0.0,480.81678021967406,1000.0,3.0,95.48857818894659,0.0,253.42854411875942,16
36029,36,31,1,261,453,30,0.853754033923191,0.6693941850328067,0.4582689689980576,2000.0,25.0,452.2348393313247,0.0,481.6903648500669,2000.0,4.0,110.50881880611168,0.0,272.35820415214187,31
36031,36,14,1,18,346,18,0.909925703314133,0.5820185324317556,0.46856999749561734,1000.0,25.0,422.44920577677607,0.0,481.5364560220839,1000.0,4.0,201.1450859003256,0.0,381.5176855347039,14
36033,36,10,1,15,488,12,0.918020022246941,0.5260289210233593,0.4139043381535039,1000.0,25.0,413.08704115684094,0.0,484.3843411118615,1000.0,3.0,158.8429125695217,0.0,351.1494409261867,10
36035,36,13,1,17,335,9,0.9343527698426035,0.47129334005489276,0.29362011986780934,1000.0,18.0,274.84467596482386,0.0,429.05614122357986,1000.0,1.0,50.24467148378424,0.0,194.68616099349708,13
36037,36,17,1,18,378,13,0.910233048815575,0.67071065503021,0.38385921166203124,1000.0,25.0,362.4031840414309,0.0,466.09140888372656,100.0,3.0,18.03719804354081,0.0,25.393194521877348,17
36039,36,10,1,18,304,15,0.958330324257962,0.7983678775185961,0.5047302664837149,1000.0,300.0,226.4377366938687,0.0,283.7466654876688,1000.0,25.0,25.018164223297468,0.0,39.93401185241492,10
36041,36,10,1,4,259,9,0.9662393162393162,0.5425213675213675,0.4096153846153846,1000.0,25.0,333.9292735042735,0.0,441.6562407633824,1000.0,3.0,199.31566153846154,0.0,388.60866917248177,10
36043,36,19,1,20,717,13,0.8744439400817068,0.650249659555152,0.46836132546527465,1000.0,25.0,442.5883960054471,0.0,475.3745330405643,1000.0,4.0,94.25320090785293,0.0,250.21693536719474,19
36045,36,15,1,36,672,15,0.9260328793287705,0.4807976534254985,0.3259737602037336,1000.0,18.0,301.6774605152459,0.0,444.3521133753267,1000.0,2.0,49.33698428795561,0.0,181.27177632315295,15
36047,36,1,1,801,162,32,0.8539909922422174,0.6920299200412691,0.5667744687605405,1000.0,200.0,415.55069875597707,0.0,440.0344267755379,1000.0,50.0,180.29498494077498,0.0,319.47018670118405,1
36049,36,10,1,9,725,9,0.9390110557647916,0.4451463977645487,0.302757866601871,1000.0,18.0,287.20123111813064,0.0,437.55373443276744,1000.0,2.0,64.22267006844045,0.0,224.09873292333523,10
36051,36,17,1,18,631,13,0.886096884336321,0.4388070849338455,0.2580025608194622,1000.0,18.0,245.49831946222793,0.0,413.9640552190106,1000.0,1.0,24.720853393085786,0.0,122.0810137720119,17
36053,36,20,1,19,379,12,0.9058251603968231,0.5763828043300077,0.3703965405160962,1000.0,25.0,346.9738707215737,0.0,460.54659470403385,1000.0,3.0,33.37736604392188,0.0,136.25791462601245,20
36055,36,25,1,210,340,25,0.8694320563107839,0.5368330557197356,0.3514373220138628,2000.0,25.0,260.6911345333405,0.0,481.40655353264134,2000.0,2.0,86.66101737682015,0.0,350.72455008784357,25
36057,36,16,1,16,474,11,0.9280343347639485,0.5294763948497854,0.3712274678111588,1000.0,25.0,342.0955879828326,0.0,457.83067289186977,1000.0,2.0,55.42454248927039,0.0,197.3684612323072,16
36059,36,58,1,281,307,28,0.8150779422939306,0.6871020811662203,0.5458911537525175,1000.0,940.0,531.5025267615401,0.0,478.2392417958089,1000.0,50.0,246.69088362142102,0.0,379.5951993819915,58
36061,36,1,1,310,141,54,0.6109360874448675,0.5270799660301893,0.45190806235103964,1200.0,25.0,253.04841191134975,0.0,381.5211666407492,1000.0,3.0,111.27819883297263,0.0,252.89708938762047,1
36063,36,12,1,64,269,13,0.8653217626507382,0.5883579398174237,0.42003831849430856,1000.0,25.0,404.261946354108,0.0,476.9181220995373,880.0,3.0,16.722363574890117,0.0,31.209379480857596,12
36065,36,24,1,75,519,16,0.8035121125568603,0.5347085581296943,0.3862265947318312,1000.0,25.0,376.5943091082196,0.0,474.155995353832,1000.0,3.0,42.98403334391198,0.0,157.9976608258949,24
36067,36,26,1,142,323,23,0.7768231393239213,0.6627531124225804,0.4882697641440577,1200.0,25.0,465.89666223176863,0.0,479.2058130892087,1000.0,4.0,166.1967730903176,0.0,331.66871606948024,26
36069,36,17,1,40,264,17,0.9243587985187217,0.5904882732135509,0.4066657522973529,2000.0,25.0,356.5891167192429,0.0,463.33445598686245,2000.0,3.0,46.22171883143602,0.0,159.97919642246003,17
36071,36,22,1,92,424,23,0.8669553343634339,0.501832620647526,0.30455639800208417,1000.0,25.0,298.81082683531565,0.0,442.44933716977954,1000.0,2.0,44.483149879621976,0.0,168.65927269692227,22
36073,36,10,1,13,228,9,0.9256147853978922,0.7249121735145868,0.5472735604093478,1000.0,1000.0,551.1988697113181,0.0,491.1200076471536,100.0,35.0,20.16850099282114,0.0,16.96640497217715,10
36075,36,12,1,44,350,11,0.9278676099039919,0.6763516927741283,0.4207933299646286,1000.0,25.0,405.1605834596598,0.0,477.31073157580914,1000.0,4.0,62.46084941889844,0.0,206.98411663356566,12
36077,36,21,1,22,540,12,0.9448394742512389,0.6980176686059039,0.5164835164835165,1000.0,115.0,502.1057422969188,0.0,489.12153205023316,1000.0,7.0,231.83258177117,0.0,409.14627875730747,21
36079,36,10,1,24,197,14,0.8166976244012122,0.6688825887183498,0.5237071072441098,1200.0,940.0,558.8146446377945,0.0,529.9555206694032,1000.0,35.0,174.5255321145762,0.0,333.04401341652533,10
36081,36,1,1,724,264,32,0.8369650415425616,0.7249568897946387,0.5762070857501176,1000.0,300.0,474.45322542718293,0.0,454.9368626164267,1000.0,35.0,148.7294599467001,0.0,302.19920653331434,1
36083,36,17,1,48,395,14,0.8745786311006889,0.7471420196394548,0.5630954125751136,1000.0,200.0,418.5888538765939,0.0,453.41344258704,1000.0,20.0,80.08348527040891,0.0,238.57873487289885,17
36085,36,1,1,125,213,18,0.8118227718840415,0.6449197254212288,0.49236966018040507,1000.0,25.0,480.5299256821921,0.0,480.15005425769357,1000.0,3.0,216.84182946615985,0.0,368.35098562748817,1
36087,36,8,1,80,220,20,0.81158447265625,0.66278076171875,0.55987548828125,1000.0,940.0,547.5637512207031,0.0,478.253715267191,1000.0,50.0,254.1325029296875,0.0,383.44785839469836,8
36089,36,24,1,30,796,16,0.9651958353991076,0.5964551313832425,0.4730788299454636,1000.0,25.0,458.29805185919685,0.0,488.042053235805,1000.0,4.0,210.05244957858204,0.0,380.5392189968731,24
36091,36,19,1,65,307,14,0.8353479929039976,0.6217665745286521,0.48558108832872643,1000.0,25.0,406.81377268039114,0.0,468.0781749465605,1000.0,4.0,21.38546111638269,0.0,72.59623898149378,19
36093,36,11,1,45,395,15,0.8520884168221616,0.7234821300416248,0.5703315630831061,1000.0,200.0,481.00972441509975,0.0,468.1640066272659,1000.0,20.0,126.13428075211712,0.0,285.8552656218103,11
36095,36,15,1,8,462,13,0.9305636824653793,0.748342110395943,0.5855275989857617,1000.0,450.0,481.8937000195046,0.0,445.2085744984541,1000.0,35.0,48.33140081919251,0.0,108.63108089768669,15
36097,36,10,1,5,525,10,0.9732742709486896,0.8486526393503138,0.5912882982650425,1000.0,250.0,452.45363602805463,0.0,459.8163880741318,1000.0,25.0,75.7604973052787,0.0,186.293541180497,10
36099,36,9,1,11,640,10,0.9501814882032668,0.8719600725952813,0.676497277676951,1000.0,100.0,420.3569872958258,0.0,460.3621506958021,1000.0,35.0,111.39341560798547,0.0,245.4714954239056,9
36101,36,21,1,31,554,16,0.9454109934442764,0.737518910741301,0.4814422592032274,1000.0,25.0,440.15589430156325,0.0,480.6960194345463,1000.0,4.0,88.73459626828038,0.0,242.2598730571298,21
36103,36,69,1,384,354,24,0.8222280915863677,0.6341463414634146,0.5007012878194502,1000.0,940.0,494.9831855225049,0.0,485.1945960043739,1000.0,50.0,170.6757742035374,0.0,327.0081655743674,69
36105,36,12,1,31,349,14,0.9056080225878688,0.631438029403174,0.4031739850063285,1000.0,25.0,401.1473367734398,0.0,479.2321054916432,1000.0,4.0,16.645813650082758,0.0,41.79270434488668,12
36107,36,13,1,11,425,14,0.9365028547035911,0.5645910036817673,0.37634064350888424,2000.0,25.0,240.58465780908168,0.0,380.27638243305466,2000.0,3.0,23.52929726268609,0.0,127.34084575950294,13
36109,36,13,1,26,293,20,0.9202676505534363,0.6899505972109311,0.5429303983490713,1000.0,100.0,391.4379963729598,0.0,449.9387299177669,1000.0,25.0,85.54164967794384,0.0,214.46313563532226,13
36111,36,15,1,50,290,21,0.860692291356976,0.6024633680186876,0.42965597791463156,1000.0,25.0,430.86020407729876,0.0,487.26114113837104,1000.0,3.0,23.631124230197496,0.0,75.71767151969672,15
36113,36,13,1,23,259,12,0.8879338626074404,0.5777179975067253,0.46361787284298933,1000.0,25.0,394.271635719441,0.0,467.0831639889179,1000.0,3.0,80.87549320910702,0.0,248.54894322073312,13
36115,36,16,1,21,332,11,0.9404037167574495,0.8080743351489907,0.6731282708533589,1000.0,200.0,437.77235629605894,0.0,438.75152361515615,1000.0,20.0,75.1559688134145,0.0,222.80309565682947,16
36117,36,17,1,26,394,14,0.9355104876883659,0.7643635731966821,0.5183480262300777,1000.0,100.0,440.8082398923003,0.0,480.05430899477966,1000.0,35.0,28.127551830459897,0.0,46.509602314363526,17
36119,36,41,1,240,302,28,0.8051728985099803,0.6615476525161653,0.5446303064380096,1200.0,940.0,529.9862858448131,0.0,479.2403691762167,1000.0,50.0,240.1943823446725,0.0,376.2018185010892,41
36121,36,14,1,12,312,11,0.9043342444357673,0.5425893903051263,0.36949852178278575,1000.0,25.0,357.77723545490045,0.0,466.58404362046974,1000.0,3.0,41.61038032018743,0.0,163.7035633598049,14
36123,36,6,1,8,481,11,0.965556429757846,0.6579246437625667,0.4988198269079465,1000.0,90.0,329.73891948596906,0.0,440.1394532276723,1000.0,5.0,52.17573144505639,0.0,140.37683788173297,6
37001,37,1,1,37,326,23,0.8861440093002979,0.5423236213034949,0.32936133110513693,1000.0,25.0,320.08885388360096,0.0,453.4837153210746,1000.0,3.0,80.508715832304,0.0,252.2316205738202,1
37003,37,1,1,7,288,16,0.9011406844106464,0.7308829742289819,0.3350232361639206,2000.0,25.0,177.725237008872,0.0,358.2154261679445,2000.0,3.0,38.344239121250524,0.0,161.60223807927312,1
37005,37,1,1,3,375,11,0.7438474870017331,0.5663778162911611,0.25684575389948006,1000.0,25.0,269.9856152512998,0.0,429.51862475664643,1000.0,3.0,240.55752305026,0.0,425.0864290763981,1
37007,37,1,1,9,418,9,0.9012269938650307,0.48098159509202454,0.26717791411042946,1000.0,12.0,179.48788711656442,0.0,349.96473432811007,1000.0,3.0,40.67859386503067,0.0,124.9868548392398,1
37009,37,1,1,9,307,16,0.7897666068222621,0.5509874326750449,0.28114901256732494,1000.0,25.0,293.0158886894075,0.0,442.37371837131695,1000.0,3.0,219.08347899461398,0.0,408.33570998748394,1
37011,37,1,1,5,345,15,0.9305721096543504,0.7377830750893921,0.3340286054827175,1000.0,25.0,339.9026746126341,0.0,457.8596120425774,1000.0,3.0,102.78335041716329,0.0,287.12653486163805,1
37013,37,1,1,13,331,13,0.5879841897233201,0.39715415019762845,0.2224505928853755,2000.0,12.0,165.65707889328064,0.0,350.8836728557786,1000.0,1.0,10.776375968379446,0.0,42.744605331502484,1
37015,37,1,1,5,345,8,0.510076130765786,0.36990595611285265,0.1813703537841469,1000.0,7.0,189.5506368114644,0.0,380.5755317541222,940.0,0.75,9.887077474249889,0.0,26.793119599958253,1
37017,37,1,1,11,346,12,0.5247781065088757,0.3631656804733728,0.2242973372781065,1000.0,10.0,231.6673446745562,0.0,413.33432911611476,100.0,0.75,13.586463757396452,0.0,27.701605339162736,1
37019,37,1,1,44,560,12,0.5974865137233979,0.4599561325508329,0.34424091528839884,1000.0,6.0,307.9436533285909,0.0,428.88253628866744,1000.0,1.0,122.37203438259529,0.0,317.06972578422835,1
37021,37,2,1,65,287,28,0.7344640388441177,0.5783457531105641,0.27302154634656234,2000.0,25.0,252.74534281957042,0.0,417.5886272423207,1000.0,3.0,65.81081673803824,0.0,230.01273792172148,2
37023,37,1,1,21,341,17,0.8536853685368537,0.5490465713237991,0.19554455445544555,1000.0,25.0,191.5669482948295,0.0,373.6605826787288,1000.0,3.0,19.661218188485517,0.0,106.54564799052983,1
37025,37,2,1,47,321,19,0.9026015453321047,0.8612745445523499,0.5558233501098745,10000.0,100.0,482.8603720138938,0.0,724.5370228776104,10000.0,35.0,188.21916693839938,0.0,647.3733374923397,2
37027,37,1,1,19,298,16,0.9169639318271898,0.6076099881093936,0.2668450257629806,1000.0,25.0,230.11060800634166,0.0,399.02074911554485,1000.0,3.0,45.59520808561237,0.0,178.8994723491242,1
37029,37,1,1,2,147,10,0.5660377358490566,0.41219158200290273,0.216255442670537,1000.0,10.0,222.3889869375907,0.0,404.5307528320744,940.0,0.768,18.06658635703919,0.0,81.55438523730504,1
37031,37,1,1,32,476,13,0.6040482954545454,0.49372632575757575,0.2763967803030303,1000.0,20.0,283.71484375,0.0,440.6095726337094,940.0,1.5,13.92561884469697,0.0,58.25284850152046,1
37033,37,1,1,6,184,13,0.577007700770077,0.41804180418041803,0.27502750275027504,1200.0,10.0,174.12822222222223,0.0,367.82724307194803,100.0,0.768,13.55031903190319,0.0,22.34800319436689,1
37035,37,3,1,34,456,20,0.9168891001499141,0.6741014296683608,0.2924787012322206,1000.0,25.0,258.19172386558927,0.0,416.60418193340115,1000.0,3.0,20.457982741599327,0.0,78.86534032556001,3
37037,37,1,1,19,533,13,0.6139649700246855,0.3704008463618197,0.24626777947572587,5000.0,10.0,303.2450532502645,0.0,694.16370683447,5000.0,1.0,159.232407899377,0.0,630.6751254788984,1
37039,37,1,1,12,305,15,0.6956822107081174,0.4015544041450777,0.18756476683937823,2000.0,18.0,79.14603385146805,0.0,222.73688646770395,1000.0,1.0,54.998117443868736,0.0,223.94424638477406,1
37041,37,1,1,4,195,9,0.5584415584415584,0.3961038961038961,0.21717171717171718,1000.0,10.0,225.36131313131315,0.0,405.43247013989725,940.0,0.768,15.125861471861471,0.0,59.249028144253636,1
37043,37,1,1,4,167,11,0.7393913416202315,0.38148306900985857,0.21345906558079725,1000.0,18.0,169.3343334762109,0.0,348.62916961626695,1000.0,1.0,149.7233296185169,0.0,354.3061520087029,1
37045,37,1,1,24,373,16,0.9074355083459787,0.6906929691451694,0.3994688922610015,1000.0,25.0,371.03983662114314,0.0,466.62282898004395,1000.0,4.0,52.01606120384421,0.0,189.818735992173,1
37047,37,2,1,15,514,15,0.6273802533344518,0.5057461622347118,0.2967871822833655,1000.0,25.0,304.91799144367087,0.0,451.3238995989055,1000.0,1.5,111.87285630400135,0.0,301.67289511564974,2
37049,37,1,1,26,315,15,0.5925058548009368,0.46967213114754097,0.23852459016393443,1000.0,15.0,246.4661007025761,0.0,419.6087108105556,940.0,1.0,19.997938641686183,0.0,90.87660415486587,1
37051,37,2,1,81,429,20,0.689908256880734,0.5275016001706849,0.30544058032856836,1000.0,25.0,296.35392908043525,0.0,443.5397426955395,1000.0,3.0,32.11057742692554,0.0,141.56264761876082,2
37053,37,1,1,10,187,12,0.846272098385857,0.6963873943120676,0.2744043043812452,1000.0,25.0,282.9392867025365,0.0,429.7561884143165,940.0,3.0,36.5828854727133,0.0,144.96984923299354,1
37055,37,1,1,12,465,10,0.5170859041290935,0.39345040341718085,0.2463217845277646,1000.0,10.0,253.8500237304224,0.0,426.35407063537326,940.0,0.75,10.573103939250117,0.0,38.08812509723173,1
37057,37,3,1,42,406,19,0.8536939756342908,0.7204090756678216,0.5476696099251146,10000.0,150.0,464.837945233039,0.0,517.0287439589152,10000.0,25.0,190.85501285347044,0.0,432.61812411563227,3
37059,37,1,1,10,221,12,0.9442896935933147,0.889817393995667,0.652429588362736,10000.0,1000.0,909.5738161559889,0.0,846.2508967384334,10000.0,35.0,639.9749575982668,0.0,928.0570701904107,1
37061,37,1,1,21,292,14,0.6079073281289348,0.4838831528582221,0.24678922185847393,5000.0,20.0,206.20860488541928,0.0,425.3055881111155,5000.0,1.5,22.17874666330899,0.0,203.2649143361634,1
37063,37,1,1,68,373,26,0.8356634879586229,0.49826248585744304,0.277396153224503,5000.0,18.0,514.3399264587038,0.0,1200.3432204310184,5000.0,1.5,331.0139460158397,0.0,1179.4026908296617,1
37065,37,2,1,14,309,11,0.5853527915383585,0.48748159057437407,0.25277814968536616,1000.0,15.0,245.75398795019416,0.0,414.4132097797151,1000.0,1.0,31.295318516535012,0.0,136.35006657949367,2
37067,37,1,1,95,362,21,0.8924135809589726,0.7626023762833083,0.5782673895489676,2000.0,100.0,358.93017064636445,0.0,448.2343653462238,2000.0,35.0,113.47183865882262,0.0,283.3925667046461,1
37069,37,1,1,16,226,13,0.6664432903333892,0.5763109398559223,0.4262020438934495,5000.0,30.0,243.18144345786564,0.0,491.863912563779,5000.0,4.0,61.72571854582007,0.0,345.80187334396504,1
37071,37,1,1,85,213,15,0.9223413503332367,0.727267458707621,0.4508838017965807,5000.0,25.0,406.95186693711963,0.0,475.0813415175142,5000.0,5.0,138.574281773399,0.0,328.331964880945,1
37073,37,1,1,3,156,10,0.49896907216494846,0.33505154639175255,0.21443298969072164,1000.0,4.0,208.1144824742268,0.0,395.2611230369665,1000.0,0.512,59.83726804123712,0.0,222.20191586528833,1
37075,37,1,1,3,318,11,0.7020711630377058,0.34094530005310675,0.17100371747211895,1000.0,12.0,171.40308019118427,0.0,361.96448961736735,500.0,1.0,6.385335103558152,0.0,22.24784107726237,1
37077,37,1,1,15,228,14,0.6721256684491979,0.4473596256684492,0.2952874331550802,1000.0,18.0,184.537814171123,0.0,360.6764956444238,1000.0,1.0,21.183745655080212,0.0,56.73712797154173,1
37079,37,1,1,5,192,10,0.5216901408450704,0.39154929577464787,0.024225352112676058,1000.0,8.0,35.40760563380282,0.0,139.98478405660865,100.0,0.768,2.920526197183099,0.0,9.02087099214344,1
37081,37,1,1,126,470,24,0.8176788050588748,0.6460150457915395,0.44469581334496294,1000.0,25.0,419.1368576101177,0.0,478.73351312264515,1000.0,5.0,161.5625398495421,0.0,352.6066315879379,1
37083,37,3,1,16,285,16,0.5580004513653802,0.4786729857819905,0.2556984879259761,1000.0,10.0,198.5625745881291,0.0,373.85536985276246,1000.0,1.0,11.729638004965018,0.0,48.43182084012461,3
37085,37,1,1,28,316,17,0.6951802796173657,0.47148638704930096,0.26876379690949226,10000.0,15.0,230.74740544518028,0.0,502.69261895347336,10000.0,2.0,37.32871265636498,0.0,336.9496048932574,1
37087,37,2,1,21,331,21,0.639635535307517,0.5124145785876993,0.2664009111617312,1000.0,25.0,245.5379485193622,0.0,413.6527678370633,1000.0,3.0,23.69333348519362,0.0,118.63712365215413,2
37089,37,1,1,30,275,25,0.6945027602830262,0.5092139024959179,0.26148822020060647,2000.0,25.0,234.11395692403391,0.0,405.5472257662634,1000.0,3.0,39.63175927221833,0.0,162.68268304719174,1
37091,37,1,1,8,236,10,0.5441877521085442,0.4118078474514118,0.25595892922625596,1000.0,10.0,250.16799853318665,0.0,422.82950330851565,1000.0,1.0,27.987443344334434,0.0,132.73481259532915,1
37093,37,2,1,12,378,10,0.5845012366034625,0.46578730420445175,0.23770266556746358,1000.0,15.0,213.65342236878263,0.0,392.8117799963357,1000.0,1.0,17.501569112393515,0.0,83.44476102198095,2
37095,37,1,1,3,370,8,0.2559585492227979,0.12331606217616581,0.029015544041450778,100.0,2.0,9.84559585492228,0.0,20.43070958055859,100.0,0.064,1.0889243523316061,0.0,5.842065050780376,1
37097,37,2,1,46,284,21,0.9043751153775152,0.7840132914897545,0.5691342071257154,10000.0,100.0,462.64564519106517,0.0,568.7249807944431,10000.0,20.0,144.4233642237401,0.0,464.52844892679013,2
37099,37,2,1,9,477,24,0.6811726981218507,0.29790807756909454,0.12505726065048098,2000.0,10.0,113.05703160787907,0.0,296.2516920630114,1000.0,1.0,11.402995877233165,0.0,66.24964272290212,2
37101,37,1,1,53,399,18,0.6400321074138937,0.5379451255107998,0.3293928779918272,10000.0,25.0,351.76525218914185,0.0,761.0544822889117,10000.0,3.0,121.71368914185639,0.0,679.0776792037058,1
37103,37,1,1,3,323,7,0.552319309600863,0.42071197411003236,0.13861920172599784,1000.0,10.0,143.56742826321465,0.0,332.6822404211507,940.0,1.0,9.322070118662351,0.0,50.17263521156515,1
37105,37,1,1,16,244,15,0.6718260869565217,0.4946086956521739,0.3551304347826087,1000.0,15.0,289.07765217391307,0.0,435.5567219560546,1000.0,3.0,82.75512382608696,0.0,238.4171090583043,1
37107,37,1,1,17,278,12,0.6137950691178566,0.4688613367535984,0.24326635314236852,1000.0,15.0,215.46231437936441,0.0,394.96402658282614,940.0,1.0,15.687575317087074,0.0,37.40022079564582,1
37109,37,1,1,18,276,11,0.9218779342723005,0.6721126760563381,0.4088262910798122,1000.0,25.0,368.05078910798125,0.0,463.6339622456684,1000.0,5.0,62.129062910798126,0.0,212.1529871630727,1
37111,37,1,1,12,273,16,0.6762258806868472,0.37298636926889717,0.1975570897503983,1000.0,12.0,195.0359355638166,0.0,382.831605990829,1000.0,1.0,11.520082846521507,0.0,59.536028140335794,1
37113,37,1,1,10,496,18,0.6800951625693894,0.2745440126883426,0.14972244250594766,1000.0,9.0,145.68865979381442,0.0,337.59450214803525,1000.0,1.0,9.770646788263283,0.0,47.19393430049994,1
37115,37,1,1,7,320,17,0.6666666666666666,0.3997311827956989,0.2467741935483871,1000.0,12.0,225.58145161290324,0.0,402.09243395314763,1000.0,1.0,116.88309032258066,0.0,310.7830367765621,1
37117,37,1,1,6,345,10,0.5695860827834434,0.4367126574685063,0.17906418716256747,1000.0,10.0,188.5503899220156,0.0,377.32804276323463,940.0,1.0,10.40102519496101,0.0,24.878416976751012,1
37119,37,1,1,305,323,35,0.852714509175537,0.7062302086910076,0.4288657433901797,10000.0,25.0,397.8234730456678,0.0,500.2018097731626,10000.0,4.0,159.59361603906757,0.0,354.27170297270294,1
37121,37,1,1,4,243,14,0.6616805983282006,0.48174219093708753,0.31984161900571934,1000.0,18.0,220.0237501099868,0.0,379.38929940658454,1000.0,1.5,86.62291245050594,0.0,270.54553633106184,1
37123,37,1,1,10,372,12,0.7452830188679245,0.4447835738068812,0.22724750277469477,1000.0,10.0,229.61065593784684,0.0,405.3054078371569,1000.0,2.0,43.85811376248613,0.0,183.47678144406078,1
37125,37,1,1,29,308,15,0.600147207654798,0.4701444475112706,0.26616984083172324,1000.0,15.0,263.0382986475297,0.0,427.8449035516873,1000.0,1.0,55.43256306927961,0.0,205.54281455318392,1
37127,37,1,1,25,349,14,0.5945218307386164,0.502165515626829,0.25635022825705256,1000.0,25.0,229.55876155917124,0.0,401.23749915817564,1000.0,1.5,17.687734285379843,0.0,61.458965415086986,1
37129,37,1,1,55,283,18,0.6604624929498026,0.535689665977314,0.34492699128908944,1000.0,25.0,341.20033490004386,0.0,464.92534154348493,1000.0,3.0,112.90764805414553,0.0,301.9976235001431,1
37131,37,1,1,10,221,13,0.5211830535571543,0.4212629896083134,0.26059152677857716,1000.0,8.0,253.650415667466,0.0,422.61341636005113,1000.0,0.768,41.46447082334133,0.0,169.733422547862,1
37133,37,2,1,46,394,14,0.6007764744754667,0.5026433173632909,0.2895258549479597,1000.0,25.0,283.4795968941021,0.0,438.3145914510816,940.0,1.5,27.684318519742277,0.0,126.22401725682536,2
37135,37,2,1,42,296,20,0.8412859560067681,0.6358714043993232,0.39526226734348563,5000.0,25.0,544.6554582064298,0.0,1135.4274841975814,5000.0,4.0,313.24418426395937,0.0,1089.718729989082,2
37137,37,1,1,6,319,8,0.5358755644756649,0.4109382839939789,0.25740090316106373,1000.0,10.0,260.03888610135476,0.0,428.9331626257919,940.0,0.75,13.909959859508279,0.0,59.454815970708665,1
37139,37,1,1,10,252,13,0.6270491803278688,0.4994535519125683,0.2532786885245902,1000.0,20.0,260.32248087431697,0.0,426.68976754786013,940.0,1.5,18.61787704918033,0.0,91.83494259946325,1
37141,37,1,1,16,252,11,0.5701837023080546,0.4262835609985869,0.25906735751295334,1000.0,10.0,255.89094677343383,0.0,425.80058489852917,1000.0,1.0,35.09455440414508,0.0,158.35244103366682,1
37143,37,1,1,4,198,9,0.5219730941704036,0.3820627802690583,0.21883408071748878,1000.0,10.0,227.2392860986547,0.0,409.18057951190895,940.0,0.75,13.279840358744396,0.0,44.20867128699893,1
37145,37,1,1,7,305,14,0.6508989726027398,0.5310359589041096,0.3229880136986301,1000.0,25.0,221.4613809931507,0.0,389.192487608734,940.0,3.0,21.92934118150685,0.0,61.84179064660178,1
37147,37,1,1,42,437,17,0.6169333231263875,0.4809002526219092,0.22812523922529282,1000.0,20.0,236.05557100206693,0.0,411.84183481516516,1000.0,1.5,20.01663002373115,0.0,89.47859329807667,1
37149,37,1,1,8,203,17,0.5953355155482815,0.5261865793780688,0.30851063829787234,1000.0,25.0,248.3267184942717,0.0,410.59213446718786,1000.0,3.0,96.01063175122749,0.0,261.97637081444384,1
37151,37,2,1,34,347,16,0.8602128669242763,0.6072130703003186,0.3898718730933496,1000.0,25.0,394.9832735407769,0.0,478.0536235784291,1000.0,4.0,132.18583716358214,0.0,322.9659888542894,2
37153,37,1,1,11,491,17,0.8983574564969914,0.4807285737518296,0.2795576516506749,1000.0,18.0,274.3383021629533,0.0,432.1515812651688,1000.0,2.0,43.1274425109774,0.0,175.4288370425502,1
37155,37,1,1,35,399,20,0.6303008595988538,0.4822349570200573,0.3211318051575931,1000.0,18.0,260.24153151862464,0.0,422.6710926484493,1000.0,1.5,45.86376561604584,0.0,170.0987561774986,1
37157,37,1,1,22,300,13,0.5992880752606153,0.4417747266717518,0.2981184846173405,1000.0,15.0,295.3789468599034,0.0,446.9864347793819,1000.0,1.0,26.958359776252227,0.0,126.1046749599805,1
37159,37,2,1,31,393,17,0.9301778242677824,0.8181877615062761,0.6084597280334728,10000.0,100.0,692.3855319037657,0.0,1823.8426548829439,10000.0,35.0,446.40928765690376,0.0,1832.9103378863806,2
37161,37,1,1,22,321,20,0.69388605353609,0.5360899906259765,0.1670659306322258,1000.0,25.0,153.28237850223934,0.0,338.6725270821808,1000.0,3.0,14.8991467555463,0.0,88.71356617448777,1
37163,37,2,1,20,266,14,0.6086486486486486,0.44691891891891894,0.24486486486486486,1000.0,10.0,221.1839775135135,0.0,400.283062815793,940.0,1.0,24.36001189189189,0.0,44.29425343205739,2
37165,37,1,1,9,372,13,0.856584693173983,0.4920707883245231,0.28108480809009423,1000.0,18.0,272.5854415076994,0.0,429.92263223766753,300.0,2.0,14.52426430705585,0.0,28.994876546656872,1
37167,37,1,1,17,226,10,0.9001941119378842,0.8176965383371078,0.5195729537366548,1000.0,100.0,404.5123979294726,0.0,465.7172466180552,1000.0,35.0,106.2401087026852,0.0,259.489830771783,1
37169,37,1,1,13,234,13,0.8672651490862456,0.75825585123437,0.5088169285027252,5000.0,100.0,493.0853029817249,0.0,494.07151197723795,5000.0,35.0,211.38246617505612,0.0,397.80767138024953,1
37171,37,3,1,23,290,17,0.7545410258194725,0.6611455216090194,0.2954276567610829,2000.0,25.0,311.244347136196,0.0,447.7860095575644,2000.0,3.0,140.37785204259168,0.0,338.341721025434,3
37173,37,2,1,5,281,15,0.6297585886722377,0.3019962859795729,0.14206128133704735,1000.0,9.0,134.8210306406685,0.0,324.6422647670036,1000.0,1.0,4.465875580315691,0.0,18.780294360000656,2
37175,37,1,1,12,247,20,0.6437013548573076,0.47218218506774284,0.270106658979533,2000.0,11.0,277.51931392332085,0.0,439.99162520405145,1000.0,1.0,17.973550879215914,0.0,88.31303587738402,1
37177,37,1,1,1,272,8,0.4179357021996616,0.3299492385786802,0.13028764805414553,1000.0,2.0,139.71664297800336,0.0,333.29951447875794,940.0,0.064,8.85722165820643,0.0,41.75900072985309,1
37179,37,1,1,48,431,20,0.9073317566114814,0.6804271482835232,0.37232136458109366,2000.0,25.0,328.6741919300509,0.0,450.27450986829837,1000.0,4.0,45.46037296638716,0.0,158.21787120427476,1
37181,37,1,1,12,257,11,0.6886538461538462,0.5801923076923077,0.40057692307692305,1000.0,25.0,218.17471384615388,0.0,379.4663266690363,940.0,3.0,32.88198192307693,0.0,75.22798165018308,1
37183,37,1,1,230,410,39,0.8126135026368932,0.6246894567854601,0.38550943615522076,10000.0,25.0,709.6693306213771,0.0,1352.3941508806113,10000.0,4.0,472.37137717017043,0.0,1343.4830115814177,1
37185,37,1,1,7,180,8,0.6268715524034673,0.508274231678487,0.3207249802994484,1000.0,25.0,142.37934121355397,0.0,307.61657039126413,1000.0,1.5,30.004996059889674,0.0,80.13900296876996,1
37187,37,1,1,4,291,10,0.5328083989501312,0.4238845144356955,0.20078740157480315,1000.0,10.0,196.22343307086612,0.0,383.53375191138196,50.0,0.768,10.335347769028871,0.0,18.98954899388755,1
37189,37,1,1,13,328,16,0.956452680344143,0.6076770350761085,0.31978821972203836,2000.0,25.0,319.2567698213104,0.0,452.42941920785535,1000.0,3.0,135.37933024487094,0.0,330.33201396073054,1
37191,37,1,1,30,300,14,0.7271706324138415,0.6106548747104653,0.4592545799115603,5000.0,25.0,459.0489467256264,0.0,1072.0146428696028,5000.0,4.0,261.45785119674315,0.0,1045.8428157647197,1
37193,37,1,1,18,295,19,0.7291023214107801,0.6198067151539305,0.32250672511706685,2000.0,25.0,334.57101404802233,0.0,472.89534881280457,2000.0,3.0,190.06351519378302,0.0,398.2229439773586,1
37195,37,1,1,25,268,17,0.6750052115905775,0.5652491140296019,0.3611632270168856,1000.0,25.0,358.7031236189285,0.0,469.659330081982,1000.0,3.0,131.60669543464664,0.0,323.5416506664477,1
37197,37,1,1,9,271,11,0.9190526687875574,0.8529515729939908,0.5556733828207847,2000.0,1000.0,818.9988575468363,0.0,805.5405404266802,2000.0,35.0,543.1798126546482,0.0,864.246003301191,1
37199,37,1,1,5,243,13,0.7209767814251401,0.48238590872698156,0.3482786228983187,1000.0,18.0,225.32626100880705,0.0,377.4644923307033,1000.0,1.0,107.64756285028024,0.0,301.09423127099365,1
38001,38,5,1,1,882,5,1.0,1.0,0.9100169779286927,1000.0,1000.0,772.2410865874364,25.0,390.8347080323408,1000.0,1000.0,770.2750424448217,4.0,394.6159199840352,5
38003,38,8,1,4,1212,11,0.9108467356980245,0.8101637658808842,0.7105823602849379,5000.0,1000.0,1411.1398986560916,0.0,1127.4425685473184,5000.0,1000.0,798.5996953807739,0.0,601.4205928015894,8
38005,38,12,1,3,1013,2,1.0,1.0,0.9591597230372022,1000.0,1000.0,694.3609904940735,25.0,408.691951993322,1000.0,1000.0,693.5033446778547,4.0,410.1153549008034,12
38007,38,1,1,1,340,4,0.9875930521091811,0.9181141439205955,0.7245657568238213,1000.0,100.0,312.96153846153845,1.5,406.8687466488638,1000.0,100.0,305.7588486352357,0.5,411.91430892168853,1
38009,38,6,1,3,1332,6,0.9999032414126754,0.9999032414126754,0.9073052733430091,1000.0,1000.0,903.3164005805515,0.0,290.07049111744976,1000.0,1000.0,900.666473149492,0.0,297.94774159050735,6
38011,38,3,1,2,664,4,0.9996450124245652,0.9996450124245652,0.8824991125310614,1000.0,1000.0,885.427760028399,0.0,314.0462086170135,1000.0,1000.0,882.896343627973,0.0,320.98459241795837,3
38013,38,6,1,1,1258,3,1.0,0.97782874617737,0.963302752293578,1000.0,1000.0,958.4938837920489,15.0,196.35722879010464,1000.0,1000.0,957.9227828746177,3.0,199.0907607896099,6
38015,38,11,1,19,864,16,0.9365388122302596,0.9034709136222722,0.7423256944866573,2500.0,2500.0,1581.5423230198774,0.0,1079.8188727539532,2000.0,1250.0,750.7776544890888,0.0,621.7832000486928,11
38017,38,10,1,44,1588,24,0.8938432669109105,0.7874184612635153,0.6020239478152086,5000.0,100.0,568.9805647395228,0.0,1059.7673735735605,5000.0,20.0,385.09481860423557,0.0,1031.0595824599595,10
38019,38,7,1,2,1292,6,0.9987127620448695,0.9987127620448695,0.8979404192717911,1000.0,1000.0,850.260665685914,2.0,335.1383110618722,1000.0,1000.0,848.1358859874954,0.128,340.38994632063935,7
38021,38,6,1,3,803,5,0.998541742617572,0.994896099161502,0.960262486328837,1000.0,1000.0,961.1596791833758,0.0,190.95310344630886,1000.0,1000.0,960.4040772876413,0.0,194.66369653324173,6
38023,38,5,1,1,1189,4,0.9919732441471572,0.8187290969899665,0.7070234113712375,1000.0,1000.0,711.6153846153846,1.5,448.0446717244683,1000.0,1000.0,707.7966555183947,1.0,453.9621383796262,5
38025,38,9,1,1,1148,7,0.9969192852741836,0.9950708564386938,0.8299445471349353,1000.0,1000.0,832.9845964263709,0.0,367.3880549039236,1000.0,1000.0,829.3223967960566,0.0,375.43120152014427,9
38027,38,5,1,1,723,5,1.0,1.0,0.999360204734485,2000.0,1000.0,633.5412667946257,25.0,474.1002714316579,1200.0,1000.0,621.2431222008958,3.0,448.2076708517692,5
38029,38,7,1,1,1328,4,0.9966261808367072,0.9966261808367072,0.8960863697705803,2500.0,2500.0,2242.7321187584344,0.0,755.519899011136,1250.0,1250.0,1120.5093117408906,0.0,380.2753922662111,7
38031,38,4,1,1,793,7,0.9990393852065321,0.9990393852065321,0.9951969260326609,2500.0,1000.0,1102.5456292026897,0.0,357.1893027703378,1250.0,1000.0,1004.895292987512,0.0,146.32898412297337,4
38033,38,2,1,1,713,2,1.0,1.0,1.0,1000.0,100.0,189.88015978695074,100.0,269.9300109509249,1000.0,100.0,189.88015978695074,100.0,269.9300109509249,2
38035,38,12,1,22,814,14,0.9562111579398529,0.7937352668047718,0.6335095363954568,2000.0,100.0,427.37531252232304,0.0,495.22311515753734,2000.0,20.0,361.37692820915777,0.0,504.1316933849767,12
38037,38,6,1,1,993,5,0.9980411361410382,0.9980411361410382,0.9794319294809011,1000.0,1000.0,955.7561214495593,1.0,195.4880818520537,1000.0,1000.0,955.3637610186092,0.2,197.36824378063554,6
38039,38,6,1,1,793,6,1.0,1.0,1.0,5000.0,2000.0,2205.3517964071857,100.0,1844.0207164608048,5000.0,1200.0,1853.6077844311378,20.0,1901.7008528836243,6
38041,38,4,1,2,911,2,1.0,1.0,1.0,1000.0,1000.0,1000.0,1000.0,0.0,1000.0,1000.0,1000.0,1000.0,0.0,4
38043,38,5,1,1,1212,4,1.0,1.0,0.9849683544303798,2500.0,2500.0,2373.3979430379745,25.0,458.02387347988895,2000.0,1250.0,1217.0300632911392,4.0,162.5038859325622,5
38045,38,8,1,2,934,6,0.9994696367011403,0.9994696367011403,0.9870060991779369,1000.0,1000.0,987.317687616017,0.0,110.54090996349082,1000.0,1000.0,987.0726597719438,0.0,112.67666479508625,8
38047,38,5,1,1,804,4,1.0,1.0,0.9871345029239766,2500.0,2500.0,1954.122807017544,25.0,742.9731201143941,1250.0,1250.0,1148.2970760233918,4.0,176.22655441880318,5
38049,38,8,1,2,1287,7,0.9997556207233627,0.9997556207233627,0.822336265884653,1000.0,1000.0,764.526820625611,0.0,382.3456943509929,1000.0,1000.0,759.6156524926686,0.0,391.4243237539509,8
38051,38,5,1,1,992,3,1.0,1.0,0.7965072133637054,2500.0,1000.0,1465.6036446469247,25.0,986.316367366946,1250.0,1000.0,907.9893697798026,4.0,470.2156603109717,5
38053,38,8,1,5,851,7,0.9144687264506406,0.8835719668425018,0.6082642552122582,2000.0,1000.0,613.8261657874906,0.768,480.7180748818126,2000.0,1000.0,607.5608892238131,0.2,488.4351197604583,8
38055,38,11,1,3,1793,9,0.9996033994334278,0.9996033994334278,0.888441926345609,2500.0,1000.0,942.2124645892351,0.0,423.3526701558726,1250.0,1000.0,897.3485552407932,0.0,319.90096947805364,11
38057,38,8,1,3,940,5,1.0,1.0,0.8845710995970063,1000.0,1000.0,887.3704663212435,25.0,311.6588304896244,1000.0,1000.0,884.937248128958,3.0,318.390981191921,8
38059,38,8,1,7,1119,10,0.9737233054781801,0.908727948003714,0.7696378830083566,2500.0,1000.0,1026.1429897864439,0.0,770.8102431469549,2000.0,1000.0,815.2498651810586,0.0,461.4628648659818,8
38061,38,7,1,3,1569,5,0.9994858611825193,0.9994858611825193,0.8863753213367609,1000.0,1000.0,651.8251928020566,0.0,447.73761997944393,1000.0,1000.0,649.4343004039662,0.0,451.12235360093274,7
38063,38,6,1,1,1242,4,0.9994722955145119,0.9994722955145119,0.7382585751978892,1000.0,1000.0,698.246437994723,2.0,446.8706991012679,1000.0,1000.0,690.1900411609499,0.128,458.5264893540003,6
38065,38,6,1,1,610,5,1.0,1.0,0.9539106145251397,2500.0,1000.0,1105.9008379888269,25.0,508.83787880326173,1250.0,1000.0,979.2234636871508,3.0,227.17601319687805,6
38067,38,5,1,4,835,5,0.9994245432311898,0.9994245432311898,0.997698172924759,1000.0,1000.0,906.5901309164149,2.0,274.8397139898825,1000.0,1000.0,898.450080851676,0.128,298.76179930467725,5
38069,38,9,1,2,1052,6,1.0,1.0,0.9832362802188107,1000.0,500.0,616.079936474325,25.0,311.7119102183766,1000.0,500.0,615.6927827774837,3.0,312.4541500672674,9
38071,38,9,1,3,1181,5,0.9999064546304958,0.9999064546304958,0.9641721234798878,1000.0,1000.0,616.1085126286249,0.0,446.81752595868977,1000.0,1000.0,615.3580916744621,0.0,447.82619379396226,9
38073,38,10,1,3,564,7,0.9689067201604814,0.9603094999283565,0.9270669150308067,5000.0,1000.0,1709.8363662415818,0.0,1561.9724788903536,5000.0,1000.0,1626.8473993408797,0.0,1566.7294746842567,10
38075,38,5,1,1,1181,5,0.9992764109985528,0.9992764109985528,0.9001447178002895,1000.0,1000.0,893.5238784370478,0.0,299.7466469066002,1000.0,1000.0,889.5557163531114,0.0,310.7931309550378,5
38077,38,7,1,6,1127,12,0.9851879145173176,0.9467207074428887,0.6766396462785557,5000.0,1000.0,602.2742446573324,0.0,609.3154902474607,5000.0,1000.0,589.3957811348563,0.0,621.0195415886219,7
38079,38,8,1,4,848,5,0.9998764516926119,0.9875216209537929,0.9474919693600198,1000.0,1000.0,902.2609340252038,0.0,273.8739399689405,1000.0,1000.0,897.7385717815666,0.0,286.1266381956101,8
38081,38,6,1,2,749,7,0.9991036213696666,0.9982072427393331,0.9804589458587307,1000.0,1000.0,966.5677662244532,0.0,157.18839543484438,1000.0,1000.0,965.4707780566512,0.0,161.11003668021579,6
38083,38,6,1,1,748,5,1.0,1.0,0.9962825278810409,2500.0,1000.0,893.5254027261462,25.0,217.59909019098558,1250.0,1000.0,891.8983890954152,4.0,210.81474925119844,6
38085,38,3,1,2,301,4,0.654490106544901,0.654490106544901,0.5966514459665144,1000.0,1000.0,562.2176560121766,1.0,488.9391383681703,1000.0,1000.0,560.7266362252664,0.2,490.61297335078746,3
38087,38,4,1,1,729,2,1.0,1.0,1.0,1000.0,1000.0,970.7713125845737,100.0,159.56226225354095,1000.0,1000.0,970.7713125845737,100.0,159.56226225354095,4
38089,38,7,1,9,957,11,0.9457567065969293,0.8809684494685338,0.7406782520668129,2000.0,1000.0,757.8492491985828,0.0,452.50015683448567,2000.0,1000.0,699.6046443394634,0.0,480.83861945900065,7
38091,38,7,1,1,732,7,0.9913793103448276,0.9801724137931035,0.9568965517241379,5000.0,2500.0,2105.0271551724136,0.0,2023.8395944643166,5000.0,1250.0,1793.0631465517242,0.0,2060.5528511355465,7
38093,38,10,1,7,1796,10,0.9746481635855441,0.9294856078066003,0.8545089001127838,2500.0,1000.0,802.0395478840778,0.0,423.4092403055457,1250.0,1000.0,780.0330074045015,0.0,415.402733347351,10
38095,38,5,1,1,903,5,1.0,1.0,0.9561107359891965,1000.0,1000.0,789.0783254557731,25.0,351.20957820696765,1000.0,1000.0,788.1505739365293,3.0,353.24901592048684,5
38097,38,5,1,4,712,6,0.9934606330107245,0.940622547737379,0.7416950039236202,2000.0,100.0,491.54394454616795,0.0,471.22608576192243,2000.0,20.0,463.350120847502,0.0,495.94213713354213,5
38099,38,12,1,6,799,5,0.9857124794537868,0.9313440384372235,0.8585156151220129,1000.0,1000.0,683.4080477936528,0.0,440.56986879248205,1000.0,1000.0,663.3271906688583,0.0,468.0023570324091,12
38101,38,12,1,16,1332,14,0.9981072311495673,0.9981072311495673,0.7178615574783683,2000.0,1000.0,728.408335908529,0.0,451.39172257910235,2000.0,1000.0,721.478393077874,0.0,462.10070323753644,12
38103,38,5,1,2,1384,7,1.0,1.0,0.9876998769987699,2500.0,1000.0,968.2533825338253,25.0,174.8094222757203,1250.0,1000.0,967.2263222632226,4.0,172.20843563214532,5
38105,38,7,1,8,997,10,0.8180871448804465,0.7178622011163875,0.5050404065650254,2000.0,1000.0,520.2967174872948,0.0,509.52766120503213,2000.0,50.0,450.9134596350912,0.0,509.9367208764913,7
39001,39,4,1,7,338,10,0.7693327023189778,0.28603880738286797,0.14074775201135825,1000.0,6.0,115.82271159488879,0.0,296.82686284149355,150.0,1.0,13.251367345007099,0.0,22.585936850402845,4
39003,39,12,1,35,356,30,0.7574950540252625,0.5912088469537868,0.3759448079947243,1000.0,25.0,176.19306528686656,0.0,338.14419242416517,300.0,3.0,12.434837974940395,0.0,21.11206988442857,12
39005,39,10,1,12,390,16,0.7726273881233681,0.5364907835888421,0.3153744732556035,1000.0,25.0,113.80933791784081,0.0,229.4510425556268,1000.0,3.0,30.39556159354722,0.0,114.620092306867,10
39007,39,7,1,28,339,16,0.7264352167007034,0.6231903789425913,0.4098933514862718,1000.0,25.0,339.6970977081915,0.0,450.5210007713466,1000.0,5.0,85.04422482414341,0.0,237.14062692128743,7
39009,39,6,1,15,474,16,0.7194521896014433,0.38141709037231425,0.21973921600787272,2000.0,18.0,117.89013777267509,0.0,288.95961528859345,200.0,1.0,5.819111694275874,0.0,12.153905938441888,6
39011,39,13,1,11,392,23,0.78148684609425,0.583521406676323,0.3574628625324216,1000.0,35.0,201.55140943847474,0.0,360.5229121233091,1000.0,5.0,30.667192239027184,0.0,120.90141991604894,13
39013,39,10,1,22,544,19,0.6867799811142588,0.4717658168083097,0.28281397544853637,1200.0,18.0,232.94959490084986,0.0,449.2765170519318,1000.0,3.0,25.252755051935786,0.0,112.55253417508702,10
39015,39,10,1,10,389,12,0.7334401709401709,0.41875485625485626,0.21993978243978243,1000.0,18.0,183.19975602175603,0.0,365.9094344066668,1000.0,1.0,13.917403457653458,0.0,58.7346982175297,10
39017,39,16,1,86,282,33,0.7888829652908331,0.5512500350739359,0.32211902690872357,10000.0,25.0,329.5032401582536,0.0,462.604257501807,10000.0,3.0,68.75014472908892,0.0,168.82394633687446,16
39019,39,8,1,7,371,18,0.7741679085941381,0.3844510680576254,0.14446100347739693,1000.0,18.0,107.70461917536016,0.0,277.12870503734536,100.0,1.0,6.822005365126676,0.0,14.852315981147399,8
39021,39,8,1,10,370,18,0.8209823720691426,0.4028752353243197,0.1707456215414456,1000.0,10.0,155.44303086314108,0.0,337.60693111296024,300.0,3.0,13.36191431342347,0.0,22.391642265337403,8
39023,39,10,1,45,284,21,0.7582155833669761,0.4344368187323375,0.2680258377069035,5000.0,18.0,246.7086604763827,0.0,428.08780592481753,10000.0,3.0,27.374246911586596,0.0,252.17841481028094,10
39025,39,13,1,48,362,16,0.8741930751173709,0.6205619131455399,0.38251907276995306,1000.0,25.0,388.9653389084507,0.0,477.63623736357266,500.0,4.0,77.82418309859155,0.0,168.26327937411466,13
39027,39,9,1,10,414,13,0.7107932255286575,0.33872356712276336,0.1579274710554014,1000.0,12.0,139.0353589130227,0.0,325.0587402953294,1000.0,1.0,20.48431384556502,0.0,122.57285870872731,9
39029,39,14,1,25,471,19,0.7611022940412638,0.5774058577405857,0.19509450295772615,1200.0,25.0,200.1415227817054,0.0,405.0407402026009,100.0,3.0,9.408662126677246,0.0,14.068487328033811,14
39031,39,8,1,10,447,14,0.7058741777077736,0.47591031223941443,0.1445844528861299,1000.0,18.0,135.03974001667748,0.0,320.46085800263035,150.0,1.5,5.990054943018623,0.0,12.709937660767642,8
39033,39,10,1,13,362,18,0.7930194413623426,0.5109508418158136,0.3244005981957644,1000.0,25.0,122.49657600463121,0.0,277.75657671007303,940.0,3.0,7.435440831685079,0.0,18.65252938132088,10
39035,39,31,1,427,261,36,0.7573726928742671,0.6327469840077795,0.3968496962344627,1200.0,25.0,293.6997464352079,0.0,428.8714412435912,1000.0,3.0,72.03271875451316,0.0,234.54184133463144,31
39037,39,18,1,14,451,23,0.7528774542992552,0.5600735080762163,0.17044201566882677,5000.0,25.0,158.9812216268498,0.0,452.47565449431033,10000.0,3.0,64.63530654802206,0.0,685.7722082333515,18
39039,39,6,1,9,335,22,0.769052652773583,0.6487466022349744,0.488472767542535,1000.0,50.0,227.44744850498338,0.0,377.3066348638167,1000.0,10.0,27.477748213027283,0.0,68.28950493213561,6
39041,39,12,1,40,332,29,0.6705825684390805,0.445824078781878,0.2616874949824721,1000.0,18.0,235.15809371404103,0.0,408.98542660602016,1000.0,1.0,39.12353426637052,0.0,167.46917931698582,12
39043,39,11,1,19,328,19,0.7611196554906182,0.45124577053214393,0.16167333128268224,1000.0,18.0,144.73681341125805,0.0,327.8864787814884,1000.0,3.0,66.97944423254383,0.0,240.50360429992776,11
39045,39,13,1,36,437,19,0.7603287567703741,0.5335684595037158,0.30665071167653357,1000.0,25.0,281.26843053281266,0.0,434.08965979171853,1000.0,3.0,30.267635344501826,0.0,136.7956070481725,13
39047,39,6,1,7,366,14,0.780281690140845,0.5087757313109426,0.352112676056338,1000.0,25.0,359.7628281690141,0.0,472.1079934287215,35.0,2.0,13.148126543878657,0.0,16.13834556269958,6
39049,39,22,1,328,564,40,0.7113974055949488,0.5881798106905467,0.3870967741935484,2000.0,25.0,297.55350311262026,0.0,429.95673407274376,1000.0,3.0,50.61468461000699,0.0,163.44840956177111,22
39051,39,8,1,10,432,19,0.7604728328494401,0.666735794276234,0.33933015346329326,1000.0,25.0,161.18316818747408,0.0,325.94158575721445,1000.0,5.0,49.55884788469515,0.0,190.30843330039667,8
39053,39,5,1,8,445,14,0.6833952350756409,0.333816468883051,0.0653138871274572,1000.0,10.0,76.33413099012591,0.0,232.2599087612098,500.0,2.0,9.218060331551772,0.0,44.30314766516975,5
39055,39,11,1,21,151,17,0.7322086254009742,0.6610431270048711,0.392895330877985,1000.0,25.0,305.4276340738981,0.0,426.1036770837094,1000.0,4.0,68.27945633836283,0.0,210.48088610627968,11
39057,39,12,1,42,421,21,0.7167070217917676,0.5470255898969757,0.2513886910696482,5000.0,25.0,261.8456028106158,0.0,557.3223898755176,10000.0,3.0,92.67191283292978,0.0,816.7434579602109,12
39059,39,7,1,10,471,13,0.6963664259252329,0.3944167945215732,0.2266961044792875,1000.0,18.0,143.38421958612432,0.0,293.52577752860856,300.0,1.0,8.670396736893313,0.0,21.47983175597203,7
39061,39,23,1,226,349,28,0.9009944383992262,0.6146173376858904,0.3851257405392335,1000.0,25.0,374.01209043646475,0.0,468.31629664084187,500.0,3.0,87.34226961673316,0.0,177.73131219863595,23
39063,39,15,1,15,538,22,0.8153205537007165,0.5723824886521364,0.2775005939653124,1000.0,25.0,131.06104277800705,0.0,291.0484397079139,1000.0,5.0,13.042678896099837,0.0,55.377190804053676,15
39065,39,8,1,8,405,17,0.8075816993464052,0.5399813258636788,0.15338935574229692,1000.0,25.0,111.29917833800187,0.0,276.8734343338071,1000.0,5.0,21.25200179271709,0.0,98.3731405476138,8
39067,39,4,1,5,513,15,0.6921957809414944,0.3619453392912813,0.13384599397277355,1200.0,18.0,89.76618518133638,0.0,257.2317057204222,1000.0,1.0,10.53655533617375,0.0,60.46124987969749,4
39069,39,8,1,7,375,17,0.8158646974749881,0.7263379387009687,0.38970938542162936,1000.0,25.0,163.5887162140702,0.0,311.43902809161887,1000.0,5.0,27.32499634746705,0.0,118.60189379213881,8
39071,39,8,1,11,392,13,0.7151700810517583,0.35515986980662456,0.18820601187057248,1000.0,12.0,171.61218073903885,0.0,359.60795608475183,50.0,1.0,7.143643627544833,0.0,13.029401566540049,8
39073,39,7,1,7,338,9,0.7235306164243293,0.32623387261929143,0.1924022117550686,1000.0,12.0,125.84233053450747,0.0,304.26622082527496,50.0,1.0,5.310001228752816,0.0,10.557525161402127,7
39075,39,7,1,10,353,13,0.7591282019164527,0.5820129016095698,0.29272875305317214,1000.0,25.0,109.63942155696124,0.0,258.4501896572441,940.0,3.0,7.423261977829273,0.0,17.86589282604437,7
39077,39,12,1,13,360,18,0.7974671949069091,0.44669888016122017,0.2286623766230792,1000.0,18.0,119.30473813176998,0.0,282.90401599573613,500.0,2.0,9.04514860191907,0.0,39.98970307364464,12
39079,39,6,1,7,516,16,0.7495579245187692,0.37235386247663316,0.1430808871823372,2000.0,18.0,126.8910220785126,0.0,308.7212153387797,250.0,1.0,6.813319860556763,0.0,20.661944682078538,6
39081,39,7,1,22,333,19,0.7739244700908415,0.529280694738045,0.23738787636405187,1200.0,25.0,181.87076364051876,0.0,399.5379827155038,300.0,3.0,10.28668731074673,0.0,22.662435553061062,7
39083,39,9,1,14,480,17,0.5766096979332274,0.39129570747217807,0.17398648648648649,2000.0,10.0,171.21844793322734,0.0,361.93111629876563,1000.0,1.0,15.055986089030206,0.0,88.57032726739688,9
39085,39,10,1,59,201,24,0.8720344599072233,0.6914512922465209,0.3893306825712392,1000.0,25.0,326.86813571901916,0.0,446.8202183541741,1000.0,4.0,60.07032630881379,0.0,207.50706431132534,10
39087,39,8,1,18,306,15,0.7563110307414105,0.36875226039783005,0.22806509945750453,1000.0,10.0,173.82876990958408,0.0,324.471820319675,1000.0,2.0,19.873663363471973,0.0,79.96696305233071,8
39089,39,17,1,46,429,21,0.6369423147650437,0.5361699719919654,0.32246018049622316,2000.0,25.0,294.3131171527994,0.0,441.8690849064661,1000.0,3.0,64.97501406059921,0.0,215.71947081832818,17
39091,39,10,1,11,425,18,0.7915246569144926,0.4442165585884482,0.14616196652088675,1000.0,15.0,156.3236474739858,0.0,342.21439108621865,940.0,3.0,8.156150022621022,0.0,20.409426779466923,10
39093,39,21,1,79,345,29,0.7793717748324519,0.6753741729653341,0.4085176541121555,1000.0,25.0,241.94040228679097,0.0,383.5482871170884,1000.0,3.0,61.37763608333511,0.0,192.5357598129952,21
39095,39,11,1,168,305,30,0.7840215112569502,0.5646932822896727,0.34616261051864006,1000.0,25.0,269.5315028712059,0.0,419.8494157631176,1000.0,3.0,209.68425599307267,0.0,400.1636415011814,11
39097,39,8,1,12,321,20,0.7018748637453673,0.4656638325703074,0.22552866797471113,1000.0,18.0,220.62540919991278,0.0,400.23444276516966,50.0,1.5,8.631303902332679,0.0,13.680049568496653,8
39099,39,20,1,75,388,22,0.6562821618313815,0.5120024477761398,0.27965842396595364,1200.0,25.0,203.65894445217103,0.0,345.8428937281799,1000.0,3.0,33.25904670245612,0.0,125.60996506960643,20
39101,39,9,1,18,410,21,0.7625353593511403,0.42378651713520415,0.20887676170926478,1000.0,15.0,134.42321075424937,0.0,311.0774405431792,1000.0,3.0,9.081084236613513,0.0,32.04812331257159,9
39103,39,9,1,42,248,25,0.7740754885112342,0.5389854242250652,0.25975431226529183,2500.0,25.0,199.37055362484884,0.0,365.28851049212926,2500.0,3.0,51.86456406339507,0.0,204.66185257744664,9
39105,39,4,1,6,341,12,0.7925974594831362,0.3624616732369689,0.12943495400788435,2000.0,10.0,110.63888888888889,0.0,289.080334581678,300.0,2.0,9.414614980289093,0.0,21.983565166546647,4
39107,39,8,1,9,407,20,0.8348320516995216,0.5878065275655637,0.2902587480900734,1200.0,35.0,187.97941036495254,0.0,355.9656895053065,1000.0,10.0,84.56386574155249,0.0,256.8307767088324,8
39109,39,12,1,23,419,27,0.7353298669727868,0.47734485785670877,0.2590316699304477,5000.0,18.0,290.03075737727056,0.0,632.3086606195288,10000.0,2.0,175.14805793774056,0.0,1031.1544684283542,12
39111,39,2,1,4,460,14,0.6908982274447322,0.2788289185421231,0.10993825931089424,1000.0,10.0,19.898029874526987,0.0,33.5245594455859,100.0,3.0,9.170585939055966,0.0,20.481125087334966,2
39113,39,22,1,156,481,32,0.7269182167751402,0.5304020544315665,0.3210185197766213,5000.0,25.0,297.09924491487425,0.0,458.36185941310424,10000.0,3.0,84.66556185714091,0.0,368.068994660854,22
39115,39,4,1,4,389,9,0.5336111111111111,0.3086111111111111,0.13305555555555557,1000.0,10.0,134.16176444444446,0.0,323.74063704962936,35.0,1.0,5.343822222222221,0.0,11.21060492139432,4
39117,39,9,1,9,407,18,0.6088104502501389,0.3904947192884936,0.19696127478228645,1000.0,10.0,184.27540930146378,0.0,372.92063277557537,1000.0,1.0,81.61060070409486,0.0,265.4295228210507,9
39119,39,10,1,21,462,17,0.6038473639264686,0.4197492022113353,0.2733606004764259,1000.0,12.0,272.53966955818237,0.0,436.6896101173284,200.0,1.0,10.712612072452695,0.0,18.137144957523248,10
39121,39,5,1,4,488,11,0.6605521586066333,0.2608856772280897,0.1122846025569761,1000.0,9.0,70.79562720029647,0.0,216.13501418740057,200.0,1.0,4.428927552343895,0.0,14.692707715549949,5
39123,39,9,1,15,315,16,0.8014242266894147,0.5466953490097174,0.19286403085824494,1000.0,25.0,202.69190238112898,0.0,379.93607096278794,1000.0,3.0,37.96509813812032,0.0,167.96105965560199,9
39125,39,5,1,5,420,18,0.7511773940345369,0.5505625327053898,0.4193485086342229,1000.0,25.0,146.9227171637886,0.0,299.1294901598977,1000.0,3.0,27.9821336996337,0.0,92.34327713999228,5
39127,39,7,1,9,410,13,0.6638481958509488,0.43869825975813587,0.22741126732867958,1000.0,18.0,181.93365018188967,0.0,365.79314068913885,300.0,1.5,7.571001474781241,0.0,13.309136492799617,7
39129,39,7,1,16,260,13,0.7082306163021869,0.3830616302186879,0.20349900596421472,1000.0,18.0,186.2702021471173,0.0,373.00187229862445,100.0,1.0,7.343184413518887,0.0,13.259056978708408,7
39131,39,4,1,7,487,12,0.8155854753161975,0.32492860057119544,0.19388004895960834,1000.0,10.0,171.72705018359852,0.0,354.7876221819281,1000.0,3.0,27.305723378212974,0.0,75.63361981651775,4
39133,39,17,1,38,256,20,0.8642411249132984,0.6963238539630494,0.4369127939970994,1000.0,25.0,360.0959730121698,0.0,443.38895408952766,1000.0,4.0,58.62309401601615,0.0,201.99957615216886,17
39135,39,10,1,12,336,18,0.7768851651059635,0.5169048792508625,0.16702809265648103,5000.0,25.0,169.10202069985215,0.0,384.31373070797713,10000.0,3.0,24.95962089699359,0.0,366.0433343204428,10
39137,39,13,1,8,528,22,0.8477611492216935,0.623725964064306,0.27955988531800235,1000.0,25.0,79.40077155165943,0.0,169.07421514787998,500.0,5.0,29.232027079361742,0.0,97.33645146759494,13
39139,39,17,1,30,455,20,0.7090772990466965,0.5600493163954999,0.24180445168534379,1000.0,25.0,182.71070297879834,0.0,353.6198883738643,1000.0,3.0,34.583562713282404,0.0,142.63875680081208,17
39141,39,11,1,17,354,14,0.6915104847692383,0.4728558283694126,0.2492614654462686,1000.0,20.0,244.19461862559928,0.0,413.66677987228223,1000.0,2.0,10.978171533730446,0.0,30.287840635638474,11
39143,39,8,1,15,408,18,0.7640234352340624,0.48509194268809097,0.1390741922385289,1000.0,18.0,149.91679273739774,0.0,330.9899987934103,1000.0,3.0,17.807802308718603,0.0,97.01930454912423,8
39145,39,12,1,21,316,15,0.7519953952417499,0.3738296239447429,0.22877973906369917,1000.0,12.0,205.99955118956254,0.0,381.12414539492244,250.0,1.0,19.3716626247122,0.0,44.947810964417755,12
39147,39,13,1,14,368,22,0.822748210333207,0.43185307782807236,0.19655426828052402,1000.0,16.0,152.8464431992662,0.0,331.72737276661627,1000.0,4.0,49.809312728070346,0.0,199.6455077487556,13
39149,39,13,1,10,363,22,0.7593470860368355,0.5329512060286886,0.26142744915476157,1000.0,25.0,201.43943344292822,0.0,370.316814558842,1000.0,3.0,53.37403235473828,0.0,190.72591691412646,13
39151,39,20,1,90,585,25,0.7642117515290604,0.5962951168893915,0.36066059800810374,2000.0,25.0,213.5403112365349,0.0,377.0073026163884,1000.0,3.0,34.352106885987546,0.0,137.2949904877313,20
39153,39,21,1,138,324,34,0.7919532676159182,0.6338955823293173,0.3716246805403432,2500.0,25.0,320.6339799926981,0.0,467.53129363543013,2500.0,3.0,95.89386532311063,0.0,309.384491403005,21
39155,39,23,1,54,381,21,0.6913486434763031,0.5261735900033773,0.27949454013283803,1000.0,25.0,270.86928729032985,0.0,425.5716743364767,1000.0,3.0,13.047259822132162,0.0,52.728220946061775,23
39157,39,11,1,24,642,22,0.7840274340663226,0.5021211906950435,0.19923283603195927,1000.0,25.0,170.9976106908011,0.0,351.5793030194713,100.0,2.0,8.305250017676588,0.0,14.92480083457408,11
39159,39,9,1,13,437,24,0.6558409483823167,0.42483740841360007,0.18267885074503992,1000.0,12.0,160.43567564007574,0.0,348.8246106115004,1000.0,1.0,11.932600312834445,0.0,67.53617474707828,9
39161,39,7,1,9,486,20,0.8259985287117573,0.612921372625384,0.33653554892033405,1000.0,35.0,142.22352762992773,0.0,297.35793600879407,500.0,5.0,21.51936769224112,0.0,68.9463597910151,7
39163,39,3,1,3,477,9,0.6810379241516966,0.2746506986027944,0.1121756487025948,2000.0,10.0,78.10319361277445,0.0,236.4466470461391,75.0,1.0,3.9055009980039923,0.0,8.460531080222573,3
39165,39,17,1,44,348,25,0.63691363437089,0.4792634809294169,0.28654099079351164,1000.0,18.0,275.7743852696186,0.0,434.585676139138,1000.0,1.5,52.21974204296361,0.0,169.71181497721662,17
39167,39,8,1,18,497,16,0.6985829397054737,0.298916365657127,0.21733814948596833,2000.0,10.0,263.5156725757155,0.0,544.9674781639378,1000.0,1.5,14.402368657960546,0.0,33.47813516143997,8
39169,39,15,1,32,371,23,0.7372339625479432,0.6032187711513876,0.32749241683587776,1000.0,25.0,94.8482815672708,0.0,210.80557296825484,1000.0,3.0,22.159821563761252,0.0,74.66598367461542,15
39171,39,8,1,9,502,20,0.8437121573520238,0.6212983009797806,0.3391068217680085,1000.0,30.0,144.24123298227587,0.0,298.12464850145034,1000.0,4.0,14.548683277677883,0.0,50.47635937783575,8
39173,39,15,1,31,532,24,0.834136198232542,0.6397158204817189,0.31907814936752726,1000.0,50.0,184.66177598336512,0.0,346.49732435037237,1000.0,10.0,43.83980003465604,0.0,176.43606263483252,15
39175,39,8,1,6,424,19,0.8337347583922926,0.651776305885895,0.3560138491645341,1000.0,25.0,105.46261132018665,0.0,233.60637448773136,300.0,5.0,16.481125244618397,0.0,47.34210477340467,8
40001,40,12,1,5,487,13,0.8190130047134988,0.42779260605372255,0.3124538588221932,1024.0,15.0,294.69342586177527,0.0,441.0951988706425,1024.0,3.0,285.42720358907377,0.0,443.5182825166526,12
40003,40,8,1,3,918,12,0.8759676876472569,0.48625603051722205,0.3420284976999888,1024.0,18.0,241.24293077527207,0.0,403.5008962228712,1024.0,2.0,221.86132783574553,0.0,412.3050229744031,8
40005,40,14,1,4,532,10,0.636416313795409,0.4248272788054379,0.2112770225094718,1024.0,5.0,79.26294575440161,0.0,222.24989963638038,1024.0,3.0,17.53910247381324,0.0,109.67383299554068,14
40007,40,6,1,3,785,5,0.999664654594232,0.2735300693047172,0.25564498099709365,1000.0,12.0,265.3436172591102,0.0,430.56994501939226,1000.0,1.0,256.61792980102837,0.0,435.6775378031703,6
40009,40,9,1,4,1055,16,0.8065322825098514,0.5961655046983935,0.17217338587450742,5000.0,25.0,188.3399055774477,0.0,374.99297260950004,5000.0,3.0,27.627481812670506,0.0,141.3616050519071,9
40011,40,10,1,5,903,15,0.7459031154330992,0.5026112011525302,0.2344078276006963,1024.0,25.0,163.25907917642115,0.0,340.22894428724436,1024.0,2.0,143.8773845969146,0.0,346.92716790696255,10
40013,40,9,1,13,376,17,0.7500562682871933,0.6695175932177958,0.39417810788506263,1024.0,50.0,146.31896811463727,0.0,296.8911429396793,1024.0,10.0,17.320840573186285,0.0,91.14230901401915,9
40015,40,16,1,10,768,18,0.7727364796435082,0.6415563371204449,0.36004566630452794,1024.0,50.0,263.0794814664776,0.0,407.38394839209315,1024.0,10.0,102.25008138913952,0.0,226.03762650611287,16
40017,40,17,1,37,784,22,0.7480929340482106,0.5629222788893248,0.29527919445534195,1024.0,25.0,140.35228130130915,0.0,303.93444190379773,1024.0,3.0,65.54339223805995,0.0,235.88268550783997,17
40019,40,12,1,16,389,19,0.7213685514378494,0.3863278765357705,0.08493187372367848,1024.0,15.0,100.46255297780456,0.0,268.66599313844705,1024.0,1.0,8.946025911419103,0.0,40.199228757291856,12
40021,40,16,1,13,418,17,0.7085135798064487,0.44543549034473534,0.35191544396378716,1000.0,12.0,309.9030117290282,0.0,447.0834972085141,1000.0,3.0,197.21517424073497,0.0,325.2404269993554,16
40023,40,7,1,5,437,13,0.568105601141634,0.11630396004281128,0.11245094541562611,1024.0,5.0,39.47966521584017,0.0,110.178988102808,1024.0,1.5,6.885980449518374,0.0,44.81690990536792,7
40025,40,3,1,2,905,4,1.0,0.22239789196310936,0.17891963109354414,1000.0,12.0,187.46745718050065,12.0,376.35301957457415,1000.0,1.0,177.84031620553358,1.0,380.80673432411174,3
40027,40,9,1,71,393,22,0.7635334153107037,0.4853441619720324,0.29586204924361575,1024.0,18.0,276.44471514770225,0.0,433.57892064329775,1024.0,1.5,156.49177534387601,0.0,354.93276899210997,9
40029,40,8,1,2,552,9,0.5484880083420229,0.3401981230448384,0.12043795620437957,1024.0,5.0,49.40482168925965,0.768,144.1783941498474,1024.0,1.0,16.63537434827946,0.064,112.38909924972778,8
40031,40,18,1,38,529,21,0.835045925925926,0.6798814814814815,0.501677037037037,1024.0,100.0,307.12527383703707,0.0,420.54154091070785,1024.0,10.0,67.92274798222222,0.0,138.74415723115536,18
40033,40,8,1,2,831,12,0.8073959938366718,0.5982555580013207,0.5187926480299362,1024.0,100.0,397.7034964780982,0.0,457.07152098675033,1024.0,10.0,141.19197322804314,0.0,234.61778654774963,8
40035,40,8,1,5,438,18,0.787724199360298,0.6233855621685088,0.11016640349811734,1000.0,30.0,117.73247289363943,0.0,291.68040603185074,1000.0,10.0,70.84395627353334,0.0,242.82952959979846,8
40037,40,20,1,23,458,25,0.7178440076093849,0.3816360177552314,0.12246036778693722,1024.0,10.0,121.1660864933418,0.0,306.85012143437245,1024.0,1.5,24.579753760304374,0.0,136.3398112621163,20
40039,40,9,1,7,975,17,0.5302585700970069,0.37956985535264265,0.11986053094901095,1024.0,10.0,100.11643884420202,0.0,271.69007225483,1024.0,1.5,41.11251030482963,0.0,184.38426002147762,9
40041,40,13,1,13,464,19,0.7312004253999203,0.5570523330526875,0.23973058005051623,1000.0,25.0,250.88020135596224,0.0,420.3411373737715,1000.0,3.0,188.57186183365093,0.0,384.65893130107867,13
40043,40,7,1,3,535,11,0.8426339285714286,0.5167410714285714,0.21316964285714285,1024.0,25.0,123.22098214285714,0.0,289.5032796901851,1024.0,2.0,99.91462779017857,0.0,295.7735995815361,7
40045,40,6,1,2,776,8,0.9944672131147541,0.38545081967213113,0.20645491803278687,1024.0,10.0,188.28176229508196,0.0,370.6928905382085,1024.0,2.0,174.37156086065573,0.0,376.5894339058116,6
40047,40,14,1,17,1278,18,0.6754394895812122,0.6090239598180954,0.3685943120885088,1024.0,30.0,142.7959795696735,0.0,299.5608038577894,1024.0,4.0,50.32278948618747,0.0,202.3392195435675,14
40049,40,12,1,9,463,16,0.73050864597027,0.3422995247244413,0.12431320996393298,1024.0,10.0,113.34396143863552,0.0,290.2809021644306,1024.0,1.0,11.366612599858428,0.0,46.731603160240525,12
40051,40,22,1,15,819,21,0.742313944448371,0.5205597568732773,0.33325323344405966,1024.0,25.0,213.5872973072302,0.0,364.6599041070207,1024.0,3.0,100.89679342709732,0.0,258.9312127530516,22
40053,40,6,1,2,1358,9,0.7352272727272727,0.6606331168831169,0.47045454545454546,1024.0,50.0,158.57671038961038,0.0,303.91752647360954,1024.0,10.0,118.52252597402598,0.0,315.55964060036814,6
40055,40,10,1,2,658,8,0.7347312130593864,0.6192654095130875,0.2837742752603434,1024.0,25.0,118.60816718266254,0.768,276.6226796112587,1024.0,3.0,12.015628482972136,0.064,69.88132013609187,10
40057,40,5,1,1,673,7,0.6551373346897253,0.546795523906409,0.02187182095625636,1024.0,25.0,38.04323499491353,1.0,144.8829104830461,1024.0,3.0,23.88593947100712,0.064,146.48812124132178,5
40059,40,5,1,2,449,8,0.9967243799719232,0.3806738418343472,0.256902199344876,1024.0,10.0,240.89705194197472,0.0,411.81907303139803,1024.0,2.0,228.9524482919981,0.0,417.9406047188471,5
40061,40,6,1,4,400,9,0.658787153401157,0.25912627169359664,0.1450229403550768,1024.0,5.0,150.5650732096549,0.0,348.7974639960528,1024.0,3.0,74.26911430281268,0.0,254.68369300116933,6
40063,40,11,1,5,546,17,0.69837257771274,0.18016939381845595,0.025763824220655405,1024.0,5.0,35.25130149439049,0.0,156.78100185488333,1024.0,1.5,5.174624273868122,0.0,26.658413903372455,11
40065,40,6,1,8,929,15,0.7094627785468673,0.6227392488724155,0.3155003795829054,1024.0,25.0,122.49356048765239,0.0,279.34863992410726,1024.0,3.0,26.024247755995177,0.0,136.8677378349541,6
40067,40,8,1,3,480,14,0.781733746130031,0.5507933436532507,0.42463235294117646,1024.0,32.0,211.32048722910216,0.0,369.1210633297079,1024.0,5.0,103.5513191756966,0.0,254.68349242821088,8
40069,40,8,1,4,506,11,0.6548154815481548,0.3628862886288629,0.06825682568256826,1000.0,10.0,70.19619321932194,0.0,215.46324105758302,200.0,1.0,7.61471107110711,0.0,21.409873497234425,8
40071,40,10,1,11,889,16,0.7191819971632407,0.48821898088362936,0.3233058831001122,1024.0,18.0,101.25203226284479,0.0,242.84800309269028,1024.0,1.5,26.248870504054025,0.0,139.24886052813204,10
40073,40,12,1,4,1033,15,0.6347183355639372,0.4186336537291641,0.2397189439104514,1024.0,10.0,220.15858072758243,0.0,400.6693295028202,1024.0,1.0,209.75127807519164,0.0,405.57938397391763,12
40075,40,8,1,3,1075,15,0.897810392890329,0.8083438564723261,0.4686331038097734,1024.0,25.0,288.1095264825713,0.0,419.0635653341045,1024.0,4.0,80.4021948488242,0.0,170.70063993042672,8
40077,40,11,1,3,447,11,0.7087197320968572,0.24690880989180836,0.18746780010303968,1024.0,5.0,173.4057001545595,0.0,370.14222088145374,1024.0,1.5,95.21800025759917,0.0,290.12784263510883,11
40079,40,21,1,12,583,15,0.9114139693356048,0.4660704145371948,0.28652044293015333,10000.0,18.0,237.70987237365134,0.0,690.7284219871776,10000.0,3.0,193.95662251561612,0.0,684.9411737014642,21
40081,40,16,1,8,592,20,0.6914080634217762,0.30666357176016856,0.10529229011177374,1024.0,10.0,97.8892473663536,0.0,275.93205115879215,1024.0,1.0,44.427536121129876,0.0,195.87474450795372,16
40083,40,11,1,13,677,13,0.736731458505652,0.49345188861317896,0.13630410807830162,1024.0,18.0,135.16850744416874,0.0,318.708334699719,1024.0,1.5,79.36191397849463,0.0,263.5626984887466,11
40085,40,7,1,3,280,15,0.7390153520381154,0.6561672842773955,0.1111699311805188,1000.0,25.0,74.65693806246692,0.0,197.68018972819252,50.0,4.0,6.719141344626787,0.0,10.0277326877014,7
40087,40,14,1,9,423,17,0.7199702491632577,0.485459278542209,0.267348456675344,1024.0,15.0,249.4830420230569,0.0,417.9975879978113,1024.0,1.5,187.326750613611,0.0,380.33816029578304,14
40089,40,13,1,9,1053,19,0.7277762070284565,0.22901525105194007,0.2103880120411795,1024.0,5.0,53.66203243135364,0.0,103.78419267481526,1024.0,3.0,16.171680875480234,0.0,54.74458424034026,13
40091,40,10,1,8,451,14,0.671504470649216,0.1998185823506544,0.1406418729212561,1024.0,5.0,144.095596907261,0.0,342.39880014695973,1024.0,1.0,116.32175612284566,0.0,316.7438168055285,10
40093,40,13,1,3,803,11,0.865971616586062,0.5392055815428526,0.3710457464520733,1024.0,25.0,74.45515262031238,0.0,169.8401706358237,1024.0,3.0,35.573016451280424,0.0,171.71124638569034,13
40095,40,2,1,6,329,15,0.777436063450955,0.6994172871479443,0.12706377468436386,1024.0,25.0,92.96645127873099,0.0,239.0705559176708,1024.0,3.0,8.469822596309484,0.0,28.10905124558198,2
40097,40,12,1,10,474,22,0.7885952712100139,0.6128461246680996,0.18962574282463016,1024.0,30.0,173.2296198002276,0.0,349.0045811844355,1024.0,10.0,113.02321696801113,0.0,303.78205462996584,12
40099,40,6,1,5,457,13,0.7469348659003832,0.39233716475095787,0.13898467432950193,1024.0,15.0,156.48769348659005,0.0,339.0220911020669,1024.0,1.0,8.647220689655173,0.0,24.0891334351415,6
40101,40,13,1,20,772,19,0.708580048179751,0.3076975032082311,0.22369813359749646,10000.0,5.0,250.92005241236464,0.0,721.7855807055054,10000.0,3.0,170.14404944052953,0.0,688.5275248572483,13
40103,40,11,1,4,896,14,0.734299649276633,0.5653496273564226,0.2769892590968873,1024.0,25.0,54.303802279701884,0.0,121.497030398545,1024.0,4.0,13.967694898071022,0.0,97.45718146837952,11
40105,40,5,1,4,527,18,0.7342901474010861,0.6643716058960435,0.15215283165244375,1000.0,30.0,103.69924437548487,0.0,221.0709504343976,1000.0,10.0,11.210572924747867,0.0,22.499805522700026,5
40107,40,8,1,4,525,14,0.6936341088933506,0.11816463918743357,0.06483996693043581,1024.0,5.0,53.0470686193457,0.0,191.5906476942881,1024.0,1.0,35.24377819770875,0.0,176.1079501527577,8
40109,40,19,1,266,427,31,0.7691630906631031,0.4943102117381452,0.26500883971480504,1024.0,18.0,249.65273157977737,0.0,417.3858693949022,1024.0,2.0,87.43634651682036,0.0,268.28278303697033,19
40111,40,16,1,11,570,18,0.7404757600020663,0.2503551411524653,0.1559779941627709,1024.0,6.0,149.57720567192706,0.0,345.22279903754895,1024.0,1.5,65.76050954361133,0.0,235.20795558596268,16
40113,40,21,1,13,1070,22,0.5644125708707243,0.4640295873540345,0.11373108549543799,1024.0,15.0,54.427761123418314,0.0,163.60064627299099,1024.0,3.0,23.522527841399768,0.0,126.01430296305763,21
40115,40,8,1,9,582,20,0.7985039591875058,0.6895871803699415,0.23198021971143312,1000.0,30.0,154.78450251948294,0.0,323.02238631095145,1000.0,10.0,69.26840211573973,0.0,234.47384866279273,8
40117,40,10,1,5,599,12,0.7059343573875566,0.6210631008951265,0.0769698309205437,1024.0,30.0,39.70811227759973,0.0,120.21055166735472,1024.0,3.0,16.046156260360263,0.0,112.83227259060799,10
40119,40,12,1,23,526,22,0.7651160449076172,0.47676584604541106,0.16898253033277955,1024.0,18.0,136.4263277450536,0.0,318.1393865774585,1024.0,1.5,38.57414987665509,0.0,175.890364575205,12
40121,40,16,1,14,652,20,0.6232526087812561,0.19488088206339832,0.13565662531994488,10000.0,5.0,119.58831612522151,0.0,321.12493888322075,10000.0,1.5,16.56623043906281,0.0,124.96755571324088,16
40123,40,10,1,11,463,17,0.6831310733957279,0.4791545385338767,0.13479020196139896,5000.0,18.0,115.83026375890019,0.0,296.57696627287424,5000.0,3.0,10.273354708700909,0.0,74.40033299861234,10
40125,40,20,1,20,407,19,0.7522552945149308,0.3413816392493608,0.20109508418158137,1024.0,10.0,202.37335732548604,0.0,389.2452575762769,1024.0,1.5,95.01406695933234,0.0,281.1068732893309,20
40127,40,11,1,4,783,11,0.6266325727773406,0.17564909520062943,0.1734461054287962,1024.0,5.0,122.90209850511408,0.0,307.3656554951113,1024.0,1.0,108.68354413847364,0.0,308.29468065153793,11
40129,40,8,1,1,891,8,0.9292307692307692,0.2196923076923077,0.04553846153846154,1024.0,10.0,37.48153846153846,0.0,139.25538123297434,1024.0,2.0,25.09014646153846,0.0,141.03168935738688,8
40131,40,12,1,28,250,23,0.8110255370895825,0.6833130658019186,0.10382380759356843,1024.0,30.0,109.20716973381975,0.0,269.95964581348994,1024.0,10.0,45.18552011890285,0.0,184.1624500835816,12
40133,40,11,1,9,440,19,0.774858301114823,0.2503284411245824,0.05217521864794865,1024.0,5.0,63.65719650163282,0.0,218.82998402839496,1024.0,1.5,9.005657895724635,0.0,42.58701272453419,11
40135,40,13,1,12,480,18,0.9304153566109549,0.5206850901869932,0.29894092338242595,1024.0,25.0,249.53469634287603,0.0,404.807702302426,1024.0,3.0,148.1124348833361,0.0,341.63791134619316,13
40137,40,15,1,11,915,17,0.6531511302153504,0.5107461345993456,0.22065396377322982,1024.0,25.0,179.3124425910481,0.0,359.7408146732117,1024.0,3.0,106.33636966703021,0.0,298.3314405477782,15
40139,40,11,1,6,1713,10,0.9993265426382693,0.3912787271655863,0.32288071386480344,1024.0,12.0,298.1927350787103,0.0,438.8813976366326,1024.0,1.0,283.0380082498527,0.0,446.1988943582654,11
40141,40,8,1,5,950,13,0.6788474552124515,0.621184599494248,0.204509028742387,1024.0,25.0,101.32004843822345,1.0,258.48148941300843,1024.0,3.0,55.74893325497738,0.064,220.85486029573778,8
40143,40,14,1,208,407,38,0.7953239418119725,0.6906161407195788,0.23708665812891996,1024.0,30.0,217.96775411289528,0.0,385.67199919427003,1024.0,10.0,67.77768933547871,0.0,227.83407127494488,14
40145,40,13,1,25,461,20,0.7267959313413859,0.5031389065479974,0.23931182453909727,1000.0,25.0,202.73640098537825,0.0,379.5508195292037,1000.0,3.0,78.18412937062938,0.0,209.4692135882698,13
40147,40,8,1,14,512,20,0.6894081788163576,0.44018288036576075,0.11719583439166878,1024.0,15.0,116.14468661417322,0.0,291.8928554178612,1024.0,3.0,19.198592633985267,0.0,98.02041466002912,8
40149,40,11,1,4,898,17,0.574847775175644,0.47587822014051523,0.11348946135831382,1024.0,18.0,80.20361854800937,0.0,229.3837923027397,1024.0,1.5,20.17247325526932,0.0,91.7861480963134,11
40151,40,5,1,4,675,13,0.9889217839747875,0.49030656097793907,0.3419921688472925,1024.0,18.0,163.1656533282399,0.0,327.4607354410462,1024.0,3.0,66.56310323751313,0.0,234.66356150872386,5
40153,40,10,1,5,830,11,0.9825350857652039,0.5635108041880151,0.3393183337046113,1024.0,30.0,129.24959037647582,0.0,277.721598960411,1024.0,3.0,94.75822601915793,0.0,285.7040882350091,10
41001,41,5,1,6,1008,13,0.5245998814463545,0.301634346684732,0.12414260309933102,1000.0,10.0,113.89232788551105,0.0,288.9335518392837,1000.0,0.768,38.72819002455754,0.0,164.92199249653012,5
41003,41,7,1,22,414,19,0.9535260254257616,0.8887023266970496,0.5383185416166947,1200.0,100.0,247.38420484528663,0.0,367.0055174776583,1000.0,25.0,36.47496545934277,0.0,73.1606122569815,7
41005,41,18,1,87,549,36,0.947001050095744,0.8245516502975271,0.3070397595074845,3000.0,50.0,312.6767407498919,0.0,466.2706239772946,3000.0,25.0,146.47707570984414,0.0,322.786163334436,18
41007,41,6,1,12,427,12,0.8405361050328227,0.6312910284463895,0.324808533916849,1000.0,25.0,334.1085010940919,0.0,456.4196483232357,50.0,3.0,13.558530087527352,0.0,16.251456668145135,6
41009,41,5,1,11,409,15,0.9231586060430543,0.5226373202046529,0.24133603629693987,1200.0,25.0,260.1716451394922,0.0,450.3328319273096,1000.0,5.0,54.02996717829907,0.0,193.49833485458464,5
41011,41,7,1,22,1041,18,0.7169783428191293,0.6287604405351467,0.25785349988912704,1000.0,40.0,267.67673146574026,0.0,423.52457389383096,1000.0,10.0,139.11749841082118,0.0,334.722272161336,7
41013,41,1,1,7,869,15,0.7557251908396947,0.5435461485079806,0.1315058986814712,1000.0,25.0,93.17748091603053,0.0,246.8303387129481,1000.0,6.0,12.354479181124217,0.0,34.23529328960262,1
41015,41,3,1,7,647,11,0.5361216730038023,0.388833299979988,0.29037422453472084,1000.0,12.0,274.152891735041,0.0,433.756369761632,1000.0,1.0,13.574547928757255,0.0,50.07899004989907,3
41017,41,4,1,45,1096,21,0.7173888857985203,0.5462257328809034,0.17658674973577348,1000.0,25.0,155.79769983868277,0.0,332.61219509860257,1000.0,6.0,34.20649396451021,0.0,161.79143240908897,4
41019,41,17,1,29,1629,20,0.579167159788324,0.45378463827413057,0.3097705716266252,1000.0,18.0,304.97321115187583,0.0,449.4419578666842,1000.0,1.0,207.78710707220992,0.0,398.94694238515183,17
41021,41,3,1,1,471,8,0.3572327044025157,0.2641509433962264,0.10943396226415095,500.0,2.0,61.5,0.0,154.04491685672713,250.0,0.064,28.205001257861635,0.0,77.78480969824605,3
41023,41,5,1,3,684,6,0.3253815120154359,0.20101736537449572,0.1764602701280477,500.0,2.0,92.1737246097176,0.0,188.94070045674138,250.0,0.064,44.85912366251535,0.0,95.00905356945631,5
41025,41,10,1,3,1051,9,0.23119705655856934,0.19500299478052538,0.06494395482159665,1000.0,2.0,70.36975271669377,0.0,243.56248466130484,100.0,0.064,2.9964774535809022,0.0,8.991476927341495,10
41027,41,1,1,6,307,14,0.6798406862745098,0.4849877450980392,0.23835784313725492,2000.0,20.0,182.8308112745098,0.0,388.6309934323362,2000.0,1.5,72.31295955882354,0.0,281.59855538153823,1
41029,41,10,1,52,1184,19,0.6933645379085077,0.632414594312461,0.24223393329180207,1000.0,40.0,145.84211102318454,0.0,309.98143423721666,1000.0,10.0,15.737303958378934,0.0,72.35410781775548,10
41031,41,5,1,8,595,15,0.643326967960959,0.518636395784709,0.06860456892283755,1000.0,25.0,77.45271942853101,0.0,225.90900865433073,1000.0,4.0,8.331056651814132,0.0,42.88343726886924,5
41033,41,2,1,22,426,18,0.6764577893820714,0.5790542500725269,0.17268639396576732,1000.0,25.0,175.21177835799244,0.0,355.53584754878233,1000.0,3.0,12.495485494633014,0.0,61.10735474471587,2
41035,41,2,1,22,2293,17,0.5774109543010753,0.519489247311828,0.2883904569892473,1000.0,25.0,129.53905628360215,0.0,296.04707056141984,1000.0,3.0,15.86134677419355,0.0,88.71213174571051,2
41037,41,5,1,2,1749,10,0.29813713212273013,0.22025673137132123,0.08876017532874139,1000.0,2.0,39.21295021916092,0.0,160.54354478029697,300.0,0.064,4.007405760801503,0.0,12.401456161102068,5
41039,41,20,1,93,666,27,0.9082089552238806,0.8159914712153518,0.43551629607066705,10000.0,40.0,299.30619524824857,0.0,784.6379872277372,10000.0,15.0,84.86444706061529,0.0,695.3348451064661,20
41041,41,1,1,19,428,15,0.9271891166890209,0.7443954780609312,0.3186434182793639,1200.0,50.0,297.56639202912436,0.0,432.97837756619504,100.0,20.0,21.510779842881778,0.0,20.884074583080086,1
41043,41,11,1,28,710,22,0.9467773921665841,0.840233019335647,0.5143777887952404,1200.0,100.0,254.7447113534953,0.0,363.0937287257644,1000.0,25.0,79.17175924640556,0.0,210.3727603742926,11
41045,41,12,1,7,1150,20,0.6227469879518073,0.3639839357429719,0.09644979919678714,1000.0,10.0,76.81502085140563,0.0,226.04954958134192,1000.0,1.0,11.479751389558233,0.0,36.92907422660072,12
41047,41,12,1,65,565,29,0.952293992507107,0.8664081179283468,0.4642769734736525,3000.0,50.0,239.6093956360487,0.0,362.3002315797906,3000.0,20.0,86.43715190993467,0.0,235.3052054874322,12
41049,41,2,1,3,630,12,0.5131128848346637,0.18244013683010263,0.05222348916761688,2000.0,8.0,33.64379110604333,0.0,166.07170616384863,2000.0,1.0,25.635433523375145,0.0,166.74138683553562,2
41051,41,13,1,197,568,35,0.9072466514288421,0.6868390198841767,0.356387451296202,3000.0,25.0,387.9746831203591,0.0,507.36497624136996,3000.0,10.0,159.49714882933242,0.0,335.85049208709046,13
41053,41,9,1,16,644,17,0.95950365525202,0.8912722842118763,0.4439848659740926,1200.0,50.0,209.96378478902142,0.0,335.3438524740677,1000.0,25.0,82.9059925612415,0.0,227.1324255138864,9
41055,41,1,1,1,341,9,0.4645776566757493,0.39373297002724794,0.11307901907356949,100.0,2.0,23.26226158038147,0.0,31.70964719610101,100.0,0.064,4.020760217983651,0.0,13.334596234063834,1
41057,41,4,1,11,482,12,0.9401662049861496,0.7754847645429362,0.32022160664819943,1000.0,50.0,339.54991357340725,0.0,450.5785976196923,50.0,35.0,25.680237673130193,0.0,20.360117791009852,4
41059,41,10,1,18,1046,20,0.6428890230775289,0.5130877681220299,0.17180813358187402,1000.0,25.0,185.65142356060804,0.0,368.7808988884584,1000.0,3.0,94.364697209168,0.0,273.0644583893778,10
41061,41,8,1,8,1007,13,0.5656358986282259,0.4847709834922111,0.1794001395024413,1000.0,18.0,187.13094740757964,0.0,369.36166876759563,1000.0,1.0,94.19289202511044,0.0,280.7643134062913,8
41063,41,4,1,3,750,8,0.5163846648104519,0.4173270507603341,0.20250588991218677,1000.0,6.0,108.1232597986721,0.0,256.5775686699084,1000.0,1.0,77.65728539301777,0.0,257.23677925786063,4
41065,41,6,1,8,988,17,0.39416598192276087,0.26622843056696793,0.13393590797041907,1000.0,2.0,100.65098603122432,0.0,268.2041426648536,1000.0,0.064,15.511082169268693,0.0,51.81241528855178,6
41067,41,12,1,134,357,29,0.9435890183322432,0.781904644050418,0.2909293404281648,5000.0,40.0,393.6277069669595,0.0,735.8925191475871,5000.0,20.0,205.58720455389187,0.0,657.5421108684181,12
41069,41,5,1,1,341,7,0.18181818181818182,0.16590909090909092,0.12954545454545455,200.0,2.0,15.800109090909089,0.0,33.79919990209452,200.0,0.064,2.148127272727273,0.0,11.056096916991528,5
41071,41,9,1,19,535,19,0.9651650144309198,0.763483498556908,0.21975153720667587,1200.0,25.0,179.09104479859454,0.0,360.6559367183799,1000.0,20.0,74.483979671226,0.0,213.8151206607308,9
42001,42,6,1,27,466,14,0.87953477624586,0.6295155202957714,0.3280443657090041,1200.0,25.0,405.441962566433,0.0,553.811040362108,940.0,3.0,14.253832088115228,0.0,37.65103623277151,6
42003,42,46,1,394,438,36,0.8439392868085508,0.7239152466473403,0.5042070282118363,10000.0,150.0,524.1793736359566,0.0,831.6157905123692,10000.0,20.0,198.4822014188409,0.0,730.6501334661076,46
42005,42,8,1,19,465,13,0.9220839958843887,0.8426714058553924,0.6072397343560004,10000.0,1000.0,1967.0920400336731,0.0,3454.8537202382986,10000.0,35.0,1655.6275420447107,0.0,3562.3237698055855,8
42007,42,15,1,53,328,18,0.763975527831094,0.5908709213051824,0.36576295585412666,1200.0,25.0,408.13409476967365,0.0,537.3374606074179,1000.0,3.0,82.09972732725528,0.0,254.35091042398776,15
42009,42,6,1,12,601,12,0.616246727748691,0.36788285340314136,0.18480039267015708,3000.0,10.0,208.58898920157068,0.0,431.7537056344805,3000.0,1.0,11.926539594240836,0.0,56.52182410093494,6
42011,42,19,1,107,400,28,0.7623789202736572,0.6119578224841383,0.40536024746551064,1200.0,25.0,414.8328926821559,0.0,522.5603659970698,1000.0,3.0,40.254093883357044,0.0,140.31250683888635,19
42013,42,8,1,38,387,19,0.5977917981072555,0.42080704521556256,0.31552313354363826,10000.0,10.0,677.2177407991587,0.0,1930.9944935277733,10000.0,1.0,406.249700446898,0.0,1932.2707400680206,8
42015,42,7,1,15,537,16,0.7783290335384004,0.353046239333201,0.2339253820202421,1200.0,12.0,189.5379787656281,0.0,370.87981058041817,1000.0,1.0,12.725155586425878,0.0,39.26726358082114,7
42017,42,15,1,147,350,27,0.824013829954424,0.7460631777463461,0.5350620776363351,10000.0,940.0,557.3139338048092,0.0,538.1265742835524,10000.0,35.0,216.9885917963225,0.0,368.02834794077575,15
42019,42,9,1,47,384,22,0.7113027689514299,0.5692237857467091,0.320825137438846,10000.0,25.0,236.06276108337116,0.0,533.9535860494873,10000.0,3.0,82.39535562616634,0.0,479.43508530534086,9
42021,42,14,1,42,443,16,0.6531766514743836,0.45450551864257865,0.32820822579759484,1200.0,15.0,360.503524243589,0.0,511.72162783099793,880.0,1.0,17.198044478611827,0.0,28.288579971562203,14
42023,42,1,1,2,239,6,0.9527027027027027,0.8952702702702703,0.6773648648648649,1000.0,1000.0,590.4222972972973,0.0,472.5859762523451,1000.0,25.0,240.83972972972973,0.0,399.0167353576541,1
42025,42,6,1,17,369,13,0.5390021777865769,0.42150069293209264,0.28796277964759454,1000.0,7.0,291.47513759651554,0.0,449.39757831586724,1000.0,0.768,30.08934151653138,0.0,130.71042133295975,6
42027,42,7,1,41,388,21,0.8204281966658205,0.6533807226876533,0.42472708809342474,3000.0,25.0,380.0309587881865,0.0,518.5786663263849,3000.0,3.0,66.00553101463993,0.0,208.75013384309233,7
42029,42,14,1,124,363,27,0.8045706962836394,0.7015876406094261,0.533461483696426,10000.0,500.0,544.0674594902464,0.0,537.5586856731259,10000.0,35.0,196.38072419194077,0.0,358.31907140284176,14
42031,42,8,1,13,488,15,0.7525797651524138,0.600403273633021,0.44146601826592335,10000.0,25.0,647.5814256909026,0.0,1814.6728239355323,10000.0,20.0,395.2765996916143,0.0,1812.7598385458684,8
42033,42,9,1,20,580,16,0.7802454199792603,0.5366401659177324,0.34955063947459386,1200.0,25.0,367.3363339094366,0.0,512.9037758959988,1000.0,3.0,18.032454545454545,0.0,40.93824510992647,9
42035,42,3,1,10,668,13,0.9286225829553593,0.6311768918596323,0.4497493435187396,1200.0,25.0,366.4684974934352,0.0,467.4404570088279,500.0,4.0,114.62232680830748,0.0,200.0238112301787,3
42037,42,8,1,16,703,16,0.7534444931987714,0.622729267222466,0.5293111013602457,1200.0,100.0,288.1161921895568,0.0,419.84563489635156,1000.0,20.0,20.57663466432646,0.0,34.75018867670862,8
42039,42,7,1,23,556,16,0.6887932336505059,0.6180335296782963,0.4632985953783416,1000.0,25.0,325.8038824950914,0.0,405.4091089801573,1000.0,4.0,114.49315632079745,0.0,291.2272978442686,7
42041,42,9,1,55,382,23,0.907464070468243,0.8114974501622624,0.3450162262401483,2000.0,25.0,383.1683480760315,0.0,527.7259244744039,2000.0,5.0,111.74823541956421,0.0,302.1040586429696,9
42043,42,12,1,67,405,31,0.8891237586248155,0.7126789773860328,0.5205599649024848,1200.0,150.0,466.90308730506916,0.0,539.5616871795837,880.0,35.0,98.32844765285367,0.0,234.75996815906728,12
42045,42,17,1,152,347,19,0.8677357891394093,0.8024452207049857,0.6376627500793903,1200.0,940.0,631.6909188948872,0.0,502.43844748115015,1000.0,20.0,212.77712492854874,0.0,362.09466368608696,17
42047,42,6,1,9,416,11,0.8944487881157154,0.7912431587177482,0.5166145426114152,1200.0,100.0,428.19008991399534,0.0,501.1502377327394,1000.0,25.0,131.08964503518374,0.0,292.55151404460145,6
42049,42,13,1,73,406,18,0.7793756366468931,0.5913475942237402,0.38180837677512136,1000.0,25.0,374.2431242135538,0.0,469.990809064215,1000.0,3.0,56.053184253100845,0.0,199.15983786593154,13
42051,42,8,1,36,429,23,0.6280247608328644,0.44369411617582694,0.32282873757268804,10000.0,15.0,415.78357956606015,0.0,1238.046043760743,10000.0,1.0,180.01830100669042,0.0,1201.9263618746188,8
42053,42,1,1,2,270,8,0.6948480845442536,0.4346103038309115,0.23778071334214002,1000.0,12.0,118.48216644649933,0.0,206.17831449191945,1000.0,1.0,13.542678996036988,0.0,52.295934844073706,1
42055,42,6,1,33,427,18,0.699558764540714,0.509265944645006,0.2465302847974328,1200.0,25.0,303.5175505816286,0.0,506.05685669448576,1000.0,1.5,11.467687605294826,0.0,36.54498841290182,6
42057,42,3,1,3,356,9,0.7719531077195311,0.37690776376907764,0.11678832116788321,1200.0,18.0,110.57907542579075,0.0,307.6605076024086,880.0,1.0,5.138928113249281,0.0,17.37582075918224,3
42059,42,5,1,10,765,12,0.813179571663921,0.685337726523888,0.48797364085667216,1200.0,50.0,408.2537891268534,0.0,491.87439433616254,1000.0,35.0,188.21336540362438,0.0,352.76671830387903,5
42061,42,6,1,13,402,15,0.7733403861412325,0.5539539804284581,0.3049457815392753,1200.0,25.0,277.30584078286165,0.0,465.1873656047043,200.0,3.0,13.574000793440888,0.0,22.629663513448754,6
42063,42,11,1,24,521,13,0.8653663177925784,0.6431018078020933,0.418744053282588,10000.0,25.0,1765.2635314938152,0.0,3409.7927529449635,10000.0,4.0,1449.6569743101809,0.0,3501.3901139284308,11
42065,42,5,1,13,457,11,0.8405619203491544,0.6448445171849427,0.42416803055100927,1200.0,25.0,403.4294369885434,0.0,532.7461460672689,1000.0,10.0,55.40185051827605,0.0,172.44871963947637,5
42067,42,2,1,6,327,9,0.9559337840988575,0.8008859874096526,0.5455817206808113,1200.0,100.0,176.6878060153882,0.0,309.4864573735558,35.0,10.0,10.117397062252275,0.0,8.520881971268246,2
42069,42,12,1,60,442,25,0.9218416579261456,0.7088863973380592,0.38399218778255995,3000.0,50.0,266.75838706644004,0.0,449.88968832677915,3000.0,15.0,19.75880675612138,0.0,54.34298951010645,12
42071,42,18,1,116,420,25,0.7795788878990026,0.5569413963190717,0.3127050694248278,1200.0,25.0,345.80013480802245,0.0,510.86456787156624,1000.0,3.0,49.11449777275592,0.0,185.62565040122934,18
42073,42,9,1,28,353,15,0.6936364377087917,0.5360547543387925,0.3004155463211929,1200.0,25.0,301.24954713598953,0.0,479.50509282829285,1000.0,3.0,13.0526562372688,0.0,46.41604018040069,9
42075,42,6,1,33,464,14,0.8802630377203398,0.7236277285596858,0.5395926568636406,1200.0,150.0,558.9494507260937,0.0,563.1148475378517,1000.0,35.0,103.16134441501508,0.0,247.82762483555098,6
42077,42,10,1,81,526,26,0.6759822596235856,0.612355717291181,0.5197589128333429,1200.0,100.0,345.02728020697106,0.0,422.79627272480826,1000.0,20.0,66.47171382270996,0.0,188.108845104704,10
42079,42,12,1,101,469,22,0.7090686524533306,0.47197286544935224,0.35711006834642456,3000.0,18.0,330.05652381923903,0.0,479.3819099809737,3000.0,1.0,19.5700238702438,0.0,69.38205402073959,12
42081,42,11,1,32,637,19,0.9166058584384447,0.6259772750964244,0.4871781507349109,1200.0,25.0,369.5351568852288,0.0,458.14515321034446,1000.0,5.0,133.13757468987802,0.0,230.25766815088696,11
42083,42,6,1,12,423,22,0.8071263529125623,0.6237382950261462,0.44022862702176824,1200.0,25.0,305.9027663869634,0.0,463.1085721851001,1000.0,4.0,27.65431399732458,0.0,114.73612007848386,6
42085,42,14,1,35,457,20,0.678490009387153,0.49906128469894057,0.31607885208528896,1200.0,20.0,250.98084779401904,0.0,387.826831648006,1000.0,3.0,40.06347311251174,0.0,148.69742821511736,14
42087,42,2,1,13,288,16,0.9184049079754601,0.7797546012269939,0.6473926380368098,1200.0,100.0,288.41093251533744,0.0,436.5904884146264,59.0,10.0,14.604625766871166,0.0,13.373188324001328,2
42089,42,4,1,51,328,18,0.5331189401939138,0.3498608044542575,0.21004127867908226,1200.0,5.0,211.30996467313045,0.0,400.8243156946082,880.0,0.768,9.10733570125756,0.0,18.24142577684396,4
42091,42,23,1,219,326,31,0.8306840324069327,0.7460773254025228,0.5458927289508768,3000.0,940.0,564.190199056507,0.0,539.6251836851116,3000.0,35.0,214.32194913342224,0.0,360.59950247324565,23
42093,42,2,1,4,505,17,0.8049177899570434,0.7268552806991557,0.6261294623018812,1200.0,100.0,320.4885996148719,0.0,414.13404637490106,880.0,20.0,67.0365883572804,0.0,149.03033754864066,2
42095,42,10,1,74,372,25,0.6644408282363504,0.5489029796307727,0.4294558853786731,1000.0,25.0,314.09084555674013,0.0,417.56356838129295,880.0,3.0,17.747205132521557,0.0,37.1970840737381,10
42097,42,8,1,25,577,18,0.7568962281854006,0.6710764996559705,0.5962969913054357,1200.0,100.0,385.8619509601551,0.0,455.9692412163358,1000.0,20.0,39.688744604991555,0.0,91.02648316864386,8
42099,42,5,1,10,507,13,0.792249889494622,0.583321054958008,0.2594666273758656,1200.0,25.0,228.41226226609695,0.0,420.4081991868106,940.0,3.0,10.251268601738618,0.0,26.109693678066634,5
42101,42,1,1,408,302,34,0.8412457887690701,0.6886116546275727,0.5301811013196416,10000.0,150.0,474.0488258573257,0.0,522.2757306317435,10000.0,35.0,167.55541606226,0.0,329.7543005677152,1
42103,42,3,1,25,355,15,0.5017554125219427,0.376145894285157,0.24897600936220013,1000.0,5.0,245.45385254534816,0.0,422.52506799576093,1000.0,0.768,13.664409596255119,0.0,42.39667542947811,3
42105,42,7,1,7,392,14,0.8557508597630875,0.5405043943446695,0.45834925487199085,1200.0,25.0,425.76691555215893,0.0,484.6655533712831,1000.0,3.0,184.39497439816583,0.0,377.60553340034,7
42107,42,14,1,42,450,19,0.7348945529822746,0.5146202613533446,0.39164186828826497,1200.0,25.0,388.05981550006464,0.0,497.9626602934177,1000.0,3.0,20.192479234053565,0.0,54.89171414649631,14
42109,42,2,1,8,577,16,0.7761606634685747,0.6994064558094154,0.6340352874217416,1200.0,100.0,299.5569965037808,0.0,415.7915362849987,1000.0,20.0,25.025703553134402,0.0,71.34543208979106,2
42111,42,11,1,24,444,22,0.7194196725675496,0.5153733528550513,0.3875948356182617,1200.0,25.0,419.27093038732863,0.0,541.1563385416182,1000.0,3.0,18.89655583654998,0.0,62.991827834232616,11
42113,42,1,1,4,279,14,0.846042471042471,0.3552123552123552,0.25386100386100385,1200.0,18.0,151.66554054054055,0.0,338.9420621532024,500.0,1.0,7.246544401544401,0.0,19.32899336986741,1
42115,42,6,1,12,495,17,0.947888096544158,0.470835618943134,0.3271164746754434,1200.0,18.0,228.20908758456756,0.0,388.4291924218967,880.0,1.0,81.52615322728104,0.0,179.015332082267,6
42117,42,5,1,10,479,18,0.7611291408976792,0.48288531014634745,0.39875084195701427,1000.0,18.0,190.41467148368133,0.0,341.4461755157386,1000.0,1.0,43.98765758373645,0.0,138.36093013770608,5
42119,42,4,1,11,399,17,0.7944647071443897,0.7563469927769434,0.6581563326896946,1200.0,100.0,342.51609096760353,0.0,415.20954260093777,1000.0,20.0,104.03340885360795,0.0,223.03867523172985,4
42121,42,8,1,17,418,13,0.7119083969465649,0.5781679389312977,0.36,1200.0,25.0,309.38458198473285,0.0,444.4203321664342,1000.0,3.0,26.332298015267174,0.0,98.24559786733471,8
42123,42,3,1,13,387,15,0.7289222587204756,0.5901767558266854,0.3300484905365243,1000.0,25.0,143.0138351321758,0.0,293.6804751256388,1000.0,3.0,18.322181135617083,0.0,36.79710978689344,3
42125,42,15,1,62,446,22,0.819828273823488,0.6698259278374701,0.3510533477220476,1200.0,25.0,342.0249320133252,0.0,482.1132101394628,1000.0,3.0,66.26317289916952,0.0,197.36054639247828,15
42127,42,6,1,17,476,21,0.7342790888009821,0.5481516846269268,0.2888419042422589,1200.0,25.0,202.3942943663893,0.0,368.86383913836335,1000.0,3.0,46.65257754740144,0.0,129.1811928368963,6
42129,42,19,1,113,518,24,0.8123156926784412,0.6343659828138377,0.3954719852871231,10000.0,25.0,475.93512623267907,0.0,920.9014371126398,10000.0,3.0,120.23926346830707,0.0,800.0356119406576,19
42131,42,6,1,7,270,12,0.7158781594296825,0.32624756966947505,0.20246273493195074,1200.0,12.0,181.87841866493844,0.0,379.9953314187086,880.0,1.0,8.44661360985094,0.0,31.386668402140785,6
42133,42,16,1,108,410,26,0.8100787978742899,0.5927799157045996,0.4003665017408833,2000.0,25.0,463.5230346344145,0.0,570.9158984490775,2000.0,3.0,45.33680652373099,0.0,211.61877288786283,16
44001,44,2,1,11,179,7,0.9590570719602978,0.7366625310173698,0.6445409429280397,1200.0,1000.0,645.3573200992556,0.0,471.8079965009977,940.0,35.0,60.92870719602978,0.0,174.91952976318362,2
44003,44,5,1,39,324,13,0.90625,0.8116732804232805,0.6487268518518519,1000.0,940.0,635.2339203042328,0.0,458.05140255318764,940.0,35.0,281.14513227513226,0.0,397.1196731368166,5
44005,44,6,1,23,365,10,0.9348107408605629,0.648172112584924,0.40973794888385634,1000.0,25.0,418.24741766418634,0.0,484.78808062649944,35.0,3.0,15.367831769653835,0.0,16.384004605616116,6
44007,44,17,1,145,443,21,0.8788611630207761,0.7433219742772342,0.5947894910410025,1200.0,940.0,549.537144113444,0.0,467.13790421301104,940.0,35.0,233.22411168517095,0.0,373.60441517799404,17
44009,44,7,1,29,424,9,0.9521781219748305,0.8446272991287512,0.707647628267183,1000.0,940.0,692.8197850919652,0.0,436.8925171797296,940.0,35.0,291.96374288480155,0.0,399.6724662476244,7
45001,45,2,1,7,326,12,0.9275405007363771,0.717820324005891,0.4780559646539028,1200.0,45.0,473.2352412371134,0.0,487.5812278008331,1000.0,4.0,307.3704265095729,0.0,452.62908349488384,2
45003,45,1,1,43,564,24,0.7166850220264317,0.5274642070484582,0.34257984581497797,10000.0,25.0,345.47465914096915,0.0,489.8171077281769,10000.0,3.0,186.4871952092511,0.0,338.52725659311614,1
45005,45,1,1,3,404,9,0.8017408123791102,0.4647001934235977,0.20841392649903287,1000.0,18.0,201.54924564796906,0.0,382.0115661576891,1000.0,1.5,27.83457059961315,0.0,127.5504511300254,1
45007,45,5,1,51,337,19,0.9041982387876305,0.7272168748720049,0.3765717796436617,10000.0,25.0,329.20731812410406,0.0,453.6851618583422,10000.0,4.0,45.97667925455663,0.0,183.867867351259,5
45009,45,2,1,6,279,8,0.7850218128938439,0.5269025690741639,0.19340765874939408,1000.0,25.0,189.37557634512845,0.0,373.5207925732231,1000.0,2.0,39.71763742123122,0.0,168.8452010594474,2
45011,45,3,1,8,305,11,0.7624746823789358,0.6006260357208617,0.28061130546860613,1000.0,25.0,248.54426367151535,0.0,415.07826410905426,1000.0,4.0,41.06332756398454,0.0,159.5806275860124,3
45013,45,3,1,43,439,14,0.8641497913910654,0.7342016892235678,0.44438791085784063,1200.0,40.0,461.3669990841559,0.0,498.7973137399188,1000.0,4.0,44.19858919303959,0.0,152.28455370136433,3
45015,45,1,1,48,455,20,0.9393772692265375,0.7752227967873253,0.4952139949389372,1200.0,75.0,456.3809356364837,0.0,502.6281958498054,1000.0,15.0,191.21216481461107,0.0,379.5996694625219,1
45017,45,1,1,4,315,14,0.8592200925313945,0.6741573033707865,0.419035029742234,1000.0,25.0,335.8747521480502,0.0,450.23534668487804,1000.0,10.0,223.7305617977528,0.0,396.0108315094268,1
45019,45,1,1,98,556,26,0.8821984058273875,0.6850165686479386,0.435292712780249,10000.0,25.0,441.80389599068576,0.0,551.9247367308662,10000.0,5.0,77.44023345374212,0.0,279.39548119449574,1
45021,45,2,1,16,434,13,0.9161725955204216,0.655961791831357,0.3730237154150198,1000.0,25.0,365.3393517786562,0.0,465.44175033168585,1000.0,4.0,62.98697134387352,0.0,215.6292437355498,2
45023,45,1,1,11,246,10,0.888089240734077,0.7002518891687658,0.34904641957538685,1000.0,25.0,177.98380712486505,0.0,288.7519133863474,1000.0,4.0,16.38715221302627,0.0,31.026726169384972,1
45025,45,1,1,14,399,10,0.9748325553074894,0.7732900345037548,0.4075502334077532,1000.0,30.0,410.15527095595695,0.0,477.02291914557827,1000.0,5.0,265.2186279683377,0.0,433.8797139810665,1
45027,45,3,1,12,308,6,0.9485417621010841,0.7446938463887617,0.3869293021835395,1000.0,25.0,325.3728813559322,0.0,446.6729754645384,1000.0,3.0,164.72848007329364,0.0,361.0448171601094,3
45029,45,1,1,14,290,12,0.9896675651392632,0.7807726864330637,0.5673854447439353,1200.0,1000.0,595.6785193171609,0.0,517.8975554076194,1000.0,35.0,402.70429649595684,0.0,483.8233647817782,1
45031,45,1,1,19,298,13,0.856906191758128,0.641954856077863,0.4091944501967281,1200.0,25.0,415.7558484158211,0.0,484.1796988069432,1000.0,4.0,18.945271484779457,0.0,62.181682452844306,1
45033,45,2,1,9,367,11,0.9076965978806469,0.6109871723368656,0.40658114891243724,1000.0,25.0,416.03276296709424,0.0,483.4977858017362,35.0,3.0,15.278201896263246,0.0,16.348687350613094,2
45035,45,2,1,31,365,17,0.9117162622158779,0.7404194575601186,0.5015921818381465,1200.0,100.0,466.4661214450423,0.0,492.7202669616096,1000.0,20.0,125.78260019765015,0.0,308.51838828506783,2
45037,45,1,1,7,309,17,0.9235181644359465,0.7546207775653282,0.36265137029955385,1200.0,25.0,387.59380497131934,0.0,503.2667437817634,1000.0,4.0,66.53248820905036,0.0,226.2711810082229,1
45039,45,1,1,8,299,9,0.9287280701754386,0.46600877192982454,0.2046783625730994,1000.0,18.0,106.04075292397661,0.0,219.7330004414811,1000.0,1.0,10.548973684210525,0.0,28.294364392363743,1
45041,45,5,1,36,437,15,0.8634421134421134,0.6552059052059052,0.38066563066563064,1000.0,25.0,369.6116148666149,0.0,469.8792671307267,1000.0,3.0,100.82483708883709,0.0,283.37871158651546,5
45043,45,1,1,21,388,14,0.8893186922884951,0.5577738956825555,0.3441477414524582,1000.0,25.0,344.52901172947344,0.0,463.3272622468833,1000.0,3.0,35.537074120289496,0.0,118.3439105176635,1
45045,45,3,1,123,346,25,0.9040165386887182,0.7269980462538053,0.45354173292743877,10000.0,25.0,278.20446780862375,0.0,418.7242200734826,10000.0,5.0,81.70510791040029,0.0,235.08183294265731,3
45047,45,3,1,18,302,12,0.8523998136067101,0.6654240447343895,0.37371854613233924,1000.0,25.0,382.65599347623487,0.0,474.1604050995442,1000.0,3.0,162.50821435228332,0.0,359.8482289731432,3
45049,45,2,1,7,409,10,0.8810495626822158,0.5903790087463557,0.22857142857142856,1200.0,25.0,222.20103790087464,0.0,417.12804077637446,1000.0,3.0,48.907033236151605,0.0,196.51414081155306,2
45051,45,1,1,78,418,18,0.9664946680426557,0.6530099759201926,0.4738218094255246,1000.0,30.0,478.3635799105607,0.0,489.09854958101425,1000.0,4.0,93.18467189542484,0.0,206.67054649923318,1
45053,45,1,1,6,347,10,0.8350186269292177,0.6098988823842469,0.23895689196381054,1200.0,25.0,196.53091218733368,0.0,358.28002600544494,1000.0,3.0,35.20473975518893,0.0,150.64628601505515,1
45055,45,1,1,18,424,15,0.9563455516669737,0.7351261742494014,0.38165407994105727,1000.0,25.0,264.7064940136305,0.0,378.5369988146002,1000.0,5.0,127.50299797384416,0.0,313.2514699918856,1
45057,45,1,1,22,408,13,0.9740530303030303,0.821969696969697,0.5331439393939394,1000.0,1000.0,536.8859848484849,0.0,489.09097893139796,1000.0,35.0,194.95804696969697,0.0,378.25088381679495,1
45059,45,4,1,20,389,13,0.9156422690876282,0.7035073869403405,0.3997970001127777,1000.0,25.0,328.2233228825984,0.0,438.73082055850693,1000.0,4.0,36.43514582158566,0.0,92.93235405615233,4
45061,45,1,1,9,243,8,0.9394580863674852,0.7472480948348857,0.29805249788314986,1000.0,25.0,209.18331922099915,0.0,374.1062375429781,1000.0,3.0,96.74511600338697,0.0,285.3163131153131,1
45063,45,5,1,92,323,19,0.905008865248227,0.7449024822695035,0.4853723404255319,1000.0,50.0,437.11716028368795,0.0,478.60813441332726,1000.0,20.0,201.57648315602836,0.0,383.5352811558148,5
45065,45,1,1,3,425,4,0.977482088024565,0.9641760491299898,0.6653019447287615,1000.0,1000.0,678.2272262026612,0.0,454.0452941673502,1000.0,1000.0,674.9428106448312,0.0,458.8176667994072,1
45067,45,1,1,8,399,10,0.9047619047619048,0.6338797814207651,0.42935206869633097,1000.0,25.0,437.9644605776737,0.0,487.6564627636726,1000.0,4.0,31.00911319281811,0.0,87.91180724406298,1
45069,45,1,1,8,375,11,0.9197958439664601,0.6944950783813343,0.3109733868027707,1000.0,25.0,197.86168282901932,0.0,333.7621452113623,1000.0,3.0,139.52439081297848,0.0,337.8228115304641,1
45071,45,1,1,10,499,12,0.9029066171923315,0.7318078746650175,0.4483611626468769,1200.0,25.0,467.37156297670583,0.0,518.1051579684839,1000.0,4.0,263.69961121418265,0.0,431.9171676227866,1
45073,45,1,1,20,407,14,0.9319765821020352,0.6866462224700307,0.32701421800947866,10000.0,25.0,291.5238695288542,0.0,446.9247327079873,10000.0,4.0,73.85605241148592,0.0,266.5820291498118,1
45075,45,1,1,39,413,21,0.8754000206462269,0.5950242593166098,0.34334675338081966,1000.0,25.0,303.57430824816765,0.0,440.81623703412026,1000.0,3.0,154.06688469082275,0.0,350.15360426752176,1
45077,45,1,1,37,273,20,0.9273117960877297,0.752963841138115,0.44457617071724953,10000.0,25.0,293.7656550088915,0.0,575.6719575347738,10000.0,5.0,80.72157854179015,0.0,452.33405109979446,1
45079,45,5,1,98,465,23,0.8697286742633987,0.6711159035933902,0.4357532130679334,1000.0,25.0,371.0222607175123,0.0,460.1573507521707,1000.0,5.0,95.49432553259697,0.0,270.8319372544107,5
45081,45,3,1,6,380,11,0.9413833528722158,0.6450175849941383,0.3205158264947245,1000.0,25.0,333.14441359906215,0.0,457.69686413520776,1000.0,4.0,239.98607596717466,0.0,422.40280650946147,3
45083,45,8,1,87,511,24,0.884399679523864,0.7172484834611422,0.39565068101178896,10000.0,25.0,344.44015730800044,0.0,467.9780094157047,10000.0,4.0,67.61094325283278,0.0,244.65554409769865,8
45085,45,1,1,26,352,16,0.9441908879814237,0.7043798542717592,0.34142044999599647,1000.0,25.0,312.5065872367684,0.0,444.4303900731677,1000.0,3.0,87.20209144046761,0.0,265.07834153580393,1
45087,45,1,1,10,363,12,0.8749025720966485,0.6375681995323461,0.3939984411535464,1000.0,25.0,368.5286032735775,0.0,468.5692087845296,35.0,4.0,14.255839438815276,0.0,15.647419228642796,1
45089,45,1,1,12,342,9,0.8373090784280075,0.6411532521022825,0.28762656598592756,1000.0,25.0,230.31088038441737,0.0,396.30029390244545,1000.0,3.0,112.912923974601,0.0,307.3937721819747,1
45091,45,4,1,55,317,17,0.9556991232118136,0.808952468850946,0.47977234271650515,1000.0,50.0,465.2363553299493,0.0,485.15014003570445,1000.0,10.0,132.6825143824027,0.0,318.96406945268683,4
46003,46,7,1,1,749,6,0.9978586723768736,0.9978586723768736,0.8822269807280514,1000.0,1000.0,663.490364025696,0.0,406.2890277117985,1000.0,1000.0,661.0599571734475,0.0,410.1463363352617,7
46005,46,8,1,6,1049,16,0.9784407816955282,0.9312886848876835,0.3729049308018638,1000.0,40.0,271.0263578830239,0.0,401.16679655529697,1000.0,8.0,247.47525676333544,0.0,412.87322904482505,8
46007,46,1,1,2,316,6,0.9790209790209791,0.9790209790209791,0.8135198135198135,1000.0,250.0,220.3123543123543,0.0,133.37527115058097,500.0,250.0,207.94976223776226,0.0,103.38143438990114,1
46009,46,4,1,2,589,9,0.9840116279069767,0.9481589147286822,0.6148255813953488,1000.0,250.0,194.33333333333334,0.0,223.44517100876615,1000.0,250.0,179.59553100775193,0.0,230.4416048315233,4
46011,46,6,1,7,786,15,0.960951280335746,0.8542059485432759,0.5773979684934006,1000.0,250.0,426.7933215741135,0.0,438.88032801428494,1000.0,50.0,124.47734140259108,0.0,205.23093846758408,6
46013,46,7,1,8,1499,14,0.9803375135469887,0.7261805233008206,0.1513237343241988,2000.0,25.0,179.28970428858958,0.0,394.41709526078733,2000.0,3.0,103.94350029416319,0.0,323.1335020654001,7
46015,46,5,1,2,620,5,0.9860914662894861,0.9778406412069779,0.768976897689769,1000.0,1000.0,776.2812352663838,0.0,408.2419910083119,1000.0,1000.0,770.2641984912777,0.0,419.1897861913642,5
46017,46,4,1,1,180,5,0.9970501474926253,0.9970501474926253,0.5722713864306784,1000.0,1000.0,588.7315634218289,0.0,475.89776747133004,1000.0,1000.0,575.52802359882,0.0,491.1642031855044,4
46019,46,3,1,3,377,8,0.9649122807017544,0.8890013495276653,0.5172064777327935,1000.0,100.0,270.7118758434548,0.0,381.6167508949364,1000.0,8.0,152.56506882591094,0.0,294.09626154178017,3
46021,46,5,1,1,525,5,0.998567335243553,0.998567335243553,0.7936962750716332,1000.0,1000.0,798.8180515759312,0.0,394.6627293678285,1000.0,1000.0,794.4240687679084,0.0,403.2814286382414,5
46023,46,6,1,3,789,11,0.9880668257756563,0.9093078758949881,0.6046141607000796,1000.0,100.0,403.38583929992046,0.0,444.99691830944766,1000.0,20.0,384.99722513922035,0.0,459.3638293735076,6
46025,46,8,1,1,833,8,1.0,0.9692408376963351,0.6380890052356021,1000.0,1000.0,554.7447643979058,8.0,464.1635720522449,1000.0,100.0,80.46924083769633,1.0,82.65254216031641,8
46027,46,6,1,3,724,15,0.9708779079640006,0.7957208354559347,0.20487349295296314,2000.0,25.0,107.30051791475633,0.0,279.1347984744193,2000.0,3.0,33.89993530310749,0.0,189.76287266148444,6
46029,46,7,1,8,674,17,0.9678589420654912,0.6373299748110831,0.5522921914357682,1000.0,100.0,273.9947103274559,0.0,378.8218759531564,1000.0,20.0,66.74406871536523,0.0,107.21953340409357,7
46031,46,5,1,2,388,7,0.6650763358778626,0.6650763358778626,0.6211832061068703,1000.0,100.0,389.31297709923666,0.0,454.96980492667376,1000.0,25.0,378.65076335877865,0.0,462.59099199957325,5
46033,46,3,1,2,513,6,0.9976784677887406,0.8607080673244342,0.5455600696459664,1000.0,250.0,147.67324434126525,0.0,118.23933148576185,1000.0,250.0,137.93238537434706,0.0,128.05875578028807,3
46035,46,7,1,5,679,12,0.9399575371549894,0.8890021231422506,0.5718895966029724,1000.0,100.0,469.8784288747346,0.0,478.0161083926702,1000.0,20.0,452.1886518895966,0.0,493.31019128698006,7
46037,46,6,1,3,783,7,0.9998837074078382,0.8528898709152227,0.5687870682637516,1000.0,1000.0,576.6260030236074,0.0,484.9821306417768,1000.0,100.0,317.27479939527854,0.0,433.7064678576699,6
46039,46,7,1,2,714,12,0.9989038092628117,0.6457248561249658,0.47300630309673886,1000.0,50.0,389.2824403946287,0.0,449.93202778404566,1000.0,10.0,68.37544532748699,0.0,102.07338094867976,7
46041,46,3,1,2,319,7,0.9942339373970346,0.9942339373970346,0.7611202635914333,1000.0,100.0,129.497528830313,0.0,206.04196719238197,1000.0,25.0,70.76441515650741,0.0,217.65928702668566,3
46043,46,5,1,1,666,6,0.9986522911051213,0.9986522911051213,0.6994609164420486,1000.0,250.0,516.3746630727762,0.0,440.7267733664689,1000.0,250.0,509.06469002695417,0.0,448.87707605538674,5
46045,46,6,1,2,583,7,0.9957264957264957,0.9775641025641025,0.6127136752136753,1000.0,1000.0,622.1461004273505,0.0,475.3090635706406,1000.0,1000.0,574.9451217948717,0.0,485.3039688355438,6
46047,46,3,1,2,601,7,0.9992395437262357,0.9992395437262357,0.6699619771863118,1000.0,250.0,177.2718631178707,0.0,108.53777717865918,1000.0,250.0,169.5254752851711,0.0,119.21912118564875,3
46049,46,6,1,1,748,5,0.9925826028320971,0.9622387053270398,0.5091031692515172,1000.0,1000.0,520.8860418071476,0.0,487.96352445303495,1000.0,200.0,447.92717464598786,0.0,483.1188133080621,6
46051,46,9,1,2,928,11,0.9796378955815237,0.5520337027935203,0.4893424946085561,1000.0,50.0,451.40305431566276,0.0,466.93356941943733,1000.0,10.0,128.90024574953608,0.0,248.82865926752777,9
46053,46,4,1,2,645,7,0.9992138364779874,0.9992138364779874,0.4901729559748428,1000.0,50.0,143.32900943396226,2.0,139.2271622935274,1000.0,50.0,132.3801603773585,0.064,148.6181412141674,4
46055,46,2,1,1,370,3,0.9954441913439636,0.9954441913439636,0.8428246013667426,250.0,250.0,214.52164009111618,0.0,82.21976758125432,250.0,250.0,211.3143507972665,0.0,89.63458847869244,2
46057,46,8,1,2,474,10,0.9996233048719236,0.7322325464590658,0.5399924660974385,1000.0,100.0,359.02856604721245,2.0,424.8397315621615,250.0,20.0,71.95508023606227,0.128,87.92557144605745,8
46059,46,5,1,2,778,7,0.9927064853144096,0.9882712398974965,0.47604967474866944,1000.0,40.0,436.19283461462646,0.0,471.6721648518331,1000.0,8.0,373.8646018135226,0.0,470.18108237956943,5
46061,46,6,1,1,702,7,0.9922698524244554,0.9725931131412509,0.6999297259311315,1000.0,1000.0,552.9040758959944,1.5,474.0117540918552,1000.0,1000.0,533.546997891778,0.128,493.865230796175,6
46063,46,1,1,1,271,2,1.0,1.0,1.0,1000.0,150.0,350.5281690140845,150.0,361.52123023470773,1000.0,150.0,350.5281690140845,150.0,361.52123023470773,1
46065,46,3,1,4,674,10,0.951276102088167,0.8992652745552978,0.4131863882443929,2000.0,40.0,441.17865429234337,0.0,495.12597369223374,2000.0,8.0,353.30377300850733,0.0,488.51006909632673,3
46067,46,7,1,3,688,10,0.999445138021917,0.9808572617561382,0.8318768206408655,1000.0,250.0,521.5511166597308,0.0,407.45180111198397,1000.0,250.0,517.9181578582328,0.0,411.8744881907055,7
46069,46,3,1,1,314,3,0.9930875576036866,0.9930875576036866,0.7211981566820277,1000.0,1000.0,732.073732718894,0.0,431.09623854573954,1000.0,1000.0,723.3732718894009,0.0,445.08293243905507,3
46071,46,2,1,2,417,4,0.998422712933754,0.998422712933754,0.7555205047318612,1000.0,250.0,196.88485804416405,0.0,100.75267329174767,1000.0,250.0,191.6096214511041,0.0,109.7165817237517,2
46073,46,4,1,1,469,5,1.0,1.0,0.8038277511961722,1000.0,1000.0,811.6507177033493,25.0,381.3412738525445,1000.0,1000.0,805.3891547049442,3.0,394.01831184579163,4
46075,46,2,1,1,366,3,1.0,1.0,0.3592436974789916,250.0,25.0,106.6701680672269,25.0,107.44814822051605,250.0,4.0,92.07352941176471,3.0,118.31614270480507,2
46077,46,8,1,2,954,14,0.9877523998675936,0.8668211409025709,0.44940968774136597,1000.0,40.0,301.7247048438707,0.0,403.72495084219554,1000.0,8.0,215.95239368862408,0.0,372.829886758492,8
46079,46,7,1,4,476,14,0.9878184955842046,0.9291442493147903,0.7586031874936555,1000.0,250.0,416.3605217744391,0.0,424.54300815379844,1000.0,100.0,224.17731357222618,0.0,337.1489658940276,7
46081,46,4,1,8,369,9,0.9346877556585765,0.8655576765748568,0.38723752386146715,5000.0,50.0,376.49147804745024,0.0,469.8624906149879,5000.0,8.0,188.97712380692664,0.0,376.02176040748105,4
46083,46,8,1,13,609,21,0.9672619047619048,0.797748447204969,0.4082988267770876,5000.0,50.0,336.9598645617667,0.0,501.4216414212844,5000.0,10.0,201.57900474465148,0.0,445.694706853717,8
46085,46,4,1,2,742,8,0.9778009018383628,0.9757197363857093,0.5740548040235866,1000.0,250.0,421.70804023586544,0.0,431.8449680263208,1000.0,250.0,408.9143378425252,0.0,443.29482929570844,4
46087,46,11,1,2,727,13,0.9968914601502461,0.9522493739746136,0.5289698644331232,1000.0,250.0,379.39910197737674,0.0,428.3887343476086,1000.0,250.0,368.8305776703221,0.0,436.3035397876411,11
46089,46,3,1,1,796,5,1.0,0.9935064935064936,0.761595547309833,1000.0,1000.0,767.4777365491651,8.0,415.6621409674722,1000.0,1000.0,762.299628942486,1.0,424.91500456819966,3
46091,46,5,1,1,1035,7,1.0,0.9831130690161527,0.7790014684287812,1000.0,1000.0,743.4904552129221,8.0,406.5131980091367,1000.0,1000.0,738.935389133627,1.0,414.58422490195676,5
46093,46,7,1,7,537,12,0.9711270578303082,0.8964964119881806,0.363360067539046,2000.0,50.0,246.22764879696075,0.0,377.5792601824733,2000.0,8.0,155.12759290840017,0.0,310.2764398341265,7
46095,46,3,1,1,1223,4,1.0,1.0,0.3811659192825112,1000.0,25.0,117.1711509715994,25.0,134.9470860290451,1000.0,3.0,103.38041853512705,3.0,144.40916868130913,3
46097,46,5,1,1,705,6,1.0,1.0,0.7235023041474654,1000.0,1000.0,731.2442396313364,40.0,430.8259589347553,1000.0,1000.0,722.1013824884793,8.0,445.4671829732544,5
46099,46,14,1,47,592,25,0.964150339010197,0.897976616304522,0.4658320431370455,2000.0,50.0,376.6797554855587,0.0,493.12794430750364,2000.0,5.0,240.6650748491805,0.0,442.00973726636227,14
46101,46,8,1,2,642,15,0.9657103825136611,0.8236338797814208,0.6135245901639345,1000.0,250.0,336.62486338797817,0.0,381.7428007662525,1000.0,100.0,202.75451803278688,0.0,288.3123243446001,8
46102,46,1,1,3,475,6,0.9988938053097345,0.9214601769911505,0.375,1000.0,50.0,145.13274336283186,0.0,208.62913858061842,500.0,20.0,110.1891592920354,0.0,139.89250996836938,1
46103,46,6,1,25,787,21,0.9371548537264388,0.8847610789101364,0.3448496189128748,2000.0,40.0,281.3576742275569,0.0,434.0914688491029,2000.0,4.0,128.4071662635206,0.0,319.93736349088545,6
46105,46,3,1,1,754,5,0.9987484355444305,0.9987484355444305,0.9712140175219024,1000.0,150.0,272.8410513141427,0.0,302.3321306316116,1000.0,150.0,272.23654568210264,0.0,302.8488033583344,3
46107,46,3,1,1,688,5,0.998674618952949,0.998674618952949,0.45593108018555334,1000.0,40.0,474.9768058316766,0.0,480.70197247123957,1000.0,8.0,459.4705102717031,0.0,494.87128974988894,3
46109,46,7,1,4,879,9,0.9970201814980361,0.8382771231206827,0.7765136123527021,1000.0,500.0,506.6520384667479,0.0,361.42052459097295,1000.0,500.0,433.69938507381823,0.0,356.7763093558544,7
46111,46,5,1,1,829,7,1.0,0.9991902834008097,0.7506072874493928,1000.0,1000.0,699.1012145748988,10.0,441.52275223590095,1000.0,1000.0,685.9060728744939,1.0,460.65275222718265,5
46115,46,8,1,3,947,10,0.994511760513186,0.8466500356379187,0.3643977191732003,1000.0,25.0,315.70659301496795,0.0,433.6157453453046,1000.0,3.0,124.87371503920171,0.0,243.04869686461393,8
46117,46,1,1,1,344,8,0.9789325842696629,0.8862359550561798,0.3300561797752809,2000.0,40.0,199.64044943820224,0.0,321.1823116123065,2000.0,8.0,175.85676685393258,0.0,325.07327089046856,1
46119,46,2,1,1,374,5,1.0,0.9987995198079231,0.4477791116446579,1000.0,40.0,468.13925570228093,10.0,479.09733172798553,1000.0,8.0,451.7298919567827,1.0,493.8576836321487,2
46121,46,1,1,2,345,7,0.9773936170212766,0.9773936170212766,0.05319148936170213,1000.0,25.0,78.77260638297872,0.0,198.98874204748319,500.0,3.0,36.417005319148934,0.0,103.60993006690369,1
46123,46,3,1,2,1414,7,0.9968841959494548,0.9968841959494548,0.5120304656396053,1000.0,250.0,161.61346719750736,2.0,180.30790256828854,1000.0,250.0,150.6325345334949,0.064,188.7150024865637,3
46125,46,8,1,2,723,10,0.9982495623905977,0.7323705926481621,0.2954488622155539,1000.0,25.0,198.935296324081,0.0,349.16502232968116,1000.0,5.0,95.7539072268067,0.0,224.17953949282358,8
46127,46,5,1,4,569,18,0.7665759945596736,0.6937266235974159,0.3913634818089085,2000.0,25.0,259.5549557973478,0.0,434.73651705427795,2000.0,3.0,176.0388109486569,0.0,399.6332315641471,5
46129,46,4,1,2,732,10,0.9989281886387996,0.9989281886387996,0.7209003215434083,1000.0,1000.0,728.4045016077171,0.0,436.5521419763307,1000.0,1000.0,722.0468167202572,0.0,446.76272003554305,4
46135,46,7,1,5,704,16,0.9684850423932171,0.8121100623900176,0.3175491921292593,1000.0,25.0,189.16689329707248,0.0,328.3030213267401,1000.0,5.0,132.6726125419933,0.0,285.35405587034876,7
46137,46,5,1,1,261,5,0.9968944099378882,0.9968944099378882,0.9130434782608695,250.0,100.0,114.98447204968944,0.0,57.58434574564656,250.0,25.0,57.506211180124225,0.0,78.88187878358193,5
47001,47,4,1,20,335,13,0.7512409096156066,0.6218400092346762,0.4227750202008542,1200.0,25.0,439.5521528338912,0.0,525.0396841573606,1000.0,3.0,235.98222717303474,0.0,415.9324315354086,4
47003,47,1,1,10,336,16,0.9579602958349552,0.7933047878551965,0.341183339820942,1200.0,35.0,333.3717578824445,0.0,449.2031090166921,1000.0,5.0,164.5857415336707,0.0,359.5077485628198,1
47005,47,1,1,5,342,12,0.9135304659498208,0.6344086021505376,0.18458781362007168,1000.0,25.0,199.08476881720432,0.0,376.88272889618975,1000.0,4.0,72.3198494623656,0.0,244.79476754849608,1
47007,47,1,1,4,320,8,0.9868852459016394,0.4242622950819672,0.3619672131147541,10000.0,10.0,375.067868852459,0.0,535.2498069042706,10000.0,1.0,368.681091147541,0.0,539.5849942755589,1
47009,47,3,1,31,382,15,0.7345901760070698,0.579829147949039,0.28687679505118197,1200.0,25.0,278.3945580676044,0.0,440.09223364045084,1000.0,3.0,81.87939863023787,0.0,255.21383262784215,3
47011,47,2,1,25,271,18,0.9403386611805665,0.7352429181832568,0.4545814211109353,10000.0,50.0,484.0518765627473,0.0,818.4807745641245,10000.0,10.0,208.46529925621144,0.0,765.7908222468051,2
47013,47,1,1,13,336,14,0.6681913474366304,0.4034686487516676,0.21212121212121213,1200.0,20.0,230.98606441776252,0.0,444.1193159999208,1000.0,3.0,64.12814027063084,0.0,229.55681663138802,1
47015,47,1,1,4,226,9,0.593952483801296,0.5932325413966882,0.21238300935925125,2000.0,25.0,228.7327343412527,0.0,403.6076607602909,1000.0,3.0,213.34686249100073,0.0,406.01754073715085,1
47017,47,5,1,9,393,13,0.8215493164780244,0.6247243863001617,0.2861972659120976,1200.0,25.0,271.0761364104072,0.0,429.40040373817146,1000.0,3.0,30.376673820373362,0.0,139.71669930919415,5
47019,47,2,1,18,239,13,0.8729244323957981,0.7123009149440868,0.3874957641477465,1200.0,30.0,397.341287699085,0.0,489.84316562325296,1000.0,3.0,15.727461199593357,0.0,37.820775186479985,2
47021,47,1,1,9,184,13,0.949955713020372,0.7612931798051373,0.395925597874225,2000.0,25.0,355.2086005314438,0.0,478.01535511564344,1000.0,4.0,64.51098317094774,0.0,215.31258621399982,1
47023,47,1,1,5,308,10,0.8824728260869565,0.6616847826086957,0.4782608695652174,1000.0,25.0,485.44645923913043,0.0,492.8649514303694,1000.0,4.0,311.95956657608696,0.0,456.1405433694246,1
47025,47,1,1,9,276,13,0.6953459119496855,0.5776100628930818,0.47773584905660377,1000.0,40.0,437.11719748427674,0.0,455.32878054408263,1000.0,4.0,128.24530968553458,0.0,319.7567493029371,1
47027,47,1,1,2,335,6,0.545157780195865,0.499455930359086,0.4961915125136017,1000.0,12.0,497.43471164309034,0.0,499.02583704433346,1000.0,1.0,281.9130010881393,0.0,308.6667684617187,1
47029,47,3,1,9,408,17,0.7338923590314024,0.438179173440575,0.24822452297424488,1200.0,15.0,252.14480773509024,0.0,429.2842350936843,1000.0,5.0,111.1407885684949,0.0,301.0483212760022,3
47031,47,4,1,17,296,15,0.9460802023121387,0.7611091040462428,0.4864523121387283,1000.0,75.0,468.5957070086705,0.0,484.74111978545176,1000.0,20.0,199.1118432080925,0.0,384.8763558871143,4
47033,47,5,1,5,273,13,0.6743428984808295,0.6278032312515072,0.45587171449240416,1000.0,25.0,460.72101856763925,0.0,493.7117355968247,1000.0,3.0,309.58255654690134,0.0,456.03616426902283,5
47035,47,1,1,17,396,14,0.729602157788267,0.3326269145554378,0.1673249205278875,10000.0,12.0,171.86287795010116,0.0,381.69968973181307,10000.0,1.0,60.787075618919175,0.0,245.55816723497028,1
47037,47,1,1,174,428,30,0.9131571304095266,0.7466356859328105,0.44137864265659793,3000.0,25.0,463.2612675960887,0.0,582.2415529557022,3000.0,5.0,184.02716865136992,0.0,373.370754552424,1
47039,47,1,1,5,332,8,0.9566003616636528,0.6889692585895117,0.5286317058468957,1000.0,100.0,408.2049427365883,0.0,470.03819771343325,400.0,15.0,91.15069318866787,0.0,156.43466848036405,1
47041,47,1,1,5,318,11,0.6851932262266609,0.6795484151107252,0.38254450716456795,1200.0,50.0,418.68128528006946,0.0,509.1888892762469,1000.0,10.0,208.47726964828485,0.0,385.9606214829966,1
47043,47,1,1,11,333,14,0.9112976406533575,0.7175589836660617,0.30353901996370236,1200.0,25.0,328.0222259528131,0.0,505.59021047064635,1000.0,4.0,52.34010889292196,0.0,197.2969902654725,1
47045,47,2,1,10,419,21,0.8087685792576601,0.3599601428215561,0.21074483102217056,10000.0,24.0,203.11657095408123,0.0,392.10395850232476,10000.0,3.0,72.08160458357551,0.0,257.12834165284335,2
47047,47,1,1,11,263,12,0.9310459693537642,0.6682211858760826,0.33710859427048634,1200.0,25.0,360.3409047301799,0.0,520.4327583750537,1000.0,3.0,73.5252804796802,0.0,239.90743893493402,1
47049,47,1,1,5,273,3,0.5497275204359673,0.5497275204359673,0.49318801089918257,1000.0,25.0,495.4625340599455,0.0,497.90644657692286,500.0,4.0,246.848310626703,0.0,249.81259468322563,1
47051,47,2,1,10,504,13,0.9600453386228394,0.8461320487390196,0.27656559931992064,1200.0,25.0,296.811038254463,0.0,469.4424551830848,1000.0,3.0,75.30674638707849,0.0,246.19109579647855,2
47053,47,5,1,17,477,18,0.8171185886965044,0.6740934335184581,0.40156811499509965,1000.0,25.0,410.92260385494933,0.0,482.6444173267639,1000.0,3.0,297.2165164325384,0.0,451.74150486515714,5
47055,47,1,1,9,390,19,0.9262215771649734,0.7699564586357039,0.25858732462506046,1000.0,25.0,261.7401780358007,0.0,420.56427086356985,1000.0,3.0,38.14811175616836,0.0,144.2728789507829,1
47057,47,1,1,6,282,12,0.7479194630872483,0.43516778523489935,0.22228187919463088,1200.0,18.0,219.336313557047,0.0,404.21462879760486,1000.0,1.0,51.83294067114094,0.0,173.89988840041136,1
47059,47,2,1,17,529,14,0.8819383259911894,0.6785242290748899,0.36002202643171805,10000.0,25.0,448.5751784140969,0.0,646.7932066375843,10000.0,3.0,25.7044359030837,0.0,332.7002039100224,2
47061,47,1,1,4,331,7,0.9947856315179606,0.8794901506373117,0.6674391657010429,1000.0,1000.0,674.0538818076477,0.0,461.91239773578775,1000.0,35.0,407.72950637311703,0.0,481.32622236656863,1
47063,47,1,1,12,448,19,0.7570163589974486,0.6141377757766772,0.41963079693831606,1200.0,25.0,414.9372985141828,0.0,490.4530911528276,1000.0,4.0,192.7471151133123,0.0,381.98300133321663,1
47065,47,1,1,87,410,24,0.9332829584851987,0.7397990932527336,0.5201795715174682,10000.0,100.0,2405.252879367055,0.0,3915.91889152121,10000.0,20.0,2104.664317361543,0.0,4041.5213806739866,1
47067,47,1,1,2,270,11,0.9238329238329238,0.816953316953317,0.7174447174447175,1000.0,750.0,521.8990663390664,0.0,389.35746056664385,1000.0,8.0,181.13945700245702,0.0,372.6657357690535,1
47069,47,1,1,6,549,12,0.9359756097560976,0.3445121951219512,0.17560975609756097,1200.0,10.0,202.81779268292684,0.0,414.3928386760435,1000.0,2.0,22.4793743902439,0.0,122.24331703306889,1
47071,47,1,1,8,465,11,0.8618913857677902,0.5922284644194756,0.31273408239700373,1000.0,25.0,324.2825505617978,0.0,456.0942608916711,35.0,3.0,12.272716292134833,0.0,15.416005549208988,1
47073,47,4,1,13,327,15,0.9316623020326724,0.8018456166604315,0.4345928420002494,1200.0,25.0,436.5456695348547,0.0,482.5690000164185,1000.0,4.0,211.03449332834518,0.0,397.20102721691006,4
47075,47,1,1,6,246,16,0.8677900194426442,0.626701231367466,0.33311730395333766,1200.0,25.0,336.73980557355804,0.0,464.53424152194566,1000.0,3.0,122.75056124432923,0.0,314.17215783099795,1
47077,47,3,1,7,424,10,0.8781218781218781,0.6008991008991009,0.38636363636363635,1000.0,25.0,363.64676623376624,0.0,468.78193870633874,1000.0,3.0,24.20253046953047,0.0,100.37421531149195,3
47079,47,3,1,12,366,14,0.8866412715092604,0.7041902009720216,0.40903717325627215,1000.0,25.0,392.0509108104558,0.0,474.1860699868362,1000.0,4.0,124.04440089320899,0.0,312.321534335193,3
47081,47,1,1,7,359,13,0.8891415577032404,0.7015349630471859,0.34849346219442867,1200.0,25.0,351.17788288800455,0.0,480.87908327705514,1000.0,3.0,127.5392518476407,0.0,319.8584691271423,1
47083,47,1,1,3,290,6,0.5119714722363728,0.4844625573102394,0.28069281711665817,1000.0,10.0,283.4111054508405,0.0,444.1379830993409,1000.0,1.0,277.6975975547631,0.0,446.4536811540648,1
47085,47,1,1,5,506,10,0.961327982488143,0.8493250638453119,0.5578256110908427,1200.0,300.0,526.6765662167093,0.0,489.1459500295395,1000.0,35.0,394.24931192995257,0.0,458.66086334690937,1
47087,47,1,1,4,231,7,0.5834230355220668,0.5597416576964478,0.5339074273412271,1000.0,1000.0,533.7739504843918,0.0,497.1526366269963,1000.0,500.0,270.95902691065663,0.0,260.65001775339516,1
47089,47,1,1,12,366,15,0.7580445544554455,0.5663366336633663,0.28675742574257423,1200.0,25.0,287.68323069306933,0.0,443.6527791602936,1000.0,4.0,96.27408316831684,0.0,210.60591727568956,1
47091,47,1,1,5,249,10,0.8791985857395404,0.6311137301119623,0.4048320565704184,1000.0,25.0,414.43253506187386,0.0,482.60625790712584,1000.0,4.0,124.2172021213907,0.0,312.5590220432595,1
47093,47,1,1,121,206,23,0.7256735566642908,0.5697790449037776,0.3517320028510335,3000.0,25.0,358.32425910192444,0.0,505.1304793991144,3000.0,3.0,88.20566660014255,0.0,255.71166215073507,1
47095,47,1,1,2,255,7,0.9801512287334594,0.720226843100189,0.5444234404536862,1000.0,1000.0,553.2880945179584,0.0,487.6554750336393,1000.0,35.0,338.6255047258979,0.0,464.40373397759606,1
47097,47,1,1,9,264,13,0.9324369747899159,0.548235294117647,0.28,1000.0,25.0,277.88593210084036,0.0,429.99265947367286,1000.0,4.0,103.96888739495799,0.0,291.3811707914499,1
47099,47,1,1,11,404,17,0.946978429112465,0.7880783797134859,0.2891486909270542,1000.0,25.0,292.6941794829574,0.0,437.0788629197602,1000.0,3.0,125.96424962950766,0.0,319.53477458515226,1
47101,47,1,1,2,492,9,0.9344978165938864,0.8228321896444167,0.569557080474111,1000.0,1000.0,577.680868371803,0.0,485.9834132652511,1000.0,35.0,434.4542383031815,0.0,489.41665367979346,1
47103,47,2,1,9,404,17,0.933036478849118,0.7775303990409317,0.25466689501626993,1000.0,25.0,210.22932693954445,0.0,378.0065359429884,1000.0,3.0,11.621122109950335,0.0,41.32190457388032,2
47105,47,2,1,14,426,15,0.6851718553176174,0.536350548857297,0.2572431167896347,1200.0,25.0,249.6163577469858,0.0,420.6188723266939,1000.0,3.0,49.8460651430628,0.0,196.0499782787348,2
47107,47,5,1,14,337,14,0.6491933168743182,0.4880289372452202,0.28701843026927715,10000.0,18.0,297.83119113509787,0.0,506.0901507058043,10000.0,1.5,58.43255761612218,0.0,236.7309721034207,5
47109,47,1,1,8,335,12,0.8540792540792541,0.47645687645687645,0.2778554778554779,1200.0,18.0,296.547848951049,0.0,459.30933497033936,1000.0,2.0,13.152344988344987,0.0,49.98808948890057,1
47111,47,1,1,5,298,10,0.6405051871898962,0.6391520072169599,0.47406405051871897,1200.0,25.0,499.30987821380245,0.0,519.4551705768453,1000.0,4.0,374.58914027965716,0.0,479.1223828907855,1
47113,47,1,1,28,340,20,0.9126043630487476,0.7563964449232427,0.5436304874764342,1000.0,1000.0,550.9517392943711,0.0,490.17845674138255,1000.0,35.0,303.861247508753,0.0,449.7109577138143,1
47115,47,2,1,7,449,12,0.9426877470355731,0.8179841897233202,0.6401185770750988,10000.0,1000.0,736.4059754940712,0.0,1038.679412420254,10000.0,35.0,484.4192924901186,0.0,1062.9707784277787,2
47117,47,1,1,6,434,13,0.876163610719323,0.680394922425952,0.2987306064880113,1000.0,35.0,273.37572129760224,0.0,421.9816808427367,1000.0,4.0,121.86120169252469,0.0,315.1813014930864,1
47119,47,1,1,21,407,18,0.9410428127242286,0.7491030853862712,0.48086582157378616,1000.0,60.0,460.11824443912934,0.0,483.4370511153839,1000.0,10.0,112.42229323128439,0.0,283.9971782715223,1
47121,47,1,1,3,306,7,0.682475884244373,0.46864951768488744,0.3536977491961415,1000.0,18.0,357.8858971061093,0.0,472.7937186873769,1000.0,1.5,66.669961414791,0.0,163.16270323000012,1
47123,47,3,1,12,436,15,0.6498194945848376,0.5035638248634638,0.22817735814125706,1200.0,25.0,206.71520688697584,0.0,388.5251070770832,1000.0,2.0,23.449254466351938,0.0,101.4025789393468,3
47125,47,2,1,46,281,18,0.9598384215023693,0.811931950594267,0.6135321991765711,2000.0,1000.0,587.0190271110075,0.0,481.6004214142064,1000.0,35.0,391.7473567932883,0.0,478.0890172332897,2
47127,47,1,1,2,184,9,0.9469914040114613,0.7951289398280802,0.25644699140401145,1200.0,25.0,268.1838681948424,0.0,437.10069190727546,1000.0,3.0,135.27088252148997,0.0,333.09613060718846,1
47129,47,1,1,5,327,11,0.623963133640553,0.6096774193548387,0.42672811059907834,1200.0,25.0,433.17846451612905,0.0,497.1527561059552,1000.0,3.0,383.16152442396316,0.0,480.63221877992294,1
47131,47,2,1,10,433,17,0.9461752939750273,0.5272154200509153,0.40150321251060733,1000.0,25.0,411.6126381379561,0.0,480.3115415554322,1000.0,5.0,230.72169426597165,0.0,411.99193016628107,2
47133,47,1,1,8,218,9,0.5876893014167074,0.5603321934538349,0.5109916951636542,1200.0,1000.0,531.6541279921837,0.0,518.5679068916393,500.0,35.0,210.31504836345871,0.0,243.39054765385302,1
47135,47,1,1,3,326,6,0.9741506646971935,0.7097488921713442,0.5110782865583456,1000.0,100.0,385.14918759231904,0.0,463.3768273843303,1000.0,15.0,317.9503988183161,0.0,441.0043149113654,1
47137,47,1,1,2,226,5,0.6007326007326007,0.6007326007326007,0.5073260073260073,1000.0,1000.0,510.4267399267399,0.0,497.2960862257091,500.0,500.0,251.58676923076922,0.0,249.58220913014665,1
47139,47,1,1,6,326,12,0.761849710982659,0.6277456647398844,0.315606936416185,10000.0,25.0,274.7491028901734,0.0,521.8990493006154,10000.0,4.0,19.468057803468206,0.0,246.30209338543744,1
47141,47,1,1,18,377,17,0.7113595706618963,0.4022361359570662,0.23228980322003578,1000.0,18.0,230.41914132379247,0.0,408.592680018562,1000.0,1.0,41.06875277280859,0.0,127.44785658133293,1
47143,47,3,1,6,394,15,0.8300905985444824,0.6157730580721817,0.3733848210307441,10000.0,25.0,487.0057484033863,0.0,1383.1078138467851,10000.0,3.0,238.90665438883113,0.0,1360.8794600446213,3
47145,47,2,1,16,421,11,0.6512832057631698,0.5016884286357497,0.24425934263845114,1200.0,25.0,264.28894101755964,0.0,475.31671360645277,1000.0,2.0,20.664963529941467,0.0,101.67063308132789,2
47147,47,1,1,15,306,12,0.9362575626620571,0.7588591184096802,0.3444252376836647,2000.0,25.0,351.7928496110631,0.0,501.0553955651258,1000.0,4.0,105.29414606741574,0.0,286.4729917213767,1
47149,47,3,1,64,274,23,0.9546502690238279,0.7983968375974525,0.4314263753156912,3000.0,35.0,455.74432304820465,0.0,528.5921828482128,3000.0,5.0,207.2171055232239,0.0,392.1218181543333,3
47151,47,2,1,6,358,8,0.6627618833070511,0.5125028159495382,0.3494030186979049,1000.0,25.0,357.0015769317414,0.0,471.341017615805,1000.0,4.0,344.9524307276414,0.0,469.9422474256918,2
47153,47,1,1,4,276,11,0.9958228905597326,0.518796992481203,0.38847117794486213,10000.0,25.0,622.9799498746867,0.0,1577.8397332042075,10000.0,3.0,585.1503859649123,0.0,1580.6603354519136,1
47155,47,1,1,27,343,18,0.7649940421024758,0.4545213822322256,0.1932344763670065,1200.0,20.0,200.02453541639085,0.0,397.79546163254474,1000.0,10.0,41.08972222957765,0.0,161.0074378394112,1
47157,47,8,1,249,356,28,0.9042547410748247,0.6783314314695068,0.4149504609755656,1200.0,25.0,395.75285457081276,0.0,524.8794473324956,1000.0,5.0,84.38352667137605,0.0,253.39846338786205,8
47159,47,1,1,5,274,11,0.7966784096628082,0.7342727730246603,0.5676899849018621,1200.0,1000.0,591.7715611474584,0.0,509.9258599025928,1000.0,35.0,385.1382244589834,0.0,464.17736373116617,1
47161,47,2,1,6,297,8,0.943801652892562,0.856198347107438,0.6165289256198347,1000.0,1000.0,545.6798280991735,0.0,470.62671747424105,1000.0,50.0,347.70519669421486,0.0,443.87094754016385,2
47163,47,3,1,40,410,17,0.8137938049946595,0.7055592289303698,0.3648339352016683,10000.0,25.0,374.1030031025889,0.0,629.2164308427784,10000.0,4.0,38.19530339250292,0.0,443.89519080180446,3
47165,47,1,1,43,293,21,0.9522720493188823,0.7852242219349707,0.4492393357860197,2000.0,50.0,460.1853530874018,0.0,528.7455652307367,1000.0,10.0,212.37856895694543,0.0,395.94202234896636,1
47167,47,1,1,13,230,12,0.9618810117563235,0.8289989312433202,0.4506590666191664,1200.0,50.0,412.10463697898115,0.0,503.61788280934195,1000.0,10.0,113.87851229070182,0.0,290.9183144670101,1
47169,47,1,1,2,246,9,0.654196157735086,0.5692618806875632,0.448938321536906,1200.0,25.0,477.66837209302327,0.0,521.8822129953563,1000.0,4.0,337.38244287158744,0.0,468.18709643163754,1
47171,47,1,1,4,310,11,0.9526085225009956,0.8048586220629231,0.5213062524890482,1200.0,200.0,475.7666268418957,0.0,516.026670047712,1000.0,35.0,244.81829151732376,0.0,400.92314280567143,1
47173,47,1,1,5,264,12,0.6259168704156479,0.4821515892420538,0.2293398533007335,1200.0,18.0,242.3226601466993,0.0,452.98357921202637,1000.0,1.5,52.59699853300733,0.0,206.3999195457396,1
47175,47,1,1,2,240,6,0.9968895800933126,0.7511664074650077,0.5987558320373251,1000.0,1000.0,605.0155520995335,0.0,482.9026975841817,1000.0,35.0,484.0202177293935,0.0,495.23700034074034,1
47177,47,1,1,10,359,13,0.9730374612264376,0.6833691243140062,0.4559770937723694,1000.0,25.0,461.71772846576,0.0,488.4843978456325,1000.0,4.0,252.01533762825102,0.0,424.7432157448768,1
47179,47,2,1,32,353,17,0.8793546459515984,0.7422169106662683,0.3909769943232746,10000.0,25.0,1162.5062202569466,0.0,2698.7107063017856,10000.0,4.0,842.2530196593965,0.0,2750.369227081952,2
47181,47,1,1,4,464,9,0.9746724890829694,0.72882096069869,0.5122270742358078,1200.0,100.0,377.3366812227074,0.0,460.13234055557746,1000.0,15.0,113.89681397379913,0.0,243.12407012738873,1
47183,47,1,1,11,488,14,0.9255098513653647,0.5139993086761148,0.2798133425509851,1000.0,25.0,283.9787825786381,0.0,436.86360110175127,1000.0,2.0,154.13771724853095,0.0,353.3981874633877,1
47185,47,1,1,6,264,13,0.93969434118133,0.7207765386204048,0.5233374638579099,1200.0,1000.0,529.9173895084675,0.0,491.8597610881032,1000.0,35.0,306.0188318876497,0.0,449.259681453021,1
47187,47,3,1,46,457,25,0.9216422799737934,0.7747979908276916,0.4039309892989736,3000.0,25.0,420.6367091504695,0.0,522.7157008895314,3000.0,4.0,161.7563841886875,0.0,354.6170098969397,3
47189,47,3,1,28,335,19,0.9251841480489438,0.7955195714372679,0.39867291653984294,2000.0,50.0,401.33727351311865,0.0,484.71191321768083,1000.0,8.0,135.1107155293115,0.0,309.4755698747815,3
48001,48,9,1,12,421,14,0.8803069888961463,0.6241018941868061,0.21848465055519267,10000.0,25.0,197.77305355976486,0.0,384.2692243129767,10000.0,3.0,14.219955094709341,0.0,137.13054936246817,9
48003,48,1,1,4,712,11,0.9502202643171807,0.9277533039647577,0.8515418502202643,1000.0,1000.0,598.7226872246696,0.0,457.73026109999205,1000.0,105.0,279.08079823788546,0.0,340.02561995146283,1
48005,48,8,1,21,304,9,0.8972715619849845,0.594854422266984,0.39260208752975645,1000.0,25.0,345.74764731734115,0.0,453.78469504471855,1000.0,20.0,68.02281303790514,0.0,186.454304220014,8
48007,48,3,1,10,353,14,0.9269858250869216,0.7159668360524204,0.5153784434340732,5000.0,1000.0,526.6921091200857,0.0,501.13318983416605,5000.0,35.0,153.87333618614602,0.0,355.5162291515254,3
48009,48,6,1,3,558,20,0.7628440948877331,0.6207027781301535,0.2955727514905493,1024.0,50.0,214.65469998731447,0.0,379.0469433094917,1024.0,5.0,62.570812634783714,0.0,197.24523393090686,6
48011,48,4,1,1,472,8,0.9547738693467337,0.35050251256281406,0.14321608040201006,200.0,15.0,39.76130653266332,0.0,57.29983146414938,200.0,2.0,19.83329648241206,0.0,37.864367442387916,4
48013,48,7,1,13,397,21,0.9801514510135929,0.7753163068529232,0.23987582898264428,1000.0,25.0,183.37482752457552,0.0,336.09447387623374,1000.0,3.0,137.62777724472036,0.0,335.0299267957213,7
48015,48,6,1,8,394,18,0.9744754979928804,0.8139816708323866,0.21358782094978415,1000.0,50.0,105.2268808604105,0.0,235.51435046963297,1000.0,10.0,29.580661061879876,0.0,121.86024339515032,6
48017,48,3,1,2,528,7,0.9716729021913415,0.44414751469802244,0.37359700694815606,500.0,15.0,196.40299305184394,0.0,234.55388950504715,250.0,1.5,94.19231640833779,0.0,120.36053104129078,3
48019,48,4,1,7,332,18,0.8243219597550306,0.6680664916885389,0.2461942257217848,1000.0,25.0,217.65593140857393,0.0,380.8566800694659,1000.0,3.0,196.97144706911638,0.0,388.06112816269933,4
48021,48,5,1,21,461,22,0.9131968503937008,0.6910866141732284,0.14292913385826772,1024.0,25.0,142.29395653543307,0.0,317.2229466270012,1024.0,3.0,15.097201637795276,0.0,80.07989702840833,5
48023,48,2,1,2,479,9,0.7494017837720253,0.7365673265172938,0.26517293887317817,1000.0,25.0,94.26713073743745,0.0,226.70366127516456,1000.0,3.0,61.59913073743746,0.0,232.15685934253017,2
48025,48,7,1,9,433,13,0.9547103569338795,0.6004681100058514,0.13387946167349327,1000.0,25.0,153.45110076067874,0.0,332.99156443690447,35.0,3.0,8.73470801638385,0.0,10.79305050724453,7
48027,48,16,1,87,352,27,0.932809023847625,0.8213184497092229,0.5950782561180282,1000.0,100.0,336.38348854455324,0.0,414.37522275203884,1000.0,10.0,48.301702236446665,0.0,163.52907087224716,16
48029,48,20,1,375,577,54,0.9214051801131289,0.8189716957207281,0.3713958078352243,10000.0,25.0,366.33892655441986,0.0,511.3187584995119,10000.0,5.0,138.73376324523392,0.0,353.5093608130755,20
48031,48,3,1,4,300,22,0.9389408970238927,0.685063574123236,0.27357831493642587,10000.0,25.0,927.7525499510969,0.0,2747.9164794999106,6000.0,4.0,463.50625904708676,0.0,1493.397413512489,3
48033,48,2,1,1,467,7,0.8175750834260289,0.271412680756396,0.26807563959955505,1000.0,10.0,203.50166852057842,2.0,376.2642761496184,1000.0,2.0,181.54505005561737,1.0,375.7518464516477,2
48035,48,11,1,7,722,14,0.9419219638758607,0.810797325616206,0.3282606526294781,2000.0,50.0,56.38338708711706,0.0,63.80283715280239,1000.0,5.0,16.106412633469713,0.0,57.64143572079786,11
48037,48,13,1,26,387,16,0.9038988911410516,0.7757243352807917,0.4983903660426851,10000.0,50.0,404.834537021581,0.0,497.27109688410934,5000.0,35.0,118.99140121616787,0.0,291.6854058232398,13
48039,48,9,1,78,756,33,0.9593923833975182,0.8093495934959349,0.25984167736414204,1200.0,25.0,241.37063115104837,0.0,424.6033461827135,1000.0,6.0,71.02414005134789,0.0,235.7418360217067,9
48041,48,3,1,63,363,25,0.9422667501565435,0.6819453141306616,0.2963055729492799,1000.0,50.0,169.69478188269673,0.0,329.16473751573324,1000.0,10.0,26.971467000626173,0.0,112.1092985496042,3
48043,48,4,1,3,1525,9,0.9509607112130771,0.2662269381512284,0.1467354937386483,2000.0,12.0,160.89346525188796,0.0,348.56280584857683,1000.0,3.0,101.52669381512283,0.0,296.80346889005943,4
48045,48,3,1,1,543,6,0.9814814814814815,0.23941798941798942,0.23941798941798942,1000.0,15.0,50.84986772486773,1.5,81.94666633006806,100.0,2.0,20.50615343915344,0.064,34.849440378815686,3
48047,48,1,1,2,581,10,0.9517833553500661,0.8764861294583883,0.44583883751651254,1000.0,25.0,457.23117569352706,0.0,486.4182968154797,1000.0,3.0,280.4024782034346,0.0,441.05805228680003,1
48049,48,10,1,13,380,18,0.7735612241131087,0.5972165823766105,0.4452360736830448,5120.0,50.0,142.22346708996272,0.0,301.4787399356626,3072.0,6.0,115.82154542434199,0.0,295.46682840219137,10
48051,48,3,1,7,321,13,0.9738054495195472,0.753060418586284,0.2678688956166908,1000.0,50.0,103.38929840726603,0.0,215.15757414986572,1000.0,10.0,63.13913913386863,0.0,220.2159469872769,3
48053,48,3,1,15,446,32,0.9203230372158855,0.7270002497710432,0.44076263425193574,10000.0,50.0,203.60910831737573,0.0,416.9996108620243,10000.0,10.0,15.955455166097744,0.0,154.64911300281568,3
48055,48,7,1,11,376,25,0.9708588957055214,0.8377462060058121,0.09331611236680659,10000.0,25.0,118.50157055214724,0.0,291.72003480176477,4000.0,5.0,13.128278010978367,0.0,58.032926480930556,7
48057,48,1,1,7,363,15,0.9679062659195109,0.7238920020376974,0.43657666836474784,1000.0,50.0,446.00152827305146,0.0,485.4524445716375,500.0,5.0,34.92819561895058,0.0,68.68266707815626,1
48059,48,6,1,3,623,15,0.9021189735614308,0.8582814930015552,0.6373444790046656,1000.0,100.0,192.7424669517885,0.0,318.46047099611883,1000.0,10.0,139.0478063763608,0.0,327.92491352535427,6
48061,48,10,1,122,692,23,0.9365320022392237,0.8252472476208248,0.2783401754058593,10000.0,25.0,291.08448843067737,0.0,441.4572277165524,10000.0,3.0,26.198541239037137,0.0,136.37165192970718,10
48063,48,2,1,3,308,12,0.6193678547410895,0.2972427706792199,0.14660390047074648,1000.0,10.0,145.44279219905852,0.0,339.3724235639287,50.0,1.0,8.882017484868863,0.0,17.173871682676733,2
48065,48,4,1,2,660,14,0.9776853252647504,0.9164145234493192,0.5022692889561271,1024.0,100.0,171.9713706505295,0.0,308.0946811708355,1024.0,10.0,47.73832072617246,0.0,97.06608260991926,4
48067,48,8,1,9,473,13,0.9060312331717825,0.6299138395261173,0.286214324178783,2000.0,25.0,196.16312762520195,0.0,369.48740614704434,1024.0,4.0,72.00771297792139,0.0,223.07799044978427,8
48069,48,7,1,3,748,13,0.9787944565035899,0.7106361663048923,0.21422608114877276,1000.0,25.0,155.4677862748372,0.0,313.9194410295536,1000.0,3.0,130.59864150943395,0.0,313.7005936456541,7
48071,48,5,1,7,332,19,0.9025714285714286,0.6464285714285715,0.25971428571428573,1200.0,25.0,241.03714285714287,0.0,420.2600623190426,1000.0,5.0,47.380337142857144,0.0,170.671949754257,5
48073,48,8,1,14,346,18,0.9323780978141677,0.47393815337378464,0.22574749616200016,1000.0,18.0,176.41111046129103,0.0,341.24225902089086,1000.0,1.0,79.69493924994518,0.0,257.39846238714637,8
48075,48,3,1,2,811,12,0.754113886586954,0.5998579377293713,0.38487036817805137,1000.0,25.0,162.9337639398603,0.0,321.90155108376325,1000.0,3.0,131.98979945542794,0.0,330.8839475456743,3
48077,48,8,1,3,569,20,0.6928980310750456,0.5739447694533559,0.32886708183934077,1024.0,50.0,192.18853871799712,0.0,357.36687182866996,1024.0,5.0,65.23751550607032,0.0,195.60511809549467,8
48079,48,3,1,1,550,7,0.9507042253521126,0.35352112676056335,0.33943661971830985,1000.0,15.0,202.07323943661973,0.0,359.005895506312,1000.0,2.0,191.204,0.0,361.46556374290935,3
48081,48,4,1,2,503,13,0.6521344232515894,0.3923705722070845,0.09400544959128065,1000.0,18.0,34.131017257039055,0.0,86.5497562738448,1000.0,1.0,10.583978201634876,0.0,82.17308080837029,4
48083,48,5,1,3,819,15,0.7597310056114723,0.3585552685490336,0.29869956355215105,1000.0,15.0,137.0831923042665,0.0,306.96148975529945,1000.0,2.0,114.31022837801727,0.0,312.71755529903425,5
48085,48,22,1,220,651,47,0.9171937769337521,0.810978014754218,0.3460594551164999,5000.0,25.0,294.00991509750935,0.0,452.5340046869246,5000.0,20.0,112.51679477028705,0.0,326.589750296557,22
48087,48,5,1,1,823,11,0.9808856323669959,0.7180630774131889,0.33354571519592224,1000.0,25.0,133.65769353297227,0.0,272.582947229289,500.0,3.0,65.92255113093341,0.0,140.44917802503156,5
48089,48,4,1,5,700,26,0.9781625024591777,0.5730211817168339,0.20335759721948982,2000.0,25.0,120.20233195619386,0.0,284.5008386381869,1000.0,3.0,9.896005246245656,0.0,18.642630735065307,4
48091,48,4,1,33,358,30,0.9548907633467806,0.7742442500130979,0.2890448996699324,2000.0,25.0,276.8709465080945,0.0,426.9842101699818,1024.0,3.0,63.78395159008749,0.0,195.80397114993897,4
48093,48,15,1,5,496,16,0.6599719757122839,0.4970263116923556,0.15481862058228243,10000.0,18.0,69.40865900669469,0.0,396.45860034239246,10000.0,2.0,46.766488681301574,0.0,395.5168598126348,15
48095,48,3,1,1,690,10,0.6733303044070876,0.46524307133121307,0.38845979100408906,1000.0,18.0,133.71467514766016,0.0,285.916326008741,100.0,2.0,13.498758746024535,0.0,28.556371400833676,3
48097,48,13,1,9,642,18,0.9805345894103626,0.9235287441121389,0.2778219170308155,2000.0,50.0,171.13383099710572,0.0,326.4702207586854,1000.0,5.0,98.89196532546393,0.0,287.079397802978,13
48099,48,11,1,19,407,19,0.9346240179573513,0.8230920314253648,0.4908810325476992,8000.0,80.0,150.20873737373736,0.0,318.3367476305426,2000.0,10.0,15.2899354657688,0.0,75.43165632632838,11
48101,48,3,1,1,556,6,0.8575553416746872,0.6794995187680462,0.5062560153994226,1000.0,100.0,150.59576515880656,1.0,290.7115383749321,1000.0,10.0,123.263291626564,0.064,297.9639838846933,3
48103,48,1,1,1,276,13,0.9242424242424242,0.1127946127946128,0.04040404040404041,1000.0,15.0,37.966181818181816,0.0,141.7518722396075,1000.0,1.5,16.63079461279461,0.0,104.04587913456851,1
48105,48,1,1,1,861,7,0.46662428480610296,0.20152574698029244,0.017800381436745075,1000.0,4.0,16.450731087094724,0.0,58.74399667048032,1000.0,1.0,4.643926255562619,0.0,56.235539322344636,1
48107,48,4,1,3,558,12,0.9895718316770948,0.6332965280333701,0.2491718807508281,1000.0,25.0,92.41504109925162,0.0,172.13292870064905,1000.0,5.0,80.99915691326218,0.0,176.24547976272441,4
48109,48,1,1,1,304,5,0.9160063391442155,0.6561014263074485,0.6164817749603804,1000.0,100.0,183.53882725832014,0.0,320.81947353794186,1000.0,10.0,146.77300792393027,0.0,333.51701673655134,1
48111,48,3,1,2,826,7,0.9921236872812136,0.9057759626604434,0.7785880980163361,1000.0,1000.0,713.458284714119,0.0,425.20528454486225,1000.0,1000.0,685.9820210035006,0.0,459.80196267756247,3
48113,48,16,1,645,705,67,0.8143107337256261,0.653482686740533,0.37570065687285303,5000.0,25.0,332.15886902612635,0.0,461.7265545815527,5000.0,4.0,123.4965035094749,0.0,325.8991237586777,16
48115,48,5,1,4,1204,10,0.991795175958877,0.544978252273626,0.45072162910241204,1000.0,25.0,310.0405545670225,0.0,433.04274923153247,1000.0,5.0,275.6431397785686,0.0,412.82110184624975,5
48117,48,6,1,4,833,10,0.8389234514471193,0.6775764133080876,0.45334054638896404,1000.0,25.0,461.4768731403841,0.0,490.5192589652726,1000.0,4.0,454.4836402488504,0.0,496.81168450582226,6
48119,48,4,1,2,307,13,0.8183845786203601,0.6788274653496893,0.24422494822367372,2000.0,25.0,71.12650501832086,0.0,166.63595272184244,1000.0,10.0,14.61367627847698,0.0,40.5713798308165,4
48121,48,17,1,193,474,50,0.9051797059194068,0.7814282886093263,0.33985745910048054,2000.0,25.0,280.32967147202277,0.0,431.1374370483413,2000.0,5.0,111.9633184133326,0.0,311.49952266830974,17
48123,48,6,1,6,542,16,0.9770162481536189,0.6382865583456425,0.10227474150664698,2000.0,25.0,120.00522186115214,0.0,300.0643944550623,1000.0,3.0,7.959475568685377,0.0,40.82825170952602,6
48125,48,2,1,1,447,5,0.9981132075471698,0.909433962264151,0.8188679245283019,400.0,100.0,105.82075471698113,0.0,85.21613881666865,400.0,50.0,65.17358490566038,0.0,92.23312859162488,2
48127,48,1,1,3,659,11,0.9338935574229692,0.5411764705882353,0.29523809523809524,1000.0,25.0,275.62907338935577,0.0,429.744470099143,35.0,3.0,11.124327170868346,0.0,14.565576274141442,1
48129,48,5,1,2,790,11,0.982083439979524,0.3679293575633478,0.04018428461735347,200.0,15.0,27.860954696698233,0.0,28.32170191016841,200.0,2.0,8.740385973893012,0.0,27.08858647711296,5
48131,48,5,1,3,811,12,0.9638567254626123,0.7079320419867979,0.24250622227031707,1000.0,25.0,177.09314879342062,0.0,349.8430070837369,1000.0,3.0,46.672628070555135,0.0,192.53796188219866,5
48133,48,9,1,7,613,15,0.9310518770243721,0.8224658843519355,0.2854298306164711,10000.0,50.0,297.87967896776934,0.0,1270.6328842607736,10000.0,10.0,177.51642627303139,0.0,856.2999393883805,9
48135,48,1,1,33,617,25,0.9547331993748605,0.8261330654163875,0.6513172583165885,5000.0,100.0,415.222496316142,0.0,445.7137892973353,5000.0,20.0,86.81608260772494,0.0,255.57147415416875,1
48137,48,2,1,1,463,6,0.9239842726081258,0.40104849279161203,0.2804718217562254,1000.0,10.0,82.84796854521625,0.0,115.88196574978524,1000.0,1.0,73.44446657929227,0.0,120.885191962589,2
48139,48,11,1,36,477,31,0.975463335265845,0.8845542443567541,0.3849937349217333,1000.0,50.0,127.95226279665613,0.0,254.69280395467337,1000.0,10.0,34.17333395672421,0.0,128.21517272567064,11
48141,48,9,1,188,678,26,0.9309914214355521,0.5554891953523727,0.353377131067434,1024.0,25.0,315.9139312086003,0.0,446.4033016321425,1024.0,10.0,88.83410652622435,0.0,259.82043932492576,9
48143,48,13,1,12,345,20,0.95426073633455,0.8726510747600379,0.2648370961200487,2000.0,40.0,110.14967148844126,0.0,242.53304939011036,1000.0,6.0,42.92646874859177,0.0,155.80940266719435,13
48145,48,12,1,6,420,18,0.934502544116055,0.8202879722853741,0.35985709645988956,1000.0,50.0,90.73872252895961,0.0,175.2814767514164,200.0,5.0,18.878814550178628,0.0,40.2328958276666,12
48147,48,13,1,9,493,17,0.8470909764684084,0.6255095423383361,0.2952797850657773,2000.0,25.0,85.82560385399296,0.0,206.39388469108616,1000.0,5.0,13.720311839911062,0.0,71.74669418203598,13
48149,48,8,1,9,551,24,0.986219169011753,0.6187303426585002,0.14923025989074656,2000.0,25.0,55.70307101473266,0.0,155.78969248911295,1024.0,3.0,12.86033173315676,0.0,30.14838111421571,8
48151,48,7,1,2,760,10,0.9772072936660269,0.22288867562380038,0.11348368522072937,1000.0,15.0,124.47825335892514,0.0,308.08097284207935,1000.0,2.0,108.86832533589251,0.0,308.3164613547876,7
48153,48,6,1,2,1029,10,0.9817702086831375,0.17366274886063804,0.09126888942192372,1000.0,15.0,96.43134324778124,0.0,269.6470073388682,50.0,2.0,6.482676900935476,0.0,13.823665013592066,6
48155,48,2,1,1,498,6,0.6353026987600292,0.6353026987600292,0.5142231947483589,1000.0,100.0,274.1575492341357,0.0,413.04655208758,1000.0,10.0,246.25971115973744,0.0,427.01635779069926,2
48157,48,6,1,133,547,30,0.9333333333333333,0.8305254713196951,0.3978539911752908,3000.0,25.0,336.5997470517449,0.0,483.1412934131135,3000.0,6.0,128.48080770156437,0.0,315.2759816496934,6
48159,48,5,1,4,308,11,0.7498988263860785,0.5827600161877782,0.22237960339943344,1000.0,25.0,159.41228247673007,0.0,335.45892021721437,1000.0,3.0,15.122013759611493,0.0,29.01276438575254,5
48161,48,8,1,8,426,19,0.9435531092633798,0.7456376624897529,0.5918725846117813,1000.0,100.0,185.62224241714486,0.0,318.1164486653222,1000.0,10.0,61.98319100597259,0.0,208.23802219987627,8
48163,48,5,1,6,572,12,0.9347581552305961,0.6950381202349706,0.20047494063242094,1000.0,25.0,218.05502962129734,0.0,391.7259696939231,1000.0,3.0,60.08946081739783,0.0,221.545582758415,5
48165,48,4,1,4,859,13,0.9764716652934176,0.6723427629772041,0.418932527693857,1000.0,25.0,300.1204031859379,0.0,429.947560186953,1000.0,5.0,147.05295358418016,0.0,275.9757061387918,4
48167,48,8,1,103,522,26,0.9424843600293074,0.6392943696105506,0.35802851828890264,2000.0,25.0,393.2817579890661,0.0,527.0564766926856,1000.0,3.0,130.9506445358733,0.0,323.2770947139518,8
48169,48,3,1,3,544,9,0.9843619683069225,0.640742285237698,0.3759382819015847,1000.0,25.0,301.6641993327773,0.0,436.7298758398607,1000.0,5.0,213.8583836530442,0.0,394.59956443599856,3
48171,48,3,1,7,336,16,0.7478332162098852,0.5261185289294917,0.3147107050831576,10000.0,25.0,147.88147107050833,0.0,598.757680577224,6000.0,3.0,40.27486858749121,0.0,251.20092957475742,3
48173,48,1,1,1,448,7,0.6188579017264276,0.5896414342629482,0.3758300132802125,1000.0,25.0,107.28818061088977,2.0,131.59953186963762,50.0,4.0,20.138114209827357,1.0,23.220257689865278,1
48175,48,1,1,2,255,14,0.9708576186511241,0.765195670274771,0.3097418817651957,2000.0,25.0,205.31169025811823,0.0,344.7361039270819,1000.0,3.0,138.7513905079101,0.0,339.0626835037853,1
48177,48,7,1,6,472,15,0.9894026974951831,0.7999587118084228,0.1493944398568676,2000.0,25.0,166.05624167354804,0.0,344.26341814349416,1000.0,3.0,79.52501156069366,0.0,246.90660708170287,7
48179,48,9,1,7,1110,16,0.9799738622386224,0.5537361623616236,0.2900138376383764,1024.0,25.0,126.94383886838868,0.0,276.9850092376507,1024.0,3.0,59.11992619926199,0.0,150.79969298274418,9
48181,48,16,1,30,659,34,0.9483756059672711,0.8044433136031283,0.28822615635964327,1024.0,25.0,167.69297597557383,0.0,328.36713907168206,1024.0,5.0,47.22530878217318,0.0,185.511613204923,16
48183,48,7,1,30,400,30,0.890872027180068,0.5359909399773499,0.32226500566251415,10000.0,25.0,224.7020540883352,0.0,544.8849872464023,10000.0,4.0,53.95766360135901,0.0,446.5701349735285,7
48185,48,5,1,8,326,16,0.9123222748815166,0.7553975776724592,0.34096893101632436,1000.0,50.0,188.73913902053712,0.0,337.1977390997444,1000.0,10.0,157.5926224328594,0.0,346.1724995884531,5
48187,48,11,1,41,424,25,0.9693201583953222,0.870175049035935,0.2372969172125384,2000.0,25.0,238.19260797157767,0.0,400.50107685394534,1000.0,5.0,107.24617763961363,0.0,295.5747958143351,11
48189,48,7,1,9,822,17,0.9665555683254798,0.5604528215147684,0.37702562923801863,1000.0,25.0,255.09149431099877,0.0,374.4385465823296,1000.0,5.0,186.4273278933456,0.0,330.92969864221715,7
48191,48,3,1,1,966,9,0.6026785714285714,0.28530844155844154,0.1708603896103896,1000.0,10.0,93.96631493506493,0.0,258.63978327632447,1000.0,2.0,83.16061525974027,0.0,260.9588578419756,3
48193,48,6,1,3,472,10,0.9173667711598746,0.8219435736677116,0.3646394984326019,1000.0,25.0,162.97920050156742,0.0,317.4863874800917,1000.0,5.0,82.73530783699059,0.0,258.4835687015577,6
48195,48,4,1,2,432,11,0.9889125321984544,0.35367902340687646,0.1367454362190615,1000.0,15.0,93.81156904468585,0.0,254.6216045083487,1000.0,2.0,75.67603449434428,0.0,258.82085854642105,4
48197,48,3,1,1,977,8,0.7042095835199284,0.6021047917599641,0.28481862964621585,1000.0,25.0,108.2405078369906,0.0,260.8872398732638,1000.0,3.0,80.68945902373488,0.0,266.44441932350696,3
48199,48,6,1,13,481,14,0.9293392921850465,0.6942867496074405,0.5262712888029956,1000.0,200.0,307.18585433023316,0.0,401.27738361293905,1000.0,35.0,38.49877618069815,0.0,46.34802182590657,6
48201,48,25,1,1115,585,57,0.884622286707012,0.7266642484870468,0.46668830301063363,3000.0,50.0,375.2302047230866,0.0,502.7354900939363,3000.0,10.0,127.04407326320613,0.0,306.1227310792965,25
48203,48,8,1,16,398,21,0.9127674823384867,0.44998464216238354,0.2624142520733081,1200.0,20.0,240.33449657008293,0.0,418.9429903949813,1024.0,3.0,46.07622197194635,0.0,192.77163452618709,8
48205,48,3,1,1,721,7,0.9902439024390244,0.9097560975609756,0.5780487804878048,1000.0,300.0,497.4439024390244,0.0,464.38419741682094,1000.0,50.0,466.151687804878,0.0,488.1658396830411,3
48207,48,6,1,2,807,12,0.958930276981853,0.6344051788177862,0.3748275496126499,1000.0,25.0,181.0409105380452,0.0,339.68170842476025,1000.0,5.0,150.92339382362303,0.0,350.5187305287291,6
48209,48,7,1,46,290,36,0.8964986927769518,0.6696057825396011,0.2709283846824217,10000.0,25.0,269.9181988004306,0.0,471.4958780525981,10000.0,3.0,38.58533664838263,0.0,237.48346319551996,7
48211,48,3,1,1,615,10,0.9858314690529456,0.4086502609992543,0.307979120059657,1024.0,18.0,190.86729008202835,0.0,359.03619747043297,1024.0,2.0,178.58336465324385,0.0,361.8605558590623,3
48213,48,12,1,28,413,21,0.9172214283224704,0.7598201526611132,0.2726639015719215,2000.0,30.0,147.13582768115435,0.0,297.9382128653145,1000.0,10.0,15.976372311874805,0.0,27.990634376406938,12
48215,48,16,1,212,586,31,0.9369237421712627,0.834191181598806,0.23710089132527096,10000.0,25.0,256.9234949435773,0.0,413.23432786273827,10000.0,3.0,28.915496505837556,0.0,135.56200561524702,16
48217,48,19,1,12,750,20,0.9513551583446668,0.8833786671847679,0.31970079658053235,2000.0,50.0,106.96238886730134,0.0,221.59456455388224,1000.0,10.0,58.8296491159899,0.0,206.20856412283968,19
48219,48,8,1,7,784,18,0.9637008834510036,0.7420249140575906,0.4872657376261413,2000.0,50.0,230.0812848852253,0.0,354.80398733324125,2000.0,30.0,167.24001286363804,0.0,282.0483160589645,8
48221,48,6,1,14,348,17,0.9632655729132623,0.8856788025361134,0.5074187855415386,1000.0,100.0,177.35489404536244,0.0,307.9921596862591,1000.0,10.0,48.6242041963527,0.0,129.3778819417258,6
48223,48,10,1,10,440,16,0.8788452594511993,0.6248422031758687,0.2634376453391801,1000.0,25.0,121.86127327087901,0.0,274.8628064580978,1000.0,10.0,29.214516776293934,0.0,101.77542649228899,10
48225,48,7,1,8,359,12,0.9329744564070086,0.7097318978256281,0.6213848427274646,2000.0,100.0,122.77406586447118,0.0,219.25398201291895,1000.0,25.0,37.49012961790163,0.0,89.59398137113124,7
48227,48,6,1,10,569,13,0.7843279784836811,0.47423130042887257,0.3460783601075816,1000.0,12.0,230.95795216980446,0.0,388.9623545349509,500.0,3.0,54.79731889220034,0.0,125.38091692375868,6
48229,48,4,1,1,363,9,0.9361233480176211,0.5958149779735683,0.31828193832599116,1000.0,25.0,45.019823788546255,0.0,56.289604491952495,1000.0,5.0,20.612823788546255,0.0,50.30756244476482,4
48231,48,18,1,21,492,25,0.8190160309563295,0.6794914317302377,0.3050777856748006,2000.0,25.0,137.5399361920556,0.0,287.5505489874166,1000.0,10.0,21.322887625365237,0.0,57.98971603342013,18
48233,48,6,1,8,735,13,0.9676886083558761,0.5436579501051999,0.14803125939284642,1024.0,25.0,144.58084730988878,0.0,324.6234046987798,1024.0,3.0,11.666437330928765,0.0,26.63311428646081,6
48235,48,1,1,1,609,9,0.6621761658031088,0.4647668393782383,0.17512953367875647,1000.0,18.0,34.6839378238342,0.0,52.41448243504278,50.0,1.0,3.721081865284974,0.0,4.242744246089049,1
48237,48,6,1,3,410,17,0.9705882352941176,0.851397701937918,0.4948550848910993,1000.0,60.0,106.5640178357057,0.0,191.93020674557783,1000.0,50.0,65.4501334247985,0.0,156.8290238295911,6
48239,48,5,1,3,540,18,0.9756237453398336,0.5219386291941497,0.29825064525379985,1024.0,25.0,308.0897826211643,0.0,450.81382928654637,500.0,5.0,35.51101691998853,0.0,96.59371005733195,5
48241,48,7,1,10,301,10,0.8954669308892742,0.5286103542234333,0.3249938072826356,1000.0,25.0,174.57428189249444,0.0,320.6564722649399,1000.0,3.0,27.562363140946246,0.0,42.42927630794295,7
48243,48,2,1,1,329,7,0.9759797724399494,0.5398230088495575,0.31605562579013907,1000.0,50.0,132.70893552465233,0.0,278.63015368409253,1000.0,5.0,96.4958027812895,0.0,288.22602442385255,2
48245,48,7,1,76,701,24,0.8583228774571309,0.6604976997072355,0.4278196012825875,2000.0,25.0,433.11500013941173,0.0,486.600750845795,1000.0,3.0,119.49567280078071,0.0,304.7946044037845,7
48247,48,1,1,2,489,6,0.9184782608695652,0.6351902173913043,0.006793478260869565,1000.0,25.0,27.08598641304348,0.0,80.81788886747204,1000.0,3.0,9.267614130434783,0.0,81.9992066974477,1
48249,48,7,1,11,574,17,0.9372958850424559,0.838259307642064,0.2263226649248857,1000.0,25.0,238.05777433050295,0.0,402.32625872058446,1000.0,3.0,71.90910418027433,0.0,243.1591826175903,7
48251,48,12,1,39,422,26,0.9658268116083452,0.8932258631120826,0.49354983508655514,1000.0,50.0,182.48529534143915,0.0,317.85369979543475,1000.0,20.0,114.18067245652725,0.0,277.6988223390304,12
48253,48,11,1,6,735,14,0.9866141010360319,0.6043825066471074,0.27945356193270376,1000.0,25.0,202.5358241496287,0.0,370.8550449103898,1000.0,4.0,123.4836044741909,0.0,314.6401552703244,11
48255,48,8,1,5,515,17,0.9680623973727422,0.6995073891625616,0.0017241379310344827,2000.0,25.0,24.321888341543513,0.0,33.23993231378468,1000.0,3.0,4.932415763546798,0.0,16.47870988122502,8
48257,48,10,1,27,455,27,0.921921190832261,0.7656940145376134,0.32953083156540186,1000.0,25.0,173.34703550933816,0.0,331.59083988758033,1000.0,10.0,46.64411970924773,0.0,174.09917973720945,10
48259,48,5,1,9,286,21,0.791307270079534,0.6610283409880139,0.31141480900638513,10000.0,25.0,255.27769687464993,0.0,516.7134838568139,10000.0,3.0,138.5170310294612,0.0,444.27463979654993,5
48261,48,2,1,1,154,4,0.9700598802395209,0.7485029940119761,0.10179640718562874,1000.0,25.0,53.053892215568865,0.0,150.07590701937488,1000.0,3.0,30.37125748502994,0.0,152.6158887590584,2
48263,48,5,1,1,328,4,0.9637681159420289,0.748792270531401,0.5748792270531401,1000.0,100.0,75.33695652173913,1.5,110.34457920047524,50.0,50.0,30.082106280193237,0.384,23.18557338921072,5
48265,48,8,1,14,482,22,0.6850597609561753,0.5651892430278884,0.1823207171314741,1000.0,25.0,176.59232270916334,0.0,359.3197606059951,1000.0,3.0,102.6906221115538,0.0,291.51281985847555,8
48267,48,3,1,2,580,10,0.5175609756097561,0.31341463414634146,0.09268292682926829,1000.0,6.0,71.09560975609756,0.0,227.0539457309905,1000.0,1.0,57.854554146341464,0.0,229.19462143025626,3
48269,48,2,1,1,183,5,0.9497716894977168,0.9497716894977168,0.6484018264840182,1000.0,100.0,105.35159817351598,2.0,178.3553382097674,1000.0,50.0,66.07627397260273,0.064,183.42083562856186,2
48271,48,1,1,1,363,9,0.9522222222222222,0.6411111111111111,0.0033333333333333335,1000.0,25.0,24.49144888888889,0.0,35.82082633301205,250.0,3.0,3.8176577777777774,0.0,11.904477223509957,1
48273,48,4,1,9,538,17,0.9447818884594147,0.6725565985643291,0.14384318056322473,2000.0,25.0,158.61553506350083,0.0,339.42056864102136,2000.0,3.0,11.570170071783545,0.0,41.93976959941453,4
48275,48,5,1,2,560,10,0.7383568383076419,0.6890783863561823,0.38119055428009185,1000.0,50.0,210.4381354542473,0.0,369.3901803460077,1000.0,5.0,182.32825385372254,0.0,380.9207917135603,5
48277,48,6,1,13,451,19,0.8598802930141147,0.7048418795783455,0.3706003216008576,1000.0,74.0,174.56370627121672,0.0,313.76967821312707,1000.0,10.0,35.03466785778095,0.0,142.1451494879271,6
48279,48,8,1,5,716,14,0.9794659885568976,0.6647171010807374,0.384297520661157,1000.0,25.0,251.27895740623012,0.0,345.0983678018869,1000.0,5.0,194.516955626192,0.0,328.7571678080378,8
48281,48,4,1,6,337,16,0.8703090507726269,0.7347314201618838,0.4116997792494481,1000.0,50.0,131.43421854304637,0.0,237.52663093021584,1000.0,4.0,13.700470934510669,0.0,53.541422383702084,4
48283,48,2,1,2,737,11,0.928023598820059,0.6126843657817109,0.1831858407079646,1000.0,25.0,193.00501002949855,0.0,374.851219333443,1000.0,3.0,67.47821002949853,0.0,238.79358988087768,2
48285,48,9,1,6,422,18,0.9791269775532179,0.612730887103454,0.10125900770313924,1024.0,25.0,115.28973130125073,0.0,291.62216836389604,1000.0,5.0,50.251945663878075,0.0,204.70819570782695,9
48287,48,4,1,4,330,17,0.9707094495142773,0.772887842213718,0.29849867530173685,1000.0,50.0,163.4874889608478,0.0,314.61464665893186,1000.0,10.0,84.98422608183692,0.0,257.38423174195407,4
48289,48,5,1,6,323,11,0.8892405063291139,0.6397679324894515,0.3494198312236287,1000.0,25.0,83.34880379746835,0.0,109.18608802369295,1000.0,25.0,45.56137869198312,0.0,80.68034657299144,5
48291,48,7,1,17,567,20,0.9402794175521448,0.5901219992129083,0.24488390397481308,1200.0,25.0,260.2825934671389,0.0,443.46433180509575,1000.0,3.0,61.010637544273905,0.0,218.79787579397197,7
48293,48,8,1,8,539,16,0.9445071645679548,0.7988710377768129,0.5128962223187147,1024.0,100.0,160.536589491967,0.0,293.76208719233745,1024.0,10.0,17.44623412939644,0.0,63.31715863833735,8
48295,48,4,1,2,405,6,0.9796733212341198,0.4528130671506352,0.1279491833030853,1000.0,15.0,94.87196007259529,0.0,237.82371368447596,1000.0,2.0,74.64342359346642,0.0,243.2333249763662,4
48297,48,3,1,4,545,12,0.972519976612746,0.920483336581563,0.3950496979146365,1000.0,25.0,324.1948033521731,0.0,422.71201933951505,1000.0,3.0,238.62660534008964,0.0,421.2114325458036,3
48299,48,3,1,8,472,15,0.8414755732801595,0.6193419740777667,0.43110667996011964,1000.0,50.0,155.83988035892324,0.0,303.4063271696208,1000.0,10.0,13.760714656031904,0.0,31.032641781606213,3
48301,48,1,1,1,70,5,0.9680851063829787,0.9148936170212766,0.7659574468085106,1000.0,105.0,106.79787234042553,0.0,138.9254909598492,1000.0,105.0,98.13336170212766,0.0,113.75929369221502,1
48303,48,11,1,106,476,27,0.979489895231007,0.7503721303028568,0.41917616076029085,10000.0,50.0,262.61335827560544,0.0,396.3931011149042,10000.0,20.0,143.8639649052499,0.0,296.1509281221785,11
48305,48,8,1,3,718,11,0.9980260102183001,0.6150719925685091,0.5456920575940548,1000.0,105.0,341.9725383186252,0.0,440.2480845186596,1000.0,105.0,298.435987459359,0.0,407.1063000903508,8
48307,48,4,1,3,786,10,0.6733460559796438,0.4736005089058524,0.3705470737913486,1000.0,18.0,142.42345207803223,0.0,302.72230378137203,100.0,1.0,14.270722646310434,0.0,30.24097611189206,4
48309,48,20,1,58,478,28,0.9454354828906583,0.8397556676593935,0.44239652343037744,5000.0,50.0,340.7622938066006,0.0,421.3275546216146,5000.0,5.0,54.9282364918252,0.0,192.48911881133216,20
48311,48,1,1,1,408,4,0.9179487179487179,0.7,0.2076923076923077,1000.0,25.0,221.2,0.0,397.5274654045462,1000.0,3.0,208.23819487179486,0.0,404.05676460349775,1
48313,48,3,1,4,230,12,0.9346049046321526,0.6164850136239782,0.20367847411444143,1000.0,25.0,157.5745476839237,0.0,322.39505806441855,1000.0,4.0,29.502171662125342,0.0,86.63015799475062,3
48315,48,3,1,4,342,12,0.9325551232166018,0.35732814526588846,0.20752269779507135,1024.0,18.0,188.8845084306096,0.0,370.4120905293894,1024.0,1.5,7.747010376134889,0.0,36.56603706147912,3
48317,48,4,1,2,644,12,0.7623612512613521,0.5988900100908173,0.4535822401614531,1000.0,25.0,207.90128153380425,0.0,278.7479318486488,1000.0,4.0,98.71925327951564,0.0,248.02460163378487,4
48319,48,2,1,2,416,9,0.5715440582053355,0.3734842360549717,0.2675828617623282,1200.0,6.0,101.05052546483428,0.0,258.1690223673549,1000.0,1.0,77.9500953920776,0.0,260.0165360842977,2
48321,48,6,1,12,711,21,0.92851044011488,0.6121245051618411,0.2287510672979896,1024.0,25.0,210.68411643250795,0.0,385.67776471845116,1000.0,3.0,48.270980361716994,0.0,186.9519154820401,6
48323,48,1,1,13,469,12,0.9209375,0.7728125,0.340625,1000.0,25.0,328.12336125,0.0,452.4286900332261,1000.0,4.0,26.985825,0.0,117.18420276466402,1
48325,48,8,1,11,424,19,0.9682060802970527,0.785913204919935,0.2783128336040845,2000.0,25.0,184.76703620329542,0.0,323.45633905228556,1000.0,3.0,123.40162195404967,0.0,316.5086325249689,8
48327,48,3,1,1,388,7,0.6719665271966527,0.396652719665272,0.3129707112970711,1000.0,18.0,45.48953974895397,0.0,85.03061071998852,100.0,1.0,4.463082845188285,0.0,8.374552619054136,3
48329,48,2,1,37,437,29,0.9437770638357312,0.7661684592820226,0.6190808772174885,5000.0,600.0,534.2819002654002,0.0,499.2111191832336,5000.0,35.0,136.88733733761697,0.0,374.02514314410143,2
48331,48,11,1,7,529,21,0.9675162097964949,0.8506130833921808,0.37497592604480967,1000.0,50.0,132.93691083006996,0.0,249.0015314649593,1000.0,10.0,38.1469299608397,0.0,155.20209134546627,11
48333,48,8,1,2,327,8,0.6481502823556529,0.44819638123775496,0.3910337674311398,2000.0,8.0,271.31427912873113,0.0,424.41482562394896,1000.0,1.0,27.67236971303446,0.0,45.87744794165465,8
48335,48,6,1,2,761,12,0.8948645369995957,0.7201779215527699,0.32551556813586735,1000.0,25.0,181.15139991912656,0.0,340.88670519479996,1000.0,3.0,156.21285725839064,0.0,350.3555751926497,6
48337,48,9,1,8,507,17,0.9487381703470031,0.6745859621451105,0.3390181388012618,2000.0,25.0,104.91117507886435,0.0,242.0554331225455,1000.0,3.0,39.78707925867508,0.0,163.21830411461238,9
48339,48,10,1,133,299,31,0.9024092409240924,0.7138613861386138,0.4020792079207921,3000.0,25.0,379.0468830363036,0.0,482.9210142654182,3000.0,5.0,117.37141326732674,0.0,297.5518200197659,10
48341,48,3,1,6,438,12,0.8573629081947012,0.7760320394331485,0.38971041281577323,1000.0,25.0,327.11937769562536,0.0,446.0650504949695,1000.0,3.0,128.9572618607517,0.0,300.42952915700135,3
48343,48,3,1,3,340,9,0.9190031152647975,0.5382485289027346,0.3399100034614053,5000.0,25.0,155.31770854967115,0.0,303.4090558490787,5000.0,10.0,75.72624437521634,0.0,280.13078040982293,3
48345,48,2,1,1,346,6,0.9605263157894737,0.45112781954887216,0.4492481203007519,1000.0,15.0,85.75751879699249,0.0,185.70242291785846,1000.0,5.0,59.63691729323308,0.0,187.3622893088078,2
48347,48,9,1,17,293,14,0.8570498209052426,0.5174210354933246,0.3542819928362097,2000.0,25.0,307.16389579941387,0.0,445.12448596343233,1000.0,3.0,26.238257245197,0.0,43.60484874556594,9
48349,48,12,1,12,734,27,0.9507992452561501,0.8015949303998007,0.4554451920680693,1000.0,50.0,126.20440713446546,0.0,250.28056249448608,1000.0,10.0,25.842909466339137,0.0,112.63691741723,12
48351,48,5,1,5,261,6,0.8594270486342438,0.4836775483011326,0.19187208527648233,2000.0,15.0,52.6402291805463,0.0,155.97341991872236,1000.0,4.0,38.37861425716189,0.0,92.5423504380334,5
48353,48,5,1,5,836,16,0.8761904761904762,0.5433862433862434,0.30648148148148147,1000.0,25.0,235.45433597883599,0.0,399.44093823174364,1000.0,3.0,131.6230894179894,0.0,323.1702432197141,5
48355,48,13,1,96,632,26,0.9068350738545489,0.7794477373224198,0.44463260890017875,7000.0,41.0,403.21711957851164,0.0,456.24306048379685,7000.0,4.0,96.9026600338696,0.0,272.16542484444926,13
48357,48,3,1,3,475,7,0.9545454545454546,0.2574162679425837,0.14114832535885166,1000.0,15.0,83.20873205741627,0.0,205.06512172290886,1000.0,2.0,46.50001913875598,0.0,196.44809050667388,3
48359,48,5,1,1,389,8,0.9670184696569921,0.9591029023746702,0.36939313984168864,1000.0,50.0,309.19525065963063,0.0,420.72204944729873,1000.0,3.0,286.40363060686013,0.0,435.25794635478974,5
48361,48,5,1,24,369,11,0.8988547684199858,0.7189621972230668,0.5081585081585082,1000.0,200.0,436.92614087361915,0.0,471.98982684185785,1000.0,35.0,72.76985264011351,0.0,213.2969329325491,5
48363,48,9,1,10,612,17,0.9537378165368652,0.8655971645758522,0.4595905423681388,1000.0,50.0,108.8571985263256,0.0,201.81442155575112,1000.0,10.0,36.71067975563121,0.0,45.80751768942796,9
48365,48,7,1,7,315,13,0.9402131531063166,0.7358981024174681,0.2524044710163764,1200.0,25.0,226.1665183259683,0.0,397.07922630472007,1024.0,5.0,61.98105536781908,0.0,206.1630072703157,7
48367,48,13,1,29,347,27,0.9487802576322371,0.8596942386637098,0.5938517435002123,1000.0,100.0,150.0425871750106,0.0,265.49557387642506,1000.0,10.0,47.7633666304912,0.0,131.55228177008001,13
48369,48,5,1,2,1056,9,0.9313445618041678,0.868541250356837,0.5777904653154439,1000.0,500.0,527.6739937196688,0.0,469.1161100224614,1000.0,100.0,437.87461090493866,0.0,473.9245322908077,5
48371,48,3,1,5,1299,8,0.9479096803040465,0.36172591102168566,0.23295327520679635,1000.0,18.0,235.30845741113347,0.0,409.2486557816308,1000.0,3.0,144.07820925553318,0.0,345.36954913840384,3
48373,48,8,1,13,584,13,0.9522316043425815,0.754724567752312,0.31797346200241255,1000.0,25.0,248.30061342983515,0.0,405.8553922003035,1000.0,3.0,169.80494250100523,0.0,353.4857237037883,8
48375,48,4,1,35,528,20,0.817995444191344,0.6965072133637054,0.43561123766135157,10000.0,25.0,442.4555416856492,0.0,495.0660500731679,10000.0,3.0,184.49830615034168,0.0,378.7924195182828,4
48377,48,2,1,2,1225,9,0.9797934440951953,0.5175123484508307,0.22384373596766952,1000.0,25.0,135.8988028738213,0.0,299.86984726991557,1000.0,3.0,110.07461876964527,0.0,307.50567176922226,2
48379,48,4,1,3,244,12,0.8819422897921192,0.5808253180266832,0.2292894818492088,1000.0,25.0,101.90707415451443,0.0,253.49391906607593,200.0,5.0,21.196924604405833,0.0,48.10092501438968,4
48381,48,5,1,33,411,18,0.8760872882649169,0.7590416603082557,0.5365481458873799,1024.0,1000.0,522.4879615443309,0.0,488.02551968729557,1024.0,50.0,303.7527147871204,0.0,444.58386416014145,5
48383,48,1,1,1,804,11,0.6192229038854806,0.36441717791411044,0.12065439672801637,400.0,15.0,29.830265848670756,0.0,42.364255926035206,50.0,1.0,4.410638854805726,0.0,7.901421415924159,1
48385,48,4,1,1,383,10,0.9406896551724138,0.5848275862068966,0.2882758620689655,1000.0,25.0,194.36901517241378,0.0,339.473464597235,1000.0,3.0,181.05881379310347,0.0,344.1375500631482,4
48387,48,5,1,5,398,10,0.8840006089206881,0.8189983254681078,0.31344192418937433,1000.0,74.0,126.56294717613031,0.0,145.82244060543783,200.0,18.0,25.09126625057086,0.0,38.372438514755906,5
48389,48,2,1,4,849,11,0.9468868112194152,0.7352297592997812,0.5464491744579272,2000.0,100.0,249.2900338173861,0.0,385.04510943185926,1000.0,50.0,87.3180632584046,0.0,156.7280164319082,2
48391,48,3,1,2,395,9,0.9291479820627803,0.5381165919282511,0.2825112107623318,1000.0,25.0,295.40703139013453,0.0,442.29625978438105,35.0,3.0,11.311110313901345,0.0,14.912094273431409,3
48393,48,2,1,1,352,9,0.9913494809688581,0.5311418685121108,0.3460207612456747,1000.0,50.0,53.96193771626297,0.0,59.54411457324117,500.0,5.0,40.693771626297575,0.0,55.029795905166246,2
48395,48,8,1,6,326,17,0.9387829114383115,0.7896569231885109,0.4280844273591064,1000.0,50.0,97.65871008921447,0.0,178.98983718580058,1000.0,10.0,17.449893232755496,0.0,38.332072936801765,8
48397,48,2,1,29,209,26,0.9403546869344915,0.78204849800941,0.2862830256967065,2000.0,25.0,229.17692623959465,0.0,388.5230527604,2000.0,10.0,67.76589938472675,0.0,222.20584651610847,2
48399,48,8,1,4,909,16,0.8119611375627332,0.5793334191223781,0.2722944280015442,1000.0,25.0,81.53870158280787,0.0,178.8530780430235,1000.0,3.0,33.94151228928066,0.0,164.06574372973546,8
48401,48,12,1,14,413,20,0.9606640405177265,0.5640405177265053,0.21429375351716376,1000.0,25.0,203.49661857062466,0.0,376.62745207520663,1000.0,3.0,104.11544243106358,0.0,294.17144729110953,12
48403,48,4,1,3,335,8,0.8781793842034806,0.6711289602855868,0.24364123159303883,400.0,25.0,56.01319589468987,0.0,65.28992436847066,200.0,5.0,44.22288442659527,0.0,65.57243296073933,4
48405,48,4,1,3,269,8,0.9319727891156463,0.7694633408919124,0.1345427059712774,400.0,50.0,64.41512169312169,0.0,97.60369571345674,200.0,5.0,15.582272108843538,0.0,39.51795455053155,4
48407,48,4,1,9,248,8,0.9411405916437938,0.7166819152180542,0.4089661482159195,1000.0,25.0,277.22464409881064,0.0,419.09818262377985,1000.0,3.0,209.97133272339127,0.0,399.95817666392986,4
48409,48,8,1,16,525,15,0.9480352158041657,0.8268556295182878,0.22195977381719276,5000.0,25.0,243.7317606470546,0.0,433.75392332424025,5000.0,3.0,33.93349223391311,0.0,212.62540586412862,8
48411,48,4,1,2,573,9,0.5301033853638759,0.2929251976484898,0.28724913845530103,1000.0,8.0,277.3646868031624,0.0,441.74152901062376,1000.0,1.0,33.95155078045814,0.0,89.40435884055731,4
48413,48,1,1,1,647,8,0.6343143393863494,0.39824671258609895,0.08578584846587352,115.0,18.0,25.091421415153413,0.0,29.328370071032325,10.0,1.0,2.5746825297432685,0.0,2.6001977305816433,1
48415,48,5,1,4,742,11,0.9538819153881916,0.3597396559739656,0.2302185030218503,1000.0,15.0,217.95437061831706,0.0,390.02061551596995,50.0,2.0,13.329579172477919,0.0,20.084135764671,5
48417,48,4,1,1,685,12,0.9767441860465116,0.5738372093023256,0.23546511627906977,1000.0,25.0,156.22097209302325,0.0,324.46364783184936,1000.0,3.0,47.78325813953488,0.0,174.92080902931957,4
48419,48,7,1,7,445,17,0.9241901003124486,0.635421805624075,0.1925670120046045,2000.0,25.0,94.96554119388259,0.0,198.71781606250923,1000.0,3.0,43.0199440881434,0.0,170.3067598114913,7
48421,48,5,1,1,601,9,0.9940784603997039,0.6106587712805329,0.30717986676535897,1000.0,25.0,297.060695780903,0.0,434.6984998519959,1000.0,3.0,285.14951887490747,0.0,442.0832130010624,5
48423,48,10,1,56,465,31,0.8917291306297649,0.7147158690499071,0.2465564738292011,1000.0,25.0,216.99370260747006,0.0,374.44538054308384,940.0,2.0,14.087432570952654,0.0,33.72495665731865,10
48425,48,4,1,3,201,15,0.9059738423471191,0.7129727819017321,0.3708024036762107,1000.0,25.0,129.47119123365147,0.0,271.97421759442227,1000.0,10.0,32.82993566631319,0.0,125.78680552412223,4
48427,48,3,1,17,601,18,0.9599217986314761,0.9008518363357073,0.31043150397989105,10000.0,25.0,331.50069822650465,0.0,482.50762636119936,10000.0,3.0,64.18492724479822,0.0,275.235633582578,3
48429,48,6,1,3,544,13,0.9772770853307766,0.8406519654841802,0.31831255992329816,1000.0,50.0,60.93046826462128,0.0,45.27084734134379,105.0,10.0,24.85673748801534,0.0,22.164783195347752,6
48431,48,1,1,1,574,8,0.5434944237918216,0.3702602230483271,0.009665427509293681,250.0,6.0,19.41561338289963,0.0,22.10053247781142,50.0,1.0,6.994623048327138,0.0,11.110085890552353,1
48433,48,5,1,1,562,9,0.9870609981515711,0.88909426987061,0.5489833641404805,1000.0,100.0,324.31608133086877,0.0,425.52663085892357,1000.0,10.0,296.11752680221815,0.0,442.75492129379114,5
48435,48,1,1,1,630,9,0.6512276785714286,0.4224330357142857,0.10267857142857142,1000.0,18.0,102.02790178571429,0.0,271.3634418831718,1000.0,1.0,85.07625,0.0,275.60595122006595,1
48437,48,3,1,3,672,11,0.9841321243523317,0.6887953367875648,0.4381476683937824,1024.0,50.0,188.5994170984456,0.0,295.788703968204,1024.0,5.0,51.94414766839378,0.0,77.11255435482327,3
48439,48,21,1,449,721,52,0.826130821637318,0.7139793753024831,0.4509363017013514,2000.0,50.0,264.9503526897733,0.0,409.3685166124468,2000.0,10.0,106.60246923048287,0.0,284.43283848270795,21
48441,48,9,1,41,603,27,0.9121310035448756,0.8227875897982871,0.568278068827054,2000.0,100.0,324.99706672522507,0.0,428.9783794770254,1000.0,10.0,178.58109483326535,0.0,365.6448539459043,9
48443,48,1,1,1,519,2,0.953519256308101,0.14741035856573706,0.14741035856573706,1000.0,12.0,156.9980079681275,0.0,350.76927000608373,1000.0,3.0,149.54780876494024,0.0,353.8617949408065,1
48445,48,9,1,3,1221,11,0.9932658201819771,0.5463424664576157,0.4071865522027451,1000.0,25.0,259.84136122963037,0.0,405.27671144036924,1000.0,4.0,229.8516175397111,0.0,383.5093402902123,9
48447,48,4,1,1,596,10,0.914050822122571,0.42077727952167415,0.30119581464872947,1000.0,10.0,86.16292974588939,0.0,217.0773441352373,1000.0,2.0,61.44480717488789,0.0,220.25088722921888,4
48449,48,6,1,9,256,15,0.7411884463672223,0.48212240743097085,0.30512787886499554,2000.0,20.0,159.46120218857362,0.0,328.8791056777484,1000.0,3.0,10.6144323705306,0.0,22.939683183465107,6
48451,48,7,1,27,823,21,0.8190018329742419,0.6398527189117922,0.35358716274881824,1000.0,30.0,142.2902048429109,0.0,287.01466920383416,1000.0,5.0,43.65600938997331,0.0,170.326532957127,7
48453,48,16,1,290,468,55,0.9274125162530387,0.7617634311342265,0.44934705184012663,2000.0,50.0,434.1973683456762,0.0,567.7041868089614,1000.0,10.0,140.43081159666082,0.0,329.42310961097064,16
48455,48,5,1,5,307,7,0.8628912071535022,0.45454545454545453,0.2470193740685544,1000.0,15.0,52.01421162444113,0.0,86.5874709365299,1000.0,10.0,37.24320715350223,0.0,60.335724670672214,5
48457,48,5,1,6,344,11,0.905055487053021,0.595252774352651,0.15228113440197288,1000.0,25.0,130.74434771886558,0.0,306.73782954922365,1000.0,3.0,25.277545006165226,0.0,106.66142074339642,5
48459,48,9,1,10,425,19,0.9736761710794297,0.5913441955193482,0.1475050916496945,2000.0,50.0,93.84658859470468,0.0,206.46477245391074,2000.0,10.0,14.591604480651732,0.0,42.76432780905974,9
48461,48,2,1,2,372,8,0.9555555555555556,0.15,0.0962962962962963,1000.0,18.0,110.25562222222223,0.0,290.62839693636215,1000.0,1.0,90.0296148148148,0.0,279.43573403607786,2
48463,48,6,1,6,888,16,0.9615442504515352,0.784617700180614,0.17722757375075257,1000.0,50.0,179.50477062010836,0.0,334.6553362960693,1000.0,10.0,78.02614900662252,0.0,238.61284127929954,6
48465,48,3,1,14,1017,12,0.9365260357278601,0.5305967312808818,0.3029266438616496,1000.0,25.0,304.41967566197894,0.0,445.92824287320855,1000.0,3.0,71.17414468516407,0.0,234.09962289550035,3
48467,48,12,1,14,358,21,0.8797348484848485,0.8094223484848485,0.24554135101010102,1000.0,25.0,97.36458791035353,0.0,236.57688070931727,1000.0,10.0,16.025139599116162,0.0,16.411509412496645,12
48469,48,6,1,25,361,26,0.9477817039654496,0.667157440125638,0.20023557126030625,5000.0,25.0,219.7263702394974,0.0,438.4865203956346,5000.0,5.0,26.439906949352178,0.0,228.27950540266795,6
48471,48,4,1,12,320,17,0.9184804928131417,0.6932238193018481,0.38993839835728955,1000.0,25.0,332.4872295687885,0.0,448.24377091255536,1000.0,5.0,135.18622012320327,0.0,321.24703297282406,4
48473,48,4,1,11,422,22,0.9491323037732845,0.7782996338162713,0.24383060022289443,1200.0,50.0,152.76221652603087,0.0,315.19969309948976,1000.0,10.0,35.81392166852412,0.0,143.4621433058012,4
48475,48,3,1,3,926,11,0.9492567181246426,0.7424242424242424,0.6097770154373928,1000.0,105.0,329.63641795311605,0.0,403.74196832006754,1000.0,20.0,151.68923213264722,0.0,210.8550634485293,3
48477,48,4,1,9,345,17,0.977970348715807,0.8837961996241387,0.4505115890582585,1200.0,50.0,127.00089079139694,0.0,203.16944666255833,1000.0,10.0,48.12444811025266,0.0,173.98946553584176,4
48479,48,3,1,69,1005,26,0.8789916803666616,0.7556419070393066,0.33069297065710157,10000.0,25.0,289.7714346634783,0.0,444.191267692926,10000.0,4.0,57.80847387037314,0.0,229.83950060145014,3
48481,48,6,1,12,814,21,0.9662471395881007,0.5874141876430206,0.1929061784897025,1024.0,25.0,166.63050594965674,0.0,345.55178283780003,1000.0,6.0,20.024251945080092,0.0,94.36655087070228,6
48483,48,5,1,2,857,12,0.9187948350071736,0.5385939741750359,0.30272596843615496,1024.0,25.0,179.01609985652797,0.0,347.54576868456354,1024.0,3.0,96.89777101865137,0.0,186.9573501391529,5
48485,48,6,1,44,654,25,0.7777650822669104,0.5534449268738574,0.2482004113345521,10000.0,25.0,176.42088722577697,0.0,353.83847436824885,10000.0,5.0,49.226688185557585,0.0,203.89286719548218,6
48487,48,4,1,4,867,15,0.7538683451350643,0.6327039076842381,0.24062418043535275,2000.0,25.0,172.5787859952793,0.0,343.8139269058143,1024.0,3.0,147.91765906110675,0.0,351.1728075337465,4
48489,48,4,1,6,745,9,0.9758200376573184,0.9103161232781687,0.38489743335645626,1000.0,25.0,398.68605688237045,0.0,475.71403589477416,1000.0,3.0,281.46467624615997,0.0,443.7612104983397,4
48491,48,16,1,135,483,38,0.9518978540501248,0.7574191713283398,0.35310198792705666,2000.0,25.0,280.73279460194055,0.0,420.6035804514747,1000.0,5.0,66.93991804936633,0.0,218.22335464487907,16
48493,48,6,1,12,320,20,0.9670015922692582,0.7239883599626641,0.11447866908252347,1000.0,25.0,77.24954702684896,0.0,202.65862469761575,1000.0,4.0,40.135446768791525,0.0,177.93760842835732,6
48495,48,2,1,3,306,10,0.9720157411456056,0.5168342807170966,0.37822474857892435,1000.0,25.0,152.88920332313074,0.0,269.30653502236675,1000.0,3.0,63.318679492785314,0.0,154.68474579433357,2
48497,48,13,1,16,447,29,0.8755368756902687,0.7830101852988097,0.4672966008099153,2000.0,50.0,96.97306307522396,0.0,193.7335717195301,1024.0,10.0,28.233537611976928,0.0,69.15312013646,13
48499,48,11,1,12,496,18,0.8296826688364524,0.5892921074043939,0.23183075671277462,5000.0,25.0,117.2081653376729,0.0,273.5120703028135,5000.0,4.0,14.844792188771358,0.0,64.03364868840774,11
48501,48,4,1,2,719,10,0.9603142354056616,0.5963700392794257,0.41040227549776515,1000.0,25.0,271.47893810104296,0.0,412.554250510871,1000.0,10.0,104.52095462549099,0.0,209.9637085806224,4
48503,48,5,1,5,591,15,0.9743605032496572,0.6443265160097787,0.3418400810923618,1000.0,50.0,162.70928674497645,0.0,313.82115179065124,1000.0,10.0,107.82122091705921,0.0,283.5843051873561,5
48505,48,1,1,6,521,11,0.8279569892473119,0.456440640772438,0.24840904103576913,10000.0,20.0,167.83654772876895,0.0,364.51132347333044,10000.0,6.0,12.63791617292078,0.0,149.22795988033977,1
48507,48,3,1,4,449,9,0.9488752556237219,0.6124744376278118,0.10940695296523517,1000.0,25.0,132.50428084526243,0.0,304.41919490817503,35.0,3.0,7.295417859577369,0.0,10.246963847033351,3
49001,49,1,1,2,576,8,0.8767268862911796,0.7688629117959618,0.22104144527098832,10000.0,50.0,228.56296493092455,0.0,443.7557704778079,10000.0,20.0,30.347666312433585,0.0,232.9131062373212,1
49003,49,1,1,12,664,18,0.960196920498586,0.7777312244684194,0.5263433539331728,10000.0,100.0,1678.7978422541112,0.0,3410.438660232741,10000.0,20.0,1509.802846548654,0.0,3462.819797345463,1
49005,49,2,1,28,344,17,0.9010577163321396,0.80636295494295,0.30157408178562506,10000.0,50.0,349.5200716248855,0.0,927.2260558924457,10000.0,10.0,96.65400299825103,0.0,829.4163436610324,2
49007,49,1,1,5,351,9,0.9946524064171123,0.5406417112299465,0.32994652406417113,1000.0,25.0,311.9390374331551,0.0,446.24123730046693,1000.0,5.0,294.33350588235294,0.0,451.6040626112678,1
49009,49,1,1,1,245,4,0.9509803921568627,0.8088235294117647,0.7573529411764706,1024.0,100.0,257.0833333333333,0.0,374.3032106860608,1024.0,100.0,247.14950980392157,0.0,377.4773627783241,1
49011,49,1,1,66,336,21,0.9639438310930256,0.8253894132950869,0.4453153663987192,10000.0,50.0,1328.2212234415128,0.0,2973.129131331252,10000.0,10.0,1127.6383047930358,0.0,3018.8312034875025,1
49013,49,1,1,4,836,6,0.9977311401020987,0.3740782756664776,0.16392512762336925,1000.0,15.0,132.1355643788996,0.0,314.24505827864095,1000.0,1.0,60.94395462280204,0.0,160.0506233086019,1
49015,49,1,1,3,533,7,0.9957805907172996,0.645042194092827,0.3180379746835443,1000.0,25.0,333.1867088607595,0.0,455.4969045219267,1000.0,5.0,320.9152025316456,0.0,463.8724336016122,1
49017,49,1,1,2,679,5,0.9969604863221885,0.6474164133738601,0.3910840932117528,1000.0,25.0,404.02228976697063,0.0,477.9313642721047,100.0,4.0,41.11955420466059,0.0,47.21486311307982,1
49019,49,1,1,3,286,6,0.9824902723735408,0.4156939040207523,0.25745784695201035,1000.0,20.0,255.09143968871595,0.0,419.00433735494966,1000.0,3.0,118.57595849546044,0.0,299.8165243438751,1
49021,49,1,1,12,1077,14,0.9349433962264151,0.8778867924528302,0.364377358490566,10000.0,50.0,352.459320754717,0.0,478.100428434155,10000.0,20.0,54.387265509433966,0.0,223.9996251411031,1
49023,49,2,1,2,527,10,0.9682080924855492,0.7799855491329479,0.6268063583815029,1000.0,100.0,234.12987716763007,0.0,307.712400491746,1000.0,25.0,97.57615679190752,0.0,255.3801410667775,2
49025,49,1,1,2,1112,6,0.997637330183107,0.5788541051388069,0.2409923213230951,1000.0,25.0,259.25694034258714,0.0,417.7171603166677,100.0,3.0,27.38629651506202,0.0,41.12456831909754,1
49027,49,1,1,3,750,10,0.972972972972973,0.5504587155963303,0.2948177535333499,1000.0,25.0,98.47136126952641,0.0,176.53570852516145,1000.0,3.0,15.263936523679643,0.0,33.40644813760627,1
49029,49,1,1,3,172,13,0.9420142421159715,0.8036622583926755,0.5228891149542217,10000.0,100.0,1181.0834181078333,0.0,2780.445916496459,10000.0,20.0,1016.5058270600204,0.0,2817.1661004337084,1
49031,49,1,1,1,377,4,1.0,0.6672473867595818,0.10627177700348432,1000.0,25.0,134.2595818815331,15.0,299.16626533527983,100.0,4.0,16.95644599303136,3.0,29.35638604558872,1
49033,49,1,1,1,356,5,0.9988610478359908,0.6480637813211845,0.5079726651480638,1000.0,100.0,174.04669703872437,0.0,316.6273651357665,1000.0,25.0,151.4134396355353,0.0,325.07504075594153,1
49035,49,5,1,251,527,37,0.9261420634308203,0.8653638398024539,0.3922467011343468,10000.0,50.0,977.5256061424493,0.0,2406.8213110577444,10000.0,10.0,750.8986041361217,0.0,2423.1615329699757,5
49037,49,2,1,4,665,7,0.9499568593615185,0.26258268622375613,0.17773943054357205,1000.0,18.0,146.14955421340235,0.0,325.64554204538126,1000.0,2.0,80.91667989646245,0.0,259.0053104052146,2
49039,49,2,1,7,591,10,0.9977290791415919,0.811513568752129,0.4135346883161122,1000.0,50.0,216.1146815033496,0.0,307.93137144842467,1000.0,20.0,117.8998814579312,0.0,289.04503878586706,2
49041,49,1,1,5,755,9,0.9680675731355584,0.7941903584672435,0.3014009064688916,1000.0,50.0,123.47808817470128,0.0,181.6323796778153,1000.0,20.0,26.6235587144623,0.0,69.58233478889865,1
49043,49,3,1,14,326,15,0.9571865443425076,0.7454823463997776,0.2780094523213789,10000.0,40.0,282.8663469557965,0.0,496.5212627332821,10000.0,5.0,180.33481206561024,0.0,436.6444415494825,3
49045,49,1,1,17,658,16,0.9625473418431758,0.6334689297236639,0.4014588301304531,1200.0,25.0,275.25417309580587,0.0,441.9549557724947,1000.0,4.0,48.75078075466405,0.0,167.64344873615153,1
49047,49,1,1,8,1010,9,0.989987163029525,0.33940949935815146,0.20025673940949937,1200.0,15.0,119.72631578947369,0.0,294.3374146715983,500.0,1.0,54.372305006418486,0.0,148.27028227418876,1
49049,49,3,1,156,574,36,0.9472492503518757,0.8259745425616547,0.3957530138914387,10000.0,50.0,980.5195214491157,0.0,2512.651328346757,10000.0,10.0,789.6316408420537,0.0,2530.4199974277,3
49051,49,1,1,10,708,14,0.9601145879241957,0.757382106654914,0.2728074041427942,10000.0,50.0,263.46947994711326,0.0,633.6166412385603,10000.0,10.0,114.95356676950199,0.0,552.2894435949667,1
49053,49,1,1,35,537,20,0.925151427747332,0.8541967118546293,0.3855638880876839,10000.0,50.0,328.4609893279492,0.0,476.43267799427275,10000.0,20.0,127.26067349293338,0.0,366.69659796349544,1
49055,49,1,1,1,568,5,1.0,0.7673469387755102,0.45850340136054424,1000.0,50.0,471.68027210884355,10.0,486.56262477253546,1000.0,5.0,64.95171700680272,0.512,138.77033929857785,1
49057,49,2,1,58,323,21,0.9061078622482132,0.7673814165042235,0.3533138401559454,10000.0,50.0,314.3798326835608,0.0,865.2584818670526,10000.0,10.0,87.0729507797271,0.0,769.6716573462694,2
50001,50,6,1,10,459,16,0.8947062245491565,0.4964514252472368,0.23548574752763235,2000.0,20.0,274.10002420011637,0.0,463.7014298729818,2000.0,2.0,123.59089051774286,0.0,321.38258337142884,6
50003,50,4,1,12,317,16,0.5427539799770228,0.47776136550139503,0.18644345970786147,3000.0,10.0,224.46254915476774,0.0,451.9152543264484,3000.0,1.0,24.08774331199737,0.0,137.30523769491873,4
50005,50,6,1,10,413,16,0.8473841708801981,0.5708389227117945,0.1735630997833041,2000.0,25.0,174.5276437932102,0.0,359.3617378194773,2000.0,2.0,23.71925993189557,0.0,117.80924885299163,6
50007,50,8,1,41,380,19,0.8047671433810047,0.6187752108544188,0.2462046204620462,3000.0,25.0,284.51636435643564,0.0,480.4530121051159,3000.0,3.0,81.54608668866886,0.0,261.5575578142885,8
50009,50,3,1,3,459,12,0.7770519738710594,0.5407554671968191,0.09713149673388242,1200.0,25.0,92.10634706049417,0.0,253.40966750244354,1000.0,2.0,26.873434819653507,0.0,123.11401430532811,3
50011,50,4,1,11,387,13,0.8413253996033135,0.5847625714619065,0.12798973281997433,2000.0,25.0,154.04603336833506,0.0,371.6019087338358,2000.0,2.0,16.667838058569597,0.0,95.06681554144441,4
50013,50,1,1,2,131,10,0.8844393592677345,0.6464530892448512,0.12471395881006865,1200.0,25.0,167.783528604119,0.0,386.98935376986014,1000.0,2.0,13.563684210526315,0.0,75.73130189976145,1
50015,50,3,1,7,240,14,0.8211424140604807,0.5489790643577152,0.13931248384595502,2000.0,25.0,125.82680692685449,0.0,328.1747865117967,2000.0,2.0,26.28797001809253,0.0,138.741955367378,3
50017,50,5,1,10,376,14,0.8333572762534118,0.5489153857204425,0.24493607240339033,2000.0,25.0,243.88082976583823,0.0,422.0741506202327,2000.0,2.0,161.49445079729924,0.0,363.8780151574729,5
50019,50,3,1,10,474,14,0.8562713518789653,0.584431429965837,0.16922889214250855,2000.0,25.0,175.8463914104441,0.0,390.659458271146,2000.0,2.0,51.15046949731577,0.0,207.19349202976215,3
50021,50,8,1,20,356,15,0.843986079280197,0.5928189457601223,0.3370681605975724,2000.0,25.0,452.96595093795094,0.0,650.0611077948804,2000.0,2.0,250.12258959341312,0.0,570.9055735484008,8
50023,50,7,1,20,342,20,0.856795460686301,0.6315410249482122,0.20129694677114293,2000.0,25.0,259.3595691254616,0.0,538.7452444809938,2000.0,3.0,127.71864937404307,0.0,452.1625601733399,7
50025,50,5,1,18,329,13,0.5915787159190853,0.5311125769569042,0.22053649956024626,2000.0,25.0,287.1128535620053,0.0,546.9487629212031,2000.0,2.0,124.72341512752857,0.0,421.2888331032542,5
50027,50,8,1,19,370,14,0.6981016533986528,0.5728282739917767,0.3676843670719972,2000.0,25.0,386.76981191496805,0.0,515.5286885288186,2000.0,2.0,213.0989467238212,0.0,408.4795803594988,8
51001,51,1,1,14,413,9,0.9658807743914127,0.8259536131876557,0.48763657274295574,1000.0,30.0,305.25186889016675,0.0,403.64779698113307,200.0,10.0,59.82252328924669,0.0,80.02296705162402,1
51003,51,1,1,29,334,25,0.6629152097902098,0.5967001748251748,0.4856861888111888,10000.0,60.0,208.3657124125874,0.0,441.23559436981856,10000.0,6.5,73.34372093531469,0.0,329.859585928451,1
51005,51,1,1,6,292,12,0.5345188284518828,0.4874476987447699,0.448744769874477,1024.0,6.0,352.3667656903766,0.0,450.8432100226115,1024.0,1.0,126.84250209205021,0.0,285.20366806615084,1
51007,51,1,1,3,205,10,0.9601386481802426,0.7538994800693241,0.5337954939341422,1200.0,100.0,184.92807625649914,0.0,339.5573275467024,400.0,15.0,22.13440554592721,0.0,27.755870506403877,1
51009,51,1,1,10,368,14,0.589711417816813,0.510978670012547,0.4425972396486826,1200.0,25.0,204.17769761606021,0.0,378.3426732571597,1000.0,3.0,54.90218067754078,0.0,182.5861791427519,1
51011,51,1,1,4,236,11,0.6341236634123664,0.5769409576940958,0.4732682473268247,1000.0,25.0,271.55276615527663,0.0,404.18889364914696,1000.0,6.0,142.98535936773592,0.0,324.8614459115397,1
51013,51,1,1,71,173,23,0.8536647222926705,0.747400456505199,0.5724067968551864,3000.0,200.0,494.7618564544763,0.0,511.21500480438795,3000.0,35.0,206.62323002789753,0.0,340.61247171788546,1
51015,51,1,1,18,341,19,0.8419915757641214,0.5217626093530618,0.26115131223674265,2000.0,25.0,178.46409029052813,0.0,396.6026353246536,2000.0,3.0,34.9919345501674,0.0,183.27216477942977,1
51017,51,1,1,2,218,9,0.7732732732732732,0.5225225225225225,0.33783783783783783,1024.0,25.0,286.06756756756755,0.0,433.17645688123406,1024.0,3.0,193.41722522522522,0.0,340.76389258380425,1
51019,51,1,1,20,273,18,0.6261593016912166,0.49931805782869615,0.3861156573922531,2000.0,15.0,188.08231042007637,0.0,360.40159865660326,2000.0,3.0,27.08511811238407,0.0,96.01671688832684,1
51021,51,1,1,2,254,13,0.5608417200365965,0.42086001829826164,0.04574565416285453,1200.0,10.0,68.49429826166514,0.0,223.66375768162857,500.0,1.0,4.546953339432753,0.0,27.20578759468449,1
51023,51,1,1,9,338,20,0.5822432507653771,0.4066239910937935,0.2933481770108544,1200.0,6.0,200.33968828277204,0.0,393.7348519942814,1024.0,1.0,51.503474533815755,0.0,174.00634290149014,1
51025,51,1,1,6,310,10,0.73224043715847,0.4207650273224044,0.2959927140255009,1000.0,10.0,302.01775956284155,0.0,451.3905618113121,1000.0,1.0,151.16106921675774,0.0,346.6388192664573,1
51027,51,1,1,7,299,12,0.9050240880935995,0.7969717825189263,0.7536132140399174,1000.0,750.0,616.0932553337922,0.0,405.7567884329684,1000.0,35.0,130.6577949070888,0.0,201.6461978468958,1
51029,51,1,1,4,283,12,0.5936902485659655,0.48135755258126195,0.39101338432122373,2000.0,15.0,181.64043594646273,0.0,346.59749730183273,2000.0,1.0,91.34061854684512,0.0,272.309535360154,1
51031,51,1,1,12,237,18,0.6040706605222734,0.4925115207373272,0.375,2000.0,15.0,188.43464976958523,0.0,356.09864849767496,2000.0,1.0,22.189592549923194,0.0,70.64407656081227,1
51033,51,1,1,9,238,10,0.7076923076923077,0.38704453441295544,0.32469635627530363,1200.0,10.0,365.6222672064777,0.0,522.1960555690802,880.0,1.0,18.495141700404858,0.0,59.07079354720709,1
51035,51,1,1,10,337,13,0.5939139559286464,0.42418677859391396,0.11306400839454354,1200.0,10.0,147.25042182581322,0.0,350.8719798513848,500.0,1.0,13.093121720881427,0.0,63.388248815534965,1
51036,51,1,1,3,82,7,0.9296187683284457,0.5659824046920822,0.41935483870967744,1200.0,25.0,267.5689149560117,0.0,378.98089401825797,35.0,3.0,7.974991202346041,0.0,10.625272864727869,1
51037,51,1,1,4,290,12,0.53125,0.4706439393939394,0.3939393939393939,1200.0,10.0,141.94189393939396,0.0,283.21273362534,1000.0,1.0,35.53083049242424,0.0,125.65995672269146,1
51041,51,1,1,75,168,17,0.8214173558044593,0.7113995603475348,0.5385742698628703,1200.0,940.0,589.7775044488642,0.0,543.966127442919,880.0,35.0,218.80842415994974,0.0,367.6226182972891,1
51043,51,1,1,4,198,9,0.8671782762691853,0.7502951593860685,0.1859504132231405,1200.0,25.0,178.82792207792207,0.0,396.4099460127925,880.0,3.0,10.350970484061394,0.0,31.947073605059167,1
51045,51,1,1,1,347,10,0.6030534351145038,0.44274809160305345,0.27153762268266085,500.0,15.0,52.58342420937841,0.0,84.75762301670001,50.0,2.0,5.539725190839695,0.0,8.48234832841544,1
51047,51,1,1,10,316,15,0.8848945731075009,0.7034220532319392,0.6094020048392672,1200.0,100.0,349.62426546837196,0.0,482.80258074774434,880.0,25.0,91.49419149671621,0.0,242.375626935746,1
51049,51,1,1,3,159,10,0.5954962468723937,0.45204336947456214,0.3944954128440367,1000.0,10.0,171.77064220183487,0.0,322.9145436897846,1000.0,1.0,111.10592994161803,0.0,290.4807714685145,1
51051,51,1,1,4,249,7,0.9416149068322981,0.8111801242236025,0.5105590062111801,1000.0,300.0,317.18198757763975,0.0,353.30628226875893,1000.0,8.0,141.08582360248448,0.0,331.8493007007785,1
51053,51,1,1,9,205,11,0.8377551020408164,0.5142857142857142,0.27346938775510204,1200.0,25.0,338.05462857142857,0.0,529.2066381887288,35.0,3.0,10.951232653061226,0.0,14.895739415907972,1
51057,51,1,1,3,172,10,0.7219604147031102,0.5447690857681433,0.3911404335532517,1000.0,25.0,175.7167766258247,0.0,341.9999277851851,60.0,3.0,15.610993402450518,0.0,20.84308256701104,1
51059,51,1,1,274,237,41,0.8691122291328289,0.791189636730975,0.6048805609475895,10000.0,940.0,588.3165354355663,0.0,476.85930124516017,10000.0,35.0,236.00079039733785,0.0,379.2806283112838,1
51061,51,2,1,20,249,18,0.868204804045512,0.6836283185840708,0.3359671302149178,3000.0,25.0,292.8519279393173,0.0,483.63237377353136,3000.0,3.0,43.089092920353984,0.0,170.11666862479308,2
51063,51,1,1,5,251,9,0.7029535864978903,0.4080168776371308,0.2616033755274262,1000.0,10.0,163.70021097046413,0.5,333.7904711336532,500.0,1.5,74.84192658227849,0.064,167.86166700952862,1
51065,51,1,1,5,238,10,0.6930417495029821,0.5928429423459245,0.47912524850894633,2000.0,60.0,282.55229582504967,0.0,449.95187019910975,2000.0,5.0,116.14688031809145,0.0,314.1288216287609,1
51067,51,1,1,16,248,20,0.6254016832440704,0.5274674827850038,0.34690130068859987,1200.0,25.0,162.74370986993117,0.0,316.2212200082707,940.0,3.0,18.59883611323642,0.0,28.164280572107558,1
51069,51,1,1,19,254,18,0.7557204700061843,0.637291280148423,0.3586889301175015,2000.0,25.0,345.7382498453927,0.0,533.8519616948233,2000.0,3.0,63.10181818181818,0.0,259.3030409198841,1
51071,51,1,1,4,521,13,0.6813221078889928,0.48705955721858435,0.22170252572497662,1000.0,15.0,149.68880573744934,0.0,325.55436688503863,200.0,3.0,9.678221390707828,0.0,16.961028029720275,1
51073,51,1,1,9,182,10,0.9165621079046424,0.7277289836888331,0.44228356336260977,1000.0,25.0,304.36574654956087,0.0,433.22601254670724,940.0,4.0,33.49406775407779,0.0,83.35703966269863,1
51075,51,1,1,6,206,11,0.8041714947856315,0.645422943221321,0.41367323290845887,1200.0,25.0,448.760718424102,0.0,563.839454798043,1000.0,3.0,36.60433835457706,0.0,144.9933316976529,1
51077,51,1,1,5,329,12,0.5022458146182115,0.3037974683544304,0.12903225806451613,1200.0,5.0,160.17689015924867,0.0,380.27752082096157,1000.0,0.75,32.68968068599428,0.0,147.95097793269056,1
51079,51,1,1,4,160,13,0.7181653590826795,0.6409173204586602,0.5353047676523838,10000.0,100.0,225.93995896197947,0.0,797.6128262703065,10000.0,10.0,72.76118768859385,0.0,735.1208657831396,1
51081,51,1,1,2,240,10,0.7787418655097614,0.4229934924078091,0.32537960954446854,1200.0,15.0,361.87852494577004,0.0,512.691547867927,1000.0,1.0,160.66505856832973,0.0,358.73405074621775,1
51083,51,1,1,11,341,17,0.6507745266781412,0.5435456110154905,0.40223752151462994,1200.0,25.0,177.90600895008606,0.0,350.76259244505746,1000.0,3.0,48.363597934595525,0.0,167.0471172951386,1
51085,51,1,1,25,221,12,0.8049857999368886,0.5654780687914168,0.3187125276112338,1200.0,25.0,388.7048810350268,0.0,550.0531125586475,940.0,3.0,15.468183654149573,0.0,56.13331547964831,1
51087,51,1,1,85,212,22,0.8063266113088177,0.7089758797943851,0.5567417951759589,3000.0,940.0,604.8948808224595,0.0,540.8951647899122,3000.0,35.0,232.77058062475288,0.0,376.30684188359635,1
51089,51,1,1,14,220,15,0.5987467151809177,0.44471396806145136,0.32140691328077625,1200.0,10.0,257.6383246411967,0.0,463.55050973627755,50.0,1.0,13.756948049322823,0.0,19.184013126486626,1
51091,51,1,1,1,290,7,0.803347280334728,0.3319386331938633,0.04602510460251046,1000.0,10.0,55.492329149232916,0.0,201.2490855241734,500.0,1.0,24.629723849372382,0.0,101.21736910055861,1
51093,51,1,1,9,237,10,0.8897386870618228,0.6054811982154238,0.4181007010834927,1000.0,25.0,425.3814531548757,0.0,486.6806926396335,1000.0,3.0,28.45079923518164,0.0,112.10370243970473,1
51095,51,1,1,17,170,9,0.7937806873977087,0.6181123840698309,0.4735406437534097,1000.0,25.0,474.4721767594108,0.0,492.02350576960356,940.0,3.0,50.63624222585925,0.0,171.528577997935,1
51097,51,1,1,2,182,9,0.8232758620689655,0.6982758620689655,0.3232758620689655,1000.0,25.0,252.95474137931035,0.0,363.9170257338057,500.0,5.0,94.1226724137931,0.0,184.60300831582663,1
51099,51,2,1,6,125,8,0.662992125984252,0.41653543307086616,0.3165354330708661,1200.0,15.0,288.7665354330709,0.0,436.0991231983145,880.0,1.0,28.062267716535434,0.0,93.81067056713798,2
51101,51,2,1,4,216,11,0.8086802480070859,0.5642161204605846,0.312666076173605,1200.0,25.0,322.0482728077945,0.0,457.96837979973395,60.0,3.0,13.775603188662535,0.0,18.9556310512634,2
51103,51,1,1,5,174,6,0.7592213114754098,0.625,0.20901639344262296,1000.0,25.0,198.99743852459017,0.0,381.44860761292915,60.0,5.0,13.702344262295082,0.0,21.937786209709046,1
51105,51,1,1,7,327,9,0.9724732949876747,0.8976992604765818,0.5267050123253904,1200.0,300.0,433.61051766639275,0.0,421.7684249723261,1000.0,8.0,274.31279539852096,0.0,438.81758921534,1
51107,51,1,1,75,477,39,0.8925434820044773,0.8384708110900637,0.3510705470409276,10000.0,25.0,383.9173145054819,0.0,507.4469533579113,10000.0,3.0,163.72597899087307,0.0,339.5206180104934,1
51109,51,1,1,9,189,14,0.8849710982658959,0.6739884393063584,0.44450867052023124,1200.0,25.0,279.20073294797686,0.0,440.28099142466635,1000.0,10.0,112.71446820809248,0.0,291.07648669986867,1
51111,51,1,1,3,339,11,0.8603473227206947,0.6685962373371924,0.4992764109985528,1200.0,80.0,258.58976845151955,0.0,413.6872590452259,50.0,10.0,23.76922575976845,0.0,22.699199604622336,1
51113,51,1,1,4,207,12,0.8380651945320715,0.768664563617245,0.7055730809674028,1200.0,100.0,234.0573080967403,0.0,400.54612340588557,250.0,25.0,22.74096319663512,0.0,24.46884654338873,1
51115,51,1,1,5,114,8,0.7707692307692308,0.6153846153846154,0.3046153846153846,1000.0,25.0,209.03538461538463,0.0,381.5854983914767,100.0,3.0,24.353156923076924,0.0,35.43685360289085,1
51117,51,1,1,12,354,16,0.8296892980437284,0.5046029919447641,0.3529919447640967,1200.0,25.0,309.5907756041427,0.0,477.41787823996964,1000.0,2.0,99.65190563866513,0.0,273.16760709887797,1
51119,51,1,1,5,182,12,0.7495559502664298,0.5737122557726465,0.21403197158081705,1000.0,25.0,203.4373889875666,0.0,386.37867992242866,60.0,5.0,13.611303730017761,0.0,22.236629419368683,1
51121,51,1,1,23,282,21,0.6713973799126638,0.5618995633187773,0.3217248908296943,1200.0,25.0,215.60365720524018,0.0,405.3961235125468,1000.0,3.0,28.69265109170306,0.0,115.0634368398498,1
51125,51,1,1,5,413,16,0.7771239426259654,0.7072453107760206,0.6175064361897756,2000.0,150.0,387.04662302317024,0.0,542.2527336335039,2000.0,50.0,349.50752997425525,0.0,560.7981404355136,1
51127,51,1,1,4,196,8,0.8472385428907168,0.5781433607520564,0.38777908343125733,1200.0,25.0,394.11398354876616,0.0,480.266716882824,940.0,3.0,35.37385663924794,0.0,139.08436292168142,1
51131,51,1,1,5,371,8,0.9486166007905138,0.8120333772507685,0.5138339920948617,1000.0,200.0,306.43939393939394,0.0,399.63142874212565,200.0,35.0,65.4180588493632,0.0,83.07003699827393,1
51133,51,1,1,5,225,6,0.7593671940049959,0.6960865945045795,0.21149042464612822,1000.0,25.0,224.43130724396337,0.0,401.95642859109273,60.0,5.0,15.074917568692754,0.0,23.333931994144613,1
51135,51,1,1,5,454,9,0.8558994197292069,0.7059961315280464,0.4410058027079304,1000.0,60.0,244.41900386847195,0.0,376.3938187767267,100.0,5.0,23.230123791102514,0.0,24.012332434370215,1
51137,51,1,1,8,328,15,0.9433529796987558,0.8041912246234446,0.6365422396856582,10000.0,100.0,2213.3926876227897,0.0,3925.735891497508,10000.0,25.0,2025.6402501637197,0.0,4000.9818036394104,1
51139,51,1,1,6,292,9,0.8699186991869918,0.7365853658536585,0.23536585365853657,1200.0,25.0,264.31872845528454,0.0,473.7047606923233,35.0,3.0,9.250356910569106,0.0,13.17548533581729,1
51141,51,1,1,6,243,9,0.5518474374255066,0.32737385776718314,0.14700039729837108,1200.0,10.0,132.2331219705999,0.0,338.57472295546296,500.0,1.0,9.810545093365118,0.0,41.58476234609993,1
51143,51,1,1,19,291,20,0.8320116309807032,0.5678033306899286,0.3991541104943167,1200.0,25.0,188.88081945545864,0.0,357.4944124456674,1000.0,3.0,24.256932857520486,0.0,72.69004984672513,1
51145,51,1,1,6,170,12,0.9022058823529412,0.6727941176470589,0.5036764705882353,1200.0,150.0,379.82389705882355,0.0,512.5212507113416,1000.0,35.0,51.8491,0.0,162.28634944131707,1
51147,51,1,1,6,252,13,0.5884882566986437,0.49024148197155143,0.34502150181938473,1000.0,20.0,140.43267614952035,0.0,285.99374221436534,1000.0,1.5,27.71671849156467,0.0,101.71868143477099,1
51149,51,1,1,7,235,11,0.8525798525798526,0.6986076986076986,0.515970515970516,1200.0,1000.0,593.0753480753481,0.0,567.2639084755855,1000.0,35.0,169.84807207207209,0.0,357.28465825752716,1
51153,51,2,1,93,278,21,0.9285633162975582,0.7736513344690517,0.5892106757524134,1200.0,940.0,634.7705848949461,0.0,530.3764243735683,880.0,35.0,252.20941646791596,0.0,385.3702414272645,2
51155,51,1,1,12,279,17,0.7023468803663423,0.5611524518221713,0.14272085479870253,1200.0,25.0,177.36596069452395,0.0,403.2256734373039,500.0,3.0,7.468113718755962,0.0,18.5066788931521,1
51157,51,1,1,2,234,6,0.9025110782865583,0.7223042836041359,0.4549483013293944,1200.0,40.0,285.0339911373707,0.0,470.9455259864531,35.0,5.0,14.646118168389956,0.0,14.114830116049939,1
51159,51,1,1,2,228,7,0.7911646586345381,0.6506024096385542,0.39357429718875503,1000.0,25.0,176.39491298527443,0.0,339.0624374094295,60.0,5.0,15.913606425702811,0.0,20.171842561670644,1
51161,51,1,1,22,260,16,0.680088251516823,0.5656370656370656,0.3720353006067292,2000.0,25.0,224.64503143960286,0.0,397.56604195871,2000.0,3.0,24.16585493656922,0.0,120.92492596826422,1
51163,51,1,1,6,434,14,0.5551668460710442,0.44241119483315394,0.3234660925726588,1200.0,10.0,293.31063078579115,0.0,462.27913093994164,1024.0,1.0,199.50836867599568,0.0,395.43166261008236,1
51165,51,1,1,22,425,15,0.8433689503456945,0.4918918918918919,0.35248271527341296,2000.0,15.0,247.41640477686988,0.0,470.7204474169809,2000.0,2.0,25.58593488372093,0.0,182.40261664954446,1
51167,51,1,1,9,340,13,0.8196953595465817,0.7279489904357067,0.4622741764080765,1000.0,80.0,407.7437123627347,0.0,437.7144117006565,1000.0,8.0,136.61271271696776,0.0,296.99260521362623,1
51169,51,1,1,6,372,10,0.9582712369597616,0.6918777943368107,0.45789865871833085,1200.0,35.0,457.58345752608045,0.0,489.39379953118856,1000.0,4.0,410.14401788375557,0.0,485.96182761831216,1
51171,51,1,1,11,276,9,0.5783910745742806,0.3073008416519867,0.24114308083773733,1000.0,15.0,194.43922489724017,0.0,380.87798726920806,50.0,1.0,10.424446271285966,0.0,18.922814300484173,1
51173,51,1,1,9,317,13,0.6795142555438226,0.5619500175994369,0.1913058782118972,1200.0,25.0,228.9689003871876,0.0,433.83799321124263,940.0,3.0,23.45671207321366,0.0,53.94373483771146,1
51175,51,1,1,6,332,10,0.8512949039264829,0.6257309941520468,0.3943191311612364,1000.0,25.0,402.46992481203006,0.0,482.39247152745406,1000.0,3.0,19.652999164578112,0.0,71.48665287629346,1
51177,51,1,1,34,181,17,0.912746170678337,0.7201859956236324,0.5738512035010941,10000.0,940.0,635.4116520787746,0.0,762.2183700416161,10000.0,35.0,232.9118533916849,0.0,663.7692370276675,1
51179,51,2,1,32,195,12,0.9274171459874007,0.7844426184606957,0.6598192276088742,1200.0,940.0,679.746918652424,0.0,502.57324107498204,940.0,35.0,223.7591410572446,0.0,366.0893480137522,2
51181,51,1,1,2,251,8,0.9580952380952381,0.92,0.7047619047619048,1000.0,1000.0,710.5333333333333,0.0,447.6969792635753,1000.0,1000.0,692.7339580952381,0.0,460.40374359223705,1
51183,51,1,1,5,313,9,0.8402922755741128,0.5960334029227558,0.3987473903966597,1000.0,25.0,406.1983298538622,0.0,483.41779410202713,1000.0,3.0,229.3670897703549,0.0,412.46031845787076,1
51185,51,1,1,13,301,17,0.7904519663470945,0.6282527881040892,0.38309528468010173,1200.0,50.0,335.09254549011933,0.0,454.8466514828511,500.0,3.0,20.691419291723733,0.0,64.0344409179319,1
51187,51,1,1,9,274,13,0.8379260333575055,0.645032632342277,0.36149383611312547,3000.0,25.0,528.5492269760696,0.0,719.0980040816429,3000.0,3.0,230.20362073966643,0.0,623.0156779813325,1
51191,51,1,1,15,355,16,0.8824561403508772,0.7424561403508771,0.286140350877193,1200.0,50.0,315.8386070175439,0.0,471.2581735407306,1000.0,8.0,70.39269684210525,0.0,156.775764768354,1
51193,51,2,1,6,225,5,0.6785185185185185,0.4062962962962963,0.31407407407407406,1000.0,15.0,294.55148148148146,0.0,446.8884748408297,60.0,1.0,18.510032592592594,0.0,26.61430521677382,2
51195,51,1,1,11,366,12,0.9090009891196835,0.7207385426969997,0.6600725354434553,1000.0,300.0,379.35212660731946,0.0,343.99163391679156,1000.0,8.0,61.35198417408506,0.0,220.21919021419558,1
51197,51,1,1,8,373,16,0.631668881716347,0.35731915701537875,0.13499145623694703,1000.0,10.0,123.32879589899375,0.0,295.91437057051087,940.0,2.0,14.743817733054868,0.0,50.42253630790673,1
51199,51,1,1,15,299,8,0.8419213973799127,0.7716157205240175,0.5703056768558952,1000.0,940.0,546.9554585152838,0.0,480.07379336505585,940.0,35.0,171.6557903930131,0.0,329.4490713778092,1
51510,51,1,1,48,107,17,0.8972027972027972,0.6850815850815851,0.5062937062937063,3000.0,200.0,368.9923076923077,0.0,493.5187831133185,3000.0,35.0,61.88387878787879,0.0,129.59891590792145,1
51520,51,1,1,5,212,10,0.8439166262724188,0.7169171110033932,0.2913233155598643,1200.0,75.0,311.2190984003878,0.0,434.3063560391283,500.0,35.0,125.82974309258363,0.0,205.45735734308343,1
51530,51,1,1,2,187,9,0.6520681265206812,0.5466342254663422,0.25547445255474455,1200.0,25.0,300.21735604217355,0.0,497.265563235925,1024.0,3.0,56.78901054339011,0.0,215.42614338952112,1
51540,51,1,1,12,142,15,0.686958614051973,0.6012993262752647,0.5240615976900866,1200.0,100.0,310.3982223291627,0.0,460.5614339245424,1000.0,10.0,116.01334311838306,0.0,297.7218588164289,1
51550,51,1,1,61,290,15,0.853448275862069,0.6995252373813093,0.5169915042478761,1000.0,940.0,511.43109695152424,0.0,483.43291224171577,940.0,35.0,167.76292953523236,0.0,330.84112647854965,1
51570,51,1,1,5,162,8,0.8179218303145853,0.5624404194470924,0.340324118207817,1200.0,25.0,416.56673021925644,0.0,563.0340648115787,35.0,3.0,12.861201143946616,0.0,15.936623567237056,1
51580,51,1,1,2,189,6,0.5725879170423805,0.5175834084761046,0.41839495040577096,1000.0,25.0,351.2605951307484,0.0,455.64451484259496,1000.0,3.0,112.92844724977458,0.0,268.60628500992334,1
51590,51,1,1,16,204,17,0.8384582070160242,0.46405370290168907,0.41814638371589435,1200.0,15.0,261.783239497618,0.0,448.9232334493182,950.0,2.0,20.55769727154612,0.0,32.378903000126726,1
51595,51,1,1,2,119,6,0.8960396039603961,0.504950495049505,0.4603960396039604,1200.0,25.0,548.4950495049505,0.0,583.263201954819,1000.0,3.0,66.8209900990099,0.0,219.3981251366537,1
51600,51,1,1,5,93,10,0.875406283856988,0.7345612134344529,0.5872156013001083,1000.0,940.0,576.863488624052,0.0,474.1869297646412,940.0,35.0,233.04281690140843,0.0,375.35929699580447,1
51610,51,1,1,3,85,12,0.906030855539972,0.8373071528751753,0.6732117812061711,1200.0,940.0,553.6970546984572,0.0,442.5896540989975,940.0,20.0,201.2927237026648,0.0,354.39223925284244,1
51620,51,1,1,2,118,4,0.8909465020576132,0.5329218106995884,0.36419753086419754,1000.0,25.0,372.84053497942386,0.0,475.20040241630767,35.0,3.0,13.605037037037036,0.0,16.231080060443375,1
51630,51,1,1,7,170,8,0.911864406779661,0.7301694915254238,0.5891525423728814,1200.0,940.0,588.2915254237288,0.0,482.5451101613359,940.0,35.0,215.00871593220342,0.0,364.0984857872709,1
51640,51,1,1,2,167,11,0.6860103626943005,0.5865284974093264,0.2621761658031088,1200.0,60.0,323.04404145077723,0.0,497.22410392195803,500.0,5.0,38.395504663212435,0.0,116.5188943241126,1
51650,51,1,1,36,288,12,0.8477123079520513,0.727671787945298,0.5519162586527098,1000.0,940.0,543.3894985649164,0.0,480.36535990651,940.0,35.0,189.69374573695765,0.0,347.1214187481653,1
51660,51,1,1,11,150,16,0.681868743047831,0.36262513904338156,0.26974416017797553,2000.0,10.0,420.47803114571747,0.0,711.30085657025,2000.0,2.0,238.05907007786428,0.0,638.342009680911,1
51670,51,1,1,7,283,8,0.8311755567063698,0.5965820818228897,0.3609528741584671,1200.0,25.0,441.31071983428274,0.0,570.147416882941,880.0,3.0,14.058146038322112,0.0,25.44855822485314,1
51678,51,1,1,2,120,10,0.5684647302904564,0.5076071922544951,0.2918395573997234,1200.0,25.0,335.28077455048407,0.0,509.21494014511165,1024.0,1.5,111.04767634854772,0.0,306.4590383592166,1
51680,51,1,1,23,281,16,0.590215264187867,0.46679712981082844,0.43483365949119374,2000.0,15.0,387.5948467058056,0.0,640.7043253292594,2000.0,1.0,176.50481356816698,0.0,539.949993910207,1
51683,51,1,1,7,142,9,0.9414455626715462,0.7593778591033852,0.5370539798719122,1200.0,940.0,591.1715462031107,0.0,542.478431809982,880.0,35.0,215.25077401646843,0.0,365.266409901365,1
51685,51,1,1,3,56,4,0.9574468085106383,0.8368794326241135,0.5815602836879432,1200.0,940.0,630.2730496453901,0.0,528.7586734864101,880.0,35.0,266.9574184397163,0.0,393.47365154066205,1
51690,51,1,1,5,110,11,0.6346294937637564,0.48495964783565665,0.3822450476889215,1200.0,20.0,277.65040352164345,0.0,470.07401834385274,100.0,1.5,16.59430374174615,0.0,20.673962743012044,1
51700,51,1,1,47,250,11,0.8380726698262243,0.7364928909952607,0.5824644549763033,1000.0,940.0,572.1266192733017,0.0,475.81889283734074,940.0,35.0,220.54039684044236,0.0,367.4173472647676,1
51710,51,1,1,80,292,16,0.8197576722384363,0.6098876801981074,0.4172636419916866,1000.0,25.0,400.2697886265145,0.0,475.2320048228097,940.0,3.0,24.209423542938,0.0,88.52822349991057,1
51720,51,1,1,1,152,8,0.9363817097415507,0.7176938369781312,0.47912524850894633,750.0,25.0,242.6685248508946,0.0,281.8653055039438,10.0,3.0,5.339037773359841,0.0,3.816920457834936,1
51730,51,1,1,11,170,9,0.8046181172291297,0.566607460035524,0.33348134991119005,1200.0,25.0,407.7650976909414,0.0,559.256520899949,880.0,3.0,14.888696269982237,0.0,47.43561596350908,1
51735,51,1,1,3,51,4,0.8398058252427184,0.7766990291262136,0.5679611650485437,1000.0,940.0,557.6456310679612,0.0,476.00838602506275,880.0,35.0,250.36299029126212,0.0,385.90483353696175,1
51740,51,1,1,31,269,10,0.843423083519122,0.7221745841193621,0.5275252958326188,1000.0,940.0,523.5195506774138,0.0,483.6555496407779,940.0,35.0,162.26555170639685,0.0,324.41802962064116,1
51750,51,1,1,4,188,13,0.6491071428571429,0.41116071428571427,0.20357142857142857,1000.0,10.0,184.14855714285713,0.0,372.0984675508779,50.0,2.0,11.157046428571428,0.0,19.67293546820627,1
51760,51,1,1,75,284,17,0.8341061308603812,0.7057481416059469,0.5570030175903438,1200.0,940.0,567.6842767351145,0.0,530.7704507103259,880.0,35.0,221.8201327739751,0.0,368.0627650459706,1
51770,51,1,1,25,384,20,0.6598728385524987,0.5702656129300612,0.3858220928159724,2000.0,25.0,325.47192346544654,0.0,574.9619661403297,2000.0,3.0,151.14020417137084,0.0,501.4948261968168,1
51775,51,1,1,5,278,15,0.6870298609528152,0.5853658536585366,0.38887622521085025,2000.0,25.0,407.0635969911101,0.0,680.5181007801218,2000.0,3.0,228.3934369728744,0.0,616.2185247036849,1
51790,51,1,1,7,170,12,0.7315263908701855,0.468188302425107,0.3146932952924394,2000.0,15.0,442.7857346647646,0.0,720.9350743624464,2000.0,2.0,263.700485021398,0.0,658.3875691379554,1
51800,51,1,1,36,155,12,0.8878048780487805,0.6708751793400287,0.4103299856527977,1000.0,25.0,418.83457675753226,0.0,484.89697598580454,880.0,3.0,15.625533428981347,0.0,21.981040303645035,1
51810,51,1,1,112,213,16,0.8745202037825389,0.7516225835717775,0.5723358224579524,1200.0,940.0,538.3245516086258,0.0,473.8402895905706,940.0,35.0,180.76713629702004,0.0,336.74583292754886,1
51820,51,1,1,5,219,13,0.7526646624760863,0.5419513528286417,0.3462694725334791,1200.0,25.0,282.2913364307188,0.0,466.9181017991151,1000.0,5.0,56.077877015578025,0.0,185.33075459069954,1
51830,51,1,1,3,124,8,0.8274428274428275,0.5675675675675675,0.5031185031185031,1000.0,940.0,506.08004158004155,0.0,494.89350426042665,940.0,35.0,38.14609563409564,0.0,135.06984650468502,1
51840,51,1,1,6,137,12,0.7788778877887789,0.6051980198019802,0.36468646864686466,2000.0,25.0,577.9366749174917,0.0,784.3494982350614,2000.0,3.0,340.9301551155115,0.0,740.8651561328105,1
53001,53,12,1,7,631,19,0.7767078724788549,0.24964216005204945,0.020754716981132074,1000.0,15.0,35.23451528952505,0.0,140.58365516352595,1000.0,2.0,4.4151264801561485,0.0,17.078951759816555,12
53003,53,2,1,6,222,15,0.9502423263327948,0.6982229402261713,0.3205169628432956,1000.0,25.0,244.324394184168,0.0,398.81005547160106,1000.0,10.0,31.509346042003234,0.0,93.95109008469386,2
53005,53,7,1,45,481,24,0.7269457764662486,0.4619144227222427,0.1634083364072298,1000.0,20.0,173.01086733062832,0.0,360.2866020642336,1000.0,3.0,47.99386173613673,0.0,195.0972383627272,7
53007,53,8,1,23,421,20,0.9346834519248313,0.6564495530012772,0.4972176610107645,1000.0,90.0,498.9141351943076,0.0,490.6201464135429,1000.0,13.0,162.79208812260538,0.0,329.05712706118703,8
53009,53,5,1,24,312,11,0.8489711157258826,0.5842929960354918,0.05418161223333963,940.0,25.0,58.33661242212573,0.0,174.1886945693636,940.0,3.0,38.22069208986218,0.0,176.91775612458773,5
53011,53,11,1,115,228,20,0.9310683149721077,0.6920640260140722,0.3818293947803661,3000.0,25.0,348.4640416000897,0.0,502.5454228328087,3000.0,10.0,76.34976138816472,0.0,237.98390442180664,11
53013,53,5,1,1,492,11,0.9356343283582089,0.7173507462686567,0.025186567164179104,1000.0,50.0,60.33255597014925,0.0,149.12183757729863,1000.0,8.0,16.045449626865672,0.0,95.62716693169786,5
53015,53,6,1,30,476,17,0.594317970349234,0.41939085664661,0.2181626449972086,1200.0,15.0,248.3438682463867,0.0,459.20410051014767,1000.0,1.5,54.28843061844799,0.0,203.63333672734768,6
53017,53,12,1,9,789,25,0.9705951052399366,0.7294126806986583,0.3616568477329942,1000.0,30.0,370.42330850484024,0.0,467.24183238929606,1000.0,30.0,337.95227614128885,0.0,462.3138516939544,12
53019,53,6,1,3,446,11,0.9379171193543381,0.6563712556262611,0.04656216048424647,400.0,25.0,33.92166754617414,0.0,40.55041125250096,250.0,3.0,9.037977339748565,0.0,32.71801287475494,6
53021,53,6,1,22,517,21,0.6592393133625042,0.41124200605856615,0.113227869404241,1000.0,20.0,124.28663991921913,0.0,306.8873167198266,1000.0,3.0,28.64851820935712,0.0,144.490157303238,6
53023,53,2,1,1,241,10,0.9400705052878966,0.9153936545240893,0.26439482961222094,1000.0,25.0,282.06756756756755,0.0,428.0559891909743,1000.0,4.0,264.8410599294947,0.0,438.23664213680394,2
53025,53,13,1,23,692,26,0.8236942523253041,0.6640233722871453,0.5430081882502583,1000.0,1000.0,546.8096151522378,0.0,490.8269361241336,1000.0,35.0,494.49365386755704,0.0,497.08389648556386,13
53027,53,16,1,20,845,16,0.4790878412925657,0.3868152844530797,0.2288918430650714,1200.0,3.0,243.02184599652315,0.0,455.71075172220947,1000.0,0.5,45.59041176671098,0.0,185.96161923196325,16
53029,53,4,1,24,234,8,0.9216057564855141,0.5050179890172316,0.21984472637758,1200.0,25.0,255.899072145427,0.0,459.23910166821867,1000.0,10.0,53.77430183677333,0.0,202.37415778518064,4
53031,53,7,1,10,378,10,0.824610374505699,0.5264014887183066,0.0023261223540358223,940.0,25.0,21.757070016282857,0.0,25.39269261706596,940.0,2.0,2.7167062107466853,0.0,20.42386515295118,7
53033,53,20,1,495,581,45,0.8585830886860019,0.7527583314514308,0.41569345420524567,10000.0,25.0,447.30218122721556,0.0,765.493690720827,7000.0,4.0,154.24745441494338,0.0,566.4261989825533,20
53035,53,6,1,60,271,21,0.8841273294177362,0.5779131317525923,0.20535131607570153,1200.0,25.0,243.92854035240373,0.0,450.4730365503814,1000.0,4.0,42.41846363570445,0.0,173.17166273815792,6
53037,53,8,1,14,823,20,0.6792876901798064,0.3886151452282158,0.08739626556016597,1200.0,20.0,84.09269104426002,0.0,238.50021958642515,1000.0,3.0,15.117749221991701,0.0,59.63080277127898,8
53039,53,11,1,6,623,13,0.47907149686603634,0.2178901519175608,0.08817592690959311,2000.0,3.0,82.45896632317009,0.0,264.83102032323137,2000.0,0.74,9.679795495591202,0.0,99.04110829647128,11
53041,53,17,1,21,405,18,0.5538544912613467,0.3016190218127625,0.11451700311610893,1200.0,10.0,104.58112897981303,0.0,298.7433388020262,1000.0,1.0,44.798310052838374,0.0,196.72158296822545,17
53043,53,11,1,4,703,15,0.9308273470398811,0.6925315828585583,0.003529848897696309,400.0,25.0,25.638180579638348,0.0,14.612127682604449,100.0,3.0,5.30455300966064,0.0,6.724328864116863,11
53045,53,9,1,19,238,13,0.6910269028871391,0.5765255905511811,0.42068569553805774,1200.0,25.0,442.99828149606304,0.0,509.46549037374746,1000.0,3.0,240.46877017716534,0.0,420.80990100494756,9
53047,53,13,1,13,605,15,0.9445379260285723,0.5636939522913986,0.22755617143422746,1000.0,25.0,114.55686904879738,0.0,248.32082969840047,1000.0,6.0,22.223057111748986,0.0,39.97888596560221,13
53049,53,8,1,11,469,13,0.4872884515022739,0.32923283381793783,0.19026317751435176,1200.0,3.0,190.80222112875566,0.0,404.9982148507318,940.0,0.5,8.97115082382763,0.0,18.476631970253763,8
53051,53,6,1,5,548,10,0.9564686115778219,0.7441576294486024,0.15518558118222087,1000.0,30.0,78.87864670841607,0.0,177.9823894533285,1000.0,10.0,29.82861341072247,0.0,112.4457084606523,6
53053,53,17,1,193,586,25,0.8955303893319038,0.7950311599544327,0.45108222207330967,10000.0,40.0,453.3382279032366,0.0,539.1447731018677,5000.0,4.0,69.09870994438116,0.0,226.7294489328068,17
53055,53,4,1,9,293,8,0.9611801242236024,0.4825310559006211,0.08850931677018634,1000.0,20.0,87.39285714285714,0.0,222.1422333031719,1000.0,10.0,38.99736413043478,0.0,126.0788588860355,4
53057,53,8,1,42,447,17,0.9145413272800107,0.3952463613299506,0.18146615035385233,1200.0,20.0,208.05200961410068,0.0,419.4155410484287,1000.0,10.0,58.30377113099212,0.0,214.50826125296197,8
53059,53,6,1,5,694,9,0.3507591773976552,0.15356525081683645,0.02056505862002691,1000.0,2.0,14.364309052469729,0.0,69.19281783831183,1000.0,0.064,3.1993273111666345,0.0,47.986509630697405,6
53061,53,15,1,175,572,23,0.9059514648749085,0.5930256564253674,0.2975357069124078,3000.0,25.0,329.38579110752426,0.0,495.8789428013484,3000.0,4.0,120.13849687505866,0.0,310.93739803528075,15
53063,53,19,1,130,743,34,0.9265442216583963,0.7105889485147181,0.22758605204661292,10000.0,30.0,236.6200450412017,0.0,517.1932095325667,10000.0,10.0,49.9113915171655,0.0,338.8936390978187,19
53065,53,15,1,15,443,19,0.9397255192878339,0.7821958456973294,0.06379821958456973,1200.0,30.0,82.59742833827893,0.0,222.39255686068117,100.0,10.0,9.183948293768546,0.0,11.399833366182639,15
53067,53,9,1,62,367,21,0.923259524458108,0.6516714013308946,0.3363038486982916,1200.0,25.0,328.6727633575904,0.0,503.70716320139104,1000.0,10.0,18.5396537338989,0.0,60.87167757667144,9
53069,53,2,1,1,407,7,0.5568181818181818,0.28863636363636364,0.19204545454545455,1000.0,10.0,131.46935909090908,0.0,295.0819385770589,65.0,1.0,11.812631818181819,0.0,21.12247127041036,2
53071,53,7,1,14,802,21,0.8962885604113111,0.7032990574121679,0.1088796058269066,1000.0,25.0,131.1245046058269,0.0,299.61791206369656,1000.0,10.0,32.63936830548415,0.0,149.8397079931012,7
53073,53,9,1,54,406,17,0.9162149670154208,0.4745997730997101,0.22685827135593933,1200.0,20.0,256.12122358082274,0.0,463.35364867296477,1000.0,5.0,31.90666019580655,0.0,137.44838418104501,9
53075,53,16,1,12,879,22,0.9761339092872571,0.812122030237581,0.22086933045356372,5000.0,25.0,181.5909827213823,0.0,351.55176366493737,5000.0,4.0,142.36473255939526,0.0,337.7927564248969,16
53077,53,17,1,57,722,25,0.6756693543423401,0.3407767587862375,0.16521203914568844,2000.0,20.0,119.38867345356066,0.0,320.2123531909828,2000.0,3.0,26.71717794054287,0.0,177.9751541243337,17
54001,54,1,1,4,348,10,0.7036766496225956,0.42853664475286096,0.14925736547358168,1000.0,18.0,83.76430484538592,0.0,222.4126682417629,1000.0,1.0,23.230394935476017,0.0,120.80724340658634,1
54003,54,1,1,26,261,17,0.7206134501809869,0.3679748523528291,0.15555343875023814,2000.0,18.0,188.16612688131073,0.0,425.5274261258863,2000.0,1.0,19.095637264240807,0.0,139.8064876863924,1
54005,54,1,1,8,359,13,0.8523384130320546,0.3239621650026274,0.2320021019442985,1000.0,12.0,212.3202837624803,0.0,392.2982481803688,500.0,1.0,12.176323699421966,0.0,29.6060266114795,1
54007,54,1,1,3,519,10,0.6232063334982682,0.3612073231073726,0.08535378525482434,2000.0,10.0,92.49257793171697,0.0,259.8172707385915,150.0,1.0,6.519899059871351,0.0,13.117102792937118,1
54009,54,1,1,8,215,10,0.9361080686381891,0.46038700255567727,0.2402336619204089,1200.0,18.0,229.26506024096386,0.0,438.53798189606465,35.0,1.0,7.682850675428989,0.0,12.397802522803035,1
54011,54,1,1,34,246,20,0.9001911741277681,0.40066910944718814,0.22924964154851044,2000.0,18.0,248.95953480962243,0.0,449.9528597456449,1000.0,2.0,15.26192384897244,0.0,55.77503580482045,1
54013,54,1,1,2,242,9,0.8383490971625107,0.16852966466036112,0.11435941530524506,1000.0,10.0,27.138435081685298,0.0,63.82125097246261,50.0,1.0,3.0777162510748064,0.0,6.240685276041242,1
54015,54,1,1,3,300,6,0.6387832699619772,0.18631178707224336,0.10456273764258556,1000.0,6.0,61.60583016476553,0.0,205.72923766546594,50.0,1.0,3.43128010139417,0.0,10.250617825146286,1
54017,54,1,1,2,291,12,0.7218251786695987,0.3051126992853216,0.1456844420010995,2000.0,10.0,83.67179769103903,0.0,197.70340525245572,1000.0,1.0,40.69651017042331,0.0,132.90562205627052,1
54019,54,1,1,13,384,13,0.6195121951219512,0.2861788617886179,0.17831978319783198,1000.0,6.0,159.5430894308943,0.0,349.8898541759003,50.0,1.0,8.28940596205962,0.0,17.388779352114327,1
54021,54,1,1,3,390,10,0.6892150606253988,0.22590938098276964,0.12125079770261646,1000.0,10.0,114.29355456285897,0.0,301.3613227482847,50.0,1.0,6.4242756860242505,0.0,14.903020830708327,1
54023,54,1,1,3,349,10,0.6357615894039735,0.25695364238410595,0.12494481236203091,1200.0,6.0,87.43764591611479,0.0,254.34923316805316,100.0,1.0,5.494908609271524,0.0,14.65485766022842,1
54025,54,1,1,10,381,11,0.6649171723798589,0.2981794325077907,0.18369690011481057,1000.0,9.0,157.727078891258,0.0,342.0765659109364,50.0,1.0,8.851877316713137,0.0,17.530621955005017,1
54027,54,1,1,9,301,9,0.6485087503081094,0.22627557308355928,0.1363076164653685,1000.0,6.0,56.52274291348287,0.0,184.0609938229338,600.0,1.0,24.781365541040177,0.0,111.25978198572724,1
54029,54,1,1,8,219,8,0.8097915202623566,0.4052471304755212,0.18739751698289997,1200.0,18.0,222.25275240103068,0.0,449.925452608963,35.0,1.0,7.31769126259077,0.0,12.794025962064005,1
54031,54,1,1,5,316,7,0.610748679714197,0.2771046908977943,0.22460391425908668,115.0,6.0,29.215234544889718,0.0,40.84642676990043,100.0,1.5,21.4100751786269,0.0,39.70720206954885,1
54033,54,1,1,25,342,18,0.7585443656011979,0.4847340667925265,0.254540720005208,2000.0,18.0,212.12759585964454,0.0,367.63237481907277,1000.0,1.0,69.66760080723911,0.0,238.58498369950178,1
54035,54,1,1,7,324,17,0.8626096695911891,0.3464625723352623,0.22288594362516334,2000.0,12.0,344.33843569161843,0.0,694.4995863174335,150.0,2.0,17.14007093522494,0.0,34.78886374258032,1
54037,54,1,1,15,264,13,0.7649595120412241,0.4592491324008834,0.14186560100956988,3000.0,18.0,177.93721737301505,0.0,415.65418778091487,3000.0,1.0,16.566605952255756,0.0,136.5142423159747,1
54039,54,1,1,57,496,20,0.8715058611361587,0.36185001502855424,0.211526901112113,2000.0,18.0,194.37171250375715,0.0,376.7567213457242,1000.0,1.0,30.150988428013225,0.0,142.2418519852268,1
54041,54,1,1,5,409,12,0.7569669475048607,0.4597105206308058,0.13933895009721323,1000.0,18.0,132.16072585871677,0.0,300.8982714368179,50.0,1.0,8.539855692374163,0.0,14.775267800467786,1
54043,54,1,1,6,240,8,0.8576629049872588,0.3516563523844194,0.2504550418638515,1000.0,10.0,120.40589734255552,0.0,214.40008141459222,1000.0,2.0,25.30202257007645,0.0,98.78569445724092,1
54045,54,1,1,10,377,12,0.9229663105998357,0.34798685291700904,0.20316351684470008,1000.0,18.0,182.24281018898932,0.0,361.71125337687374,1000.0,2.0,15.108016433853738,0.0,59.2679768567733,1
54047,54,1,1,8,512,13,0.8873958613276001,0.3528621338349906,0.3012631013168503,2000.0,12.0,295.7436173071755,0.0,445.19990598972,1000.0,2.0,34.81303735554958,0.0,137.86501610860816,1
54049,54,1,1,21,304,14,0.7358737356121381,0.4539588419951168,0.21573072898500176,2000.0,18.0,193.988315312173,0.0,380.90613397757113,500.0,1.0,7.916650854551796,0.0,14.670075274815886,1
54051,54,1,1,10,338,13,0.8159525038719669,0.33144037170882806,0.21244192049561178,1200.0,18.0,239.54878678368613,0.0,460.5077080305081,100.0,1.0,7.954085699535364,0.0,13.650716682605347,1
54053,54,1,1,7,553,11,0.8138995084653194,0.3229109776078646,0.10513380666302567,2000.0,10.0,100.00928454396505,0.0,283.68582792364,150.0,1.0,6.495371927908247,0.0,14.878984849308772,1
54055,54,1,1,16,276,14,0.7134728713676082,0.3736029262345052,0.21083113188376346,1200.0,18.0,211.16937614306036,0.0,412.8816290103346,250.0,1.0,13.12640764072343,0.0,37.29983840895924,1
54057,54,1,1,7,287,13,0.7037919826652221,0.3254604550379198,0.21083423618634886,2000.0,18.0,165.92394366197183,0.0,376.8529732954582,600.0,1.0,31.170073239436622,0.0,121.56443497597473,1
54059,54,1,1,7,183,12,0.8814016172506739,0.3283917340521114,0.265947888589398,1200.0,18.0,239.90206648697216,0.0,411.1929045919187,1000.0,1.0,16.394519317160825,0.0,68.94303964749635,1
54061,54,1,1,28,339,20,0.5901682210407042,0.20787936895319445,0.11069467445306372,1200.0,6.0,118.3803713065458,0.0,334.2599391848055,1000.0,1.0,4.739932711583719,0.0,21.917326569075453,1
54063,54,1,1,3,285,7,0.672514619883041,0.278575225943647,0.10047846889952153,1000.0,6.0,71.98989898989899,0.0,219.46565040212096,50.0,1.0,4.004869750132908,0.0,10.988442559796214,1
54065,54,1,1,6,226,10,0.6938555515630614,0.28242903341717573,0.1433704635285663,1200.0,9.0,125.94538268056054,0.0,340.09736717331344,35.0,1.0,4.4419748472871,0.0,9.821840953806408,1
54067,54,1,1,8,413,13,0.5731681713205963,0.26159983203863113,0.15179508712996012,1000.0,6.0,114.39051018265799,0.0,296.6330972478207,50.0,1.0,6.162766323745538,0.0,14.75802231826874,1
54069,54,1,1,18,290,16,0.7901974132062628,0.38352620830496936,0.21184479237576584,3000.0,18.0,221.26616746085773,0.0,447.9330891719025,3000.0,1.0,7.787836078965283,0.0,37.24066231531553,1
54071,54,1,1,3,336,8,0.8231631382316313,0.4539227895392279,0.1133250311332503,1000.0,18.0,81.34744707347447,0.0,235.6346214883241,100.0,1.0,5.546896637608967,0.0,14.22727383410753,1
54073,54,1,1,2,312,11,0.7506678539626002,0.2836153161175423,0.15182546749777381,1000.0,10.0,124.2827248441674,0.0,304.7725322647031,1000.0,1.0,12.619013357079252,0.0,78.17400037762141,1
54075,54,1,1,5,204,12,0.8668493150684932,0.37643835616438354,0.16931506849315067,1000.0,18.0,37.876164383561644,0.0,59.66117789283646,1000.0,1.0,6.140528219178083,0.0,38.00801412642952,1
54077,54,1,1,11,452,13,0.6018324607329842,0.25955497382198955,0.18795811518324607,1200.0,6.0,171.2350785340314,0.0,366.86668780161807,1000.0,1.0,77.87719685863874,0.0,258.05838100556525,1
54079,54,1,1,12,346,18,0.8957644938419946,0.3471012316010814,0.18023430459597475,2000.0,18.0,179.86700210273355,0.0,382.90010987012715,1000.0,2.0,9.693074797236408,0.0,40.18390363787099,1
54081,54,1,1,17,340,13,0.6826201581829243,0.3076455080105455,0.21932670857838166,1000.0,10.0,218.2827012776313,0.0,402.36081584323784,1000.0,1.0,53.5298665585074,0.0,205.1021627263164,1
54083,54,1,1,7,379,15,0.7506431143886126,0.42942891442291203,0.12605042016806722,1000.0,18.0,61.570228091236494,0.0,116.9407782795661,50.0,1.0,4.990791287943749,0.0,6.396266514702214,1
54085,54,1,1,3,443,13,0.8689486552567237,0.3662591687041565,0.24254278728606357,2000.0,10.0,141.08068459657702,0.0,286.34791430518277,1000.0,2.0,81.69972029339854,0.0,264.03388377755886,1
54087,54,1,1,5,215,11,0.8337182448036952,0.312933025404157,0.12663587374903773,2000.0,12.0,87.64896073903002,0.0,253.57997544701058,75.0,1.0,5.10409545804465,0.0,12.328270810805924,1
54089,54,1,1,4,352,11,0.588429146832662,0.2662028560966679,0.11461003295496155,1200.0,6.0,105.8348590259978,0.0,288.01522683178996,50.0,1.0,5.737496887586964,0.0,14.298957468807679,1
54091,54,1,1,4,345,11,0.7363325740318907,0.39379271070615035,0.17055808656036447,2000.0,18.0,173.73177676537586,0.0,385.31430180375196,1000.0,1.0,11.541189066059227,0.0,64.22774574672246,1
54093,54,1,1,3,324,11,0.615477145148356,0.3247794707297514,0.12710505212510023,1000.0,6.0,104.21090617481957,0.0,270.05064897863014,600.0,1.0,7.756218123496392,0.0,31.41433898743351,1
54095,54,1,1,3,314,11,0.7404505386875612,0.2664054848188051,0.10381978452497552,2000.0,10.0,94.95445641527914,0.0,271.0838885877582,150.0,1.0,5.327142017629774,0.0,13.631805883509017,1
54097,54,1,1,6,306,12,0.7464664310954063,0.4388250883392226,0.13847173144876326,2000.0,18.0,67.70141342756183,0.0,125.44398052095039,150.0,1.0,5.3364823321554775,0.0,7.027410504113586,1
54099,54,1,1,11,377,13,0.8116220896671157,0.36347893015201077,0.2208966711564364,1200.0,12.0,156.73927265730228,0.0,317.60391112804024,500.0,1.0,8.080792765056763,0.0,21.784003519746044,1
54101,54,1,1,4,241,6,0.5980215827338129,0.24100719424460432,0.1672661870503597,2000.0,6.0,140.4478417266187,0.0,330.60754196774764,150.0,1.0,7.277805755395684,0.0,16.62060509093706,1
54103,54,1,1,5,330,13,0.7556109725685786,0.3211415904682738,0.1515655306178997,2000.0,12.0,125.97146023829316,0.0,304.88183984867555,150.0,1.0,7.0402770850651155,0.0,15.341065244379,1
54105,54,1,1,2,251,8,0.8654377880184332,0.2663594470046083,0.1447004608294931,2000.0,10.0,131.48663594470045,0.0,330.06751385890914,150.0,2.0,7.479373271889401,0.0,17.43878708389442,1
54107,54,1,1,28,271,17,0.8856987345217037,0.43087494897264933,0.3099061096747857,2000.0,18.0,473.54925840250377,0.0,751.6412197937128,150.0,2.0,26.642694244114846,0.0,44.181728458516545,1
54109,54,1,1,6,379,9,0.7078909612625538,0.30674318507890963,0.2642754662840746,1000.0,10.0,259.4235294117647,0.0,429.7919886665899,50.0,1.0,13.394699569583931,0.0,21.25531174735313,1
55001,55,5,1,8,431,11,0.5113879547538979,0.23203913176398655,0.18197798838275756,1000.0,6.0,102.70467746866402,0.0,235.61867167150848,1000.0,1.0,32.83269520024457,0.0,153.18147285044793,5
55003,55,5,1,7,517,12,0.8884814495254529,0.45394736842105265,0.2515099223468507,1000.0,10.0,179.78510569456427,0.0,356.55890877667275,1000.0,2.0,73.83188783433994,0.0,247.13860252768495,5
55005,55,12,1,12,504,13,0.966064092029581,0.7508627773212818,0.5169268693508627,1000.0,100.0,440.89288315529996,0.0,475.4296056996572,1000.0,10.0,319.36542161051767,0.0,458.68840957876205,12
55007,55,6,1,6,691,8,0.9491129143171503,0.5803190757804979,0.4393480951726035,1000.0,25.0,341.68611607756844,0.0,454.2122758384817,1000.0,3.0,270.7330412597992,0.0,438.0978663831291,6
55009,55,12,1,58,400,24,0.6556914810950023,0.5080704247241402,0.298061765946582,1000.0,25.0,165.70577615949912,0.0,338.82355899725474,1000.0,3.0,19.668388490486446,0.0,105.89210409793857,12
55011,55,7,1,5,483,15,0.6846219442865265,0.5177657760090961,0.2769566041311351,1000.0,25.0,238.8207589539511,0.0,393.7561574374742,1000.0,4.0,218.83526890278566,0.0,395.6955081665829,7
55013,55,7,1,6,501,8,0.9778222701370707,0.542584321577083,0.33836439242260896,1000.0,25.0,139.85804219929156,0.0,267.9855972177914,1000.0,3.0,111.96282103804096,0.0,272.46830762241694,7
55015,55,11,1,11,378,15,0.7665019082775449,0.4020834636801602,0.2889945567165113,1000.0,18.0,136.44774472877432,0.0,304.3355692695273,1000.0,3.0,11.607633735844335,0.0,57.38490372701678,11
55017,55,13,1,12,590,15,0.882247568911311,0.5029611756964246,0.3291657527235505,1000.0,25.0,323.639757841632,0.0,454.64914881233307,1000.0,2.0,170.57929180375814,0.0,367.153379487904,13
55019,55,14,1,8,554,12,0.7608808868387769,0.5135034595640205,0.12645388487959724,1000.0,25.0,79.4892617116782,0.0,215.3534482357732,400.0,2.0,6.086625052699452,0.0,19.05839648102404,14
55021,55,14,1,13,637,14,0.6361066821278446,0.3667922887374982,0.1266850268154805,1000.0,12.0,93.37082813934387,0.0,240.0132135592643,1000.0,1.0,10.354770836353095,0.0,51.476234505188344,14
55023,55,8,1,6,508,10,0.4620981221118867,0.3501130665617933,0.23930783600432604,1000.0,2.0,218.8136301248648,0.0,400.54112563614046,1000.0,0.064,88.29456198997148,0.0,218.21646741944264,8
55025,55,28,1,124,511,36,0.7234213906342208,0.5567813378692679,0.19626479675078973,1000.0,25.0,179.43845062658383,0.0,353.91092695765457,1000.0,3.0,46.31227977922033,0.0,171.15379964583641,28
55027,55,18,1,20,567,16,0.6870591791495936,0.3925404715523611,0.1850775844696715,1000.0,12.0,122.92175878283065,0.0,295.80745044500514,100.0,1.5,8.178090448041916,0.0,13.010788030619338,18
55029,55,5,1,10,468,12,0.7709442626154072,0.6434468272189927,0.09310732255385668,1000.0,25.0,91.54273870353182,0.0,256.41291794344517,1000.0,6.0,6.584440427922426,0.0,19.11504732194077,5
55031,55,6,1,14,617,13,0.9115081013710012,0.6718944744495222,0.2927918570835064,10000.0,25.0,984.8204970918155,0.0,2603.199529684886,10000.0,3.0,816.6109347735771,0.0,2630.3691797681618,6
55033,55,13,1,9,628,16,0.9332251162104331,0.7682431933889176,0.5013650114365823,1000.0,100.0,483.03685088172364,0.0,485.2697748666148,1000.0,20.0,370.05065697631517,0.0,476.0929015222363,13
55035,55,10,1,22,556,21,0.6916976115160683,0.3685875395406409,0.2408196946774859,1000.0,10.0,225.54295310136158,0.0,404.2313559870016,1000.0,2.0,42.12492669509008,0.0,178.1601970009844,10
55037,55,1,1,3,246,9,0.9702072538860104,0.6709844559585493,0.17357512953367876,1000.0,25.0,190.9598445595855,0.0,371.14624086455143,35.0,3.0,8.36119170984456,0.0,12.24522522385417,1
55039,55,11,1,23,492,16,0.7540673563323156,0.42658250922845553,0.27981588661532153,1000.0,18.0,119.30000082030716,0.0,280.88546062124385,1000.0,3.0,7.593911178963679,0.0,32.229430704726724,11
55041,55,5,1,4,434,10,0.9561103281658949,0.2601167706865311,0.135594926514999,1000.0,12.0,123.01858224280248,0.0,302.67910810748435,100.0,2.0,9.370725588886652,0.0,23.43407177702879,5
55043,55,13,1,12,578,18,0.5513306752244805,0.42043502220493373,0.24029952348536418,2000.0,10.0,193.43367953580344,0.0,375.86931636971116,2000.0,1.0,37.3516088690071,0.0,129.7651811703865,13
55045,55,11,1,8,536,15,0.7581819971455288,0.42359368079137755,0.1365470741670358,1000.0,12.0,103.30363206850731,0.0,260.43391668919804,400.0,3.0,16.23227501353413,0.0,62.79188856825923,11
55047,55,7,1,6,434,7,0.36609570418705817,0.20534257748776508,0.13458401305057097,1000.0,4.0,122.8422688961392,0.0,315.30752225225456,100.0,1.0,5.160735046220772,0.0,11.31022058346367,7
55049,55,12,1,6,454,17,0.7057203456899553,0.343790560005065,0.10481496723543006,1000.0,12.0,98.55592427743835,0.0,272.40173018849646,1000.0,3.0,22.630317325651337,0.0,129.1581265760734,12
55051,55,5,1,3,522,8,0.6343166595411145,0.15319937295140373,0.039618070400456035,1000.0,10.0,46.96537836682343,0.0,182.80618576782422,940.0,2.0,3.48693316232008,0.0,25.792671005274478,5
55053,55,8,1,5,695,10,0.615961906733606,0.27312250918689507,0.11748874281869469,1000.0,12.0,85.99651239583872,0.0,242.3899595021345,1000.0,1.5,42.40808767662129,0.0,192.43474159482523,8
55055,55,12,1,21,523,16,0.6833312198833376,0.49483261476033474,0.1973750951052498,1000.0,18.0,154.8709414151661,0.0,331.97472007262934,1000.0,2.0,11.21668044636064,0.0,31.876994588591725,12
55057,55,10,1,8,834,16,0.6878714581893572,0.27256392536281965,0.20051831375259158,1000.0,12.0,179.92377332411886,0.0,368.8542983038715,1000.0,3.0,111.70543165169315,0.0,302.709626091908,10
55059,55,14,1,42,433,17,0.7279810577902591,0.48905591806392995,0.22375485256463204,1000.0,18.0,214.38278373392805,0.0,387.5169023659344,1000.0,2.0,16.911200572671458,0.0,81.50767251570211,14
55061,55,4,1,5,329,12,0.8006074129168216,0.5310524358497583,0.22356514193628363,1000.0,25.0,67.48050154952274,0.0,185.08702220980268,1000.0,3.0,13.996955001859428,0.0,84.67453581505204,4
55063,55,8,1,28,554,18,0.6299130796135333,0.49877064792049036,0.2757557918066281,1000.0,20.0,248.59520102503723,0.0,411.6293908509676,1000.0,3.0,51.74368694809018,0.0,189.9976613148247,8
55065,55,11,1,5,578,14,0.35452136203019596,0.281079344683585,0.0783408287825249,1000.0,4.0,69.93895277867009,0.0,226.6216609692231,50.0,1.0,5.86393414712496,0.0,12.233286735208234,11
55067,55,5,1,7,397,10,0.8215930411052362,0.331570868156234,0.13380521917107283,1000.0,10.0,117.78740474159986,0.0,297.5647615557626,1000.0,2.0,57.8873184376599,0.0,223.5064641198961,5
55069,55,4,1,10,332,11,0.8957151242418313,0.33594208569751516,0.1139698689101937,1000.0,10.0,111.63701193504207,0.0,286.7552760362632,100.0,2.0,5.372579925650558,0.0,9.805053667990263,4
55071,55,12,1,19,529,19,0.7062676024855827,0.4660020564173633,0.30866377576109794,1200.0,18.0,123.02196575618042,0.0,292.34141380634355,1000.0,3.0,9.809800393401582,0.0,26.76655682888475,12
55073,55,17,1,32,613,19,0.7269278277748368,0.4204017410740545,0.1506087877183695,1000.0,18.0,123.65329980589377,0.0,294.2747006487819,1000.0,1.0,30.28366249044174,0.0,143.24506662874268,17
55075,55,10,1,12,866,14,0.6840972135966547,0.24237154804786154,0.0961785285471784,1000.0,10.0,102.81856498157578,0.0,281.7653677516204,940.0,2.0,9.097434770007867,0.0,50.130845823613136,10
55077,55,6,1,5,291,8,0.56866705135603,0.31448355452971727,0.24307559145989613,1000.0,6.0,131.85873485285632,0.0,248.97364368419468,250.0,1.0,9.94302885170225,0.0,19.172396660900066,6
55078,55,1,1,3,627,6,0.5463970969414205,0.2809745982374287,0.257128045619492,1000.0,6.0,259.194401244168,0.0,433.0886120671467,1000.0,1.0,11.307294971487819,0.0,47.50593277333379,1
55079,55,18,1,301,239,35,0.7644624110051889,0.6181730421141547,0.39765898395076626,1000.0,25.0,263.17291116206104,0.0,410.7402954178684,1000.0,4.0,82.72754579461807,0.0,257.76172130097444,18
55081,55,11,1,9,709,14,0.3784846201723065,0.28669702230812066,0.12277655845644839,1000.0,4.0,128.7101284764307,0.0,320.5584145531884,1000.0,1.0,49.51635299898451,0.0,206.73283357744904,11
55083,55,9,1,11,526,11,0.6884666628048427,0.2925910907721717,0.09708625383768754,1000.0,10.0,107.09944134854892,0.0,288.8767183916716,1000.0,2.0,7.245601575624167,0.0,28.292748148065854,9
55085,55,9,1,16,563,14,0.932924102605797,0.20821984633521687,0.11996422618805642,1000.0,10.0,107.5641896012033,0.0,286.0202312682028,100.0,2.0,5.551336964917272,0.0,12.954433452761846,9
55087,55,13,1,47,504,22,0.6282767054820014,0.48489923964481313,0.23842186419950018,1000.0,18.0,194.83154197905034,0.0,375.8323665273712,1000.0,1.5,23.96709826128569,0.0,123.22107077137821,13
55089,55,7,1,21,259,13,0.7461443776699732,0.5568025486930708,0.31054956194337846,1000.0,25.0,212.35229454782421,0.0,381.42852562172897,1000.0,3.0,25.352984432698577,0.0,123.53706583852396,7
55091,55,5,1,2,368,12,0.9520408163265306,0.8622448979591837,0.3408163265306122,1000.0,60.0,298.6219387755102,0.0,405.29879908311574,1000.0,15.0,275.87083265306126,0.0,419.306060726769,5
55093,55,7,1,8,466,15,0.9694599627560522,0.8224084419615146,0.33265052762259467,10000.0,60.0,687.7438686530105,0.0,2122.9750150011328,10000.0,15.0,615.5572197392923,0.0,2128.7689920350795,7
55095,55,11,1,14,451,13,0.9819483455504556,0.6327327533054737,0.44166609577310406,1000.0,30.0,283.8764472151812,0.0,410.3104565297833,1000.0,4.0,238.19280865931356,0.0,413.0190095827041,11
55097,55,10,1,15,605,18,0.6435304198800342,0.4514067409311625,0.2799557269351614,1000.0,12.0,190.58626720936877,0.0,332.77536424078113,1000.0,1.5,67.51247372179378,0.0,208.21189897988054,10
55099,55,6,1,6,409,10,0.9199368960757247,0.34421218694537564,0.13025044369946756,1000.0,10.0,143.01578662985605,0.0,327.91907262440003,1000.0,2.0,107.08873239992113,0.0,304.17177025008516,6
55101,55,13,1,46,332,17,0.7456499055246905,0.6234524380270171,0.2689021122987112,1000.0,25.0,242.3900130291322,0.0,402.27837914116975,1000.0,4.0,30.42297154460081,0.0,115.49946380196457,13
55103,55,11,1,5,558,12,0.4075954440696082,0.29984301412872844,0.23417615818831625,1000.0,4.0,228.34383112328402,0.0,412.00841923245827,1000.0,1.0,128.45643642072213,0.0,288.6350786223142,11
55105,55,15,1,41,561,24,0.7542460113226969,0.5657402641962601,0.1629610567850403,1000.0,25.0,149.13466810773716,0.0,319.64041139247297,1000.0,3.0,14.343428443986962,0.0,75.00563065230948,15
55107,55,7,1,5,574,8,0.9512997696610728,0.3152352747614347,0.19537676867390588,1000.0,10.0,159.84311516946363,0.0,340.5816039884742,1000.0,2.0,63.51590062520565,0.0,205.6206673234194,7
55109,55,13,1,18,344,21,0.9679326235499761,0.729763228984586,0.4525981249006833,10000.0,45.0,555.9532009534403,0.0,1601.567260501211,10000.0,4.0,518.1923675194661,0.0,1607.9895826383374,13
55111,55,9,1,24,618,17,0.52971926987061,0.30175600739371533,0.23241104436229204,1000.0,6.0,215.29722158040664,0.0,397.27875848779865,1000.0,1.0,136.30676270794825,0.0,327.53780477554636,9
55113,55,5,1,8,523,6,0.9458444200970418,0.32305525121302237,0.12302394740961027,1000.0,10.0,117.7291303803412,0.0,296.82477417071,1000.0,2.0,28.248518234465486,0.0,129.3758854504453,5
55115,55,13,1,11,549,17,0.710449143386325,0.38465298142717497,0.18866080156402737,1000.0,18.0,130.134910222771,0.0,296.1199641876153,1000.0,1.0,63.107717394659666,0.0,215.92254286566208,13
55117,55,13,1,28,464,13,0.7266291990218371,0.546055171822043,0.41674889527650266,1000.0,25.0,174.71254476811532,0.0,335.15408084988235,1000.0,3.0,17.379858766999874,0.0,74.96434668166859,13
55119,55,8,1,6,468,9,0.8627158034528553,0.38421314741035856,0.10200863213811422,1000.0,12.0,73.22455544488712,0.0,211.70929772643348,400.0,2.0,15.318014940239044,0.0,66.10165472838736,8
55121,55,8,1,8,469,12,0.5511707206183224,0.4838372357353944,0.284701068424642,1000.0,15.0,207.23117617640372,0.0,364.32124190260623,1000.0,1.0,172.1243958172312,0.0,371.5185519020218,8
55123,55,11,1,7,509,17,0.5094461796297707,0.45813971204387904,0.37952312028643254,1000.0,5.0,336.0937952312029,0.0,459.40861090107364,1000.0,1.0,254.96461560143217,0.0,409.69282813972393,11
55125,55,6,1,8,734,11,0.8896736827235485,0.2465743749117107,0.11357536375194237,1000.0,10.0,73.8595846871027,0.0,220.55326338582333,940.0,2.0,18.039643311202145,0.0,110.43451482400707,6
55127,55,19,1,29,429,21,0.7228653994579363,0.5708900974637876,0.19358139033977706,1000.0,25.0,182.2502877245885,0.0,357.60784555725104,1000.0,3.0,13.937295352969683,0.0,44.98582406846318,19
55129,55,6,1,6,578,9,0.947264708642207,0.42113165055831847,0.12573895092427512,1000.0,10.0,139.6440525476213,0.0,321.6972901417899,1000.0,2.0,27.317250821056582,0.0,145.46317727179968,6
55131,55,10,1,30,264,16,0.7400584795321637,0.5602988953866147,0.3441520467836257,1000.0,25.0,168.28352956465238,0.0,334.12856864577674,1000.0,3.0,13.151307602339182,0.0,68.42554582148803,10
55133,55,23,1,98,316,28,0.7281013536106604,0.5998365264344186,0.37250919538806393,1000.0,25.0,229.8263060670985,0.0,390.17110631316086,1000.0,3.0,21.911117564739246,0.0,107.17034361426131,23
55135,55,10,1,12,547,18,0.6291022018297289,0.4283915731751672,0.11722575049660074,1000.0,12.0,91.16428604202221,0.0,255.21922009273942,1000.0,1.0,15.245130850795961,0.0,99.06687402760036,10
55137,55,8,1,8,439,11,0.41515030517369234,0.3121898351491643,0.17329302378643546,1000.0,4.0,100.72962386629399,0.0,257.48590989217246,940.0,1.0,22.15232570874451,0.0,65.38567323263483,8
55139,55,11,1,45,475,17,0.692338844156463,0.5804230787555387,0.41733765305636283,10000.0,25.0,222.77243918242888,0.0,737.92829607947,10000.0,3.0,72.18962632807661,0.0,678.1499482218733,11
55141,55,7,1,17,553,15,0.6852791878172588,0.5165424631889692,0.2930122043417216,1000.0,25.0,268.7961622925442,0.0,424.6179459007246,1000.0,6.0,124.33477452568673,0.0,314.6907021641185,7
56001,56,1,1,11,1147,17,0.8688487067978943,0.8089951934081026,0.3648432135500114,1000.0,75.0,341.8294232089723,0.0,440.37420083810224,1000.0,20.0,178.36224330510413,0.0,355.43083168653743,1
56003,56,4,1,3,874,7,0.997401570355307,0.6707902615375925,0.19019375247133255,1000.0,50.0,218.25035304750608,0.0,379.51036371837915,1000.0,6.0,141.5469138564085,0.0,329.18394285179437,4
56005,56,1,1,10,747,11,0.9276518585675431,0.7898458748866727,0.4930190389845875,1000.0,60.0,288.2810516772439,0.0,412.98668278500486,1000.0,20.0,41.53761740707162,0.0,92.8800180631539,1
56007,56,2,1,5,1609,11,0.9521611886537595,0.8824853669518236,0.4382035119315624,1024.0,75.0,165.0437303016659,0.0,292.9395655691629,1024.0,20.0,55.93778748311571,0.0,197.94790408166833,2
56009,56,2,1,4,903,7,0.9727227640932385,0.9262688047611175,0.34385848900644733,1000.0,75.0,109.706728384857,0.0,167.3545196799322,940.0,20.0,22.168029426351463,0.0,58.70179584588133,2
56011,56,1,1,2,966,8,0.9995208433157643,0.7690464781983709,0.3780546238620029,1000.0,50.0,141.55438428366077,0.0,278.9172665861623,1000.0,5.0,102.02779108768567,0.0,289.25950305799154,1
56013,56,8,1,12,991,11,0.730908729567248,0.6455507527202266,0.2755005713717891,10000.0,25.0,429.55900034779154,0.0,1762.1100300305773,10000.0,4.0,372.1194507874994,0.0,1762.2248003384072,8
56015,56,4,1,4,1091,12,0.9875698783294968,0.9497533706017758,0.17211443604077606,1000.0,31.0,103.38461269319303,0.0,216.1458599494062,1000.0,20.0,33.25135928970733,0.0,95.08991169297943,4
56017,56,1,1,2,445,6,0.9967266775777414,0.45444626295690127,0.22749590834697217,1000.0,15.0,241.4899072558647,0.0,411.8073396250257,1000.0,3.0,148.08697872340423,0.0,347.35063502941915,1
56019,56,1,1,3,820,8,0.9401260504201681,0.7720588235294118,0.46218487394957986,1000.0,50.0,225.38629201680672,0.0,369.31937984069833,1000.0,5.0,50.357617647058824,0.0,179.2662952101772,1
56021,56,2,1,27,762,20,0.943597181931206,0.764318276004973,0.3882304185661003,1000.0,75.0,167.94519270617488,0.0,309.47452377214523,1000.0,20.0,37.6318940737671,0.0,147.9755899526264,2
56023,56,3,1,5,708,11,0.9440984117097477,0.6343818125194643,0.3913111180317658,1000.0,50.0,255.5911709747742,0.0,400.2981114180894,1000.0,5.0,122.99274151354719,0.0,281.0419298711219,3
56025,56,1,1,20,988,18,0.8313366220342965,0.7234672304439747,0.3783885365280714,1024.0,75.0,167.7187455954898,0.0,312.18000692601015,1024.0,20.0,20.270809114399814,0.0,72.85356809349307,1
56027,56,1,1,1,1150,8,0.9856432909994478,0.9491993373826615,0.21424627277747102,300.0,75.0,79.36968525676421,0.0,42.44226006735082,250.0,20.0,26.777356156819437,0.0,48.15574161766865,1
56029,56,6,1,7,988,9,0.9509923566060762,0.7676793628364057,0.19551673196737107,1000.0,50.0,221.91926263729206,0.0,380.2080859541846,1000.0,5.0,140.61898464898195,0.0,339.0246407646645,6
56031,56,3,1,3,1028,13,0.9693490988405464,0.9121800022959476,0.2418780851796579,1000.0,75.0,99.8349213637929,0.0,175.93511554374717,1000.0,20.0,24.82501963035243,0.0,82.88137223704558,3
56033,56,3,1,7,754,13,0.9267933782955242,0.8025751072961373,0.4999386879215205,1000.0,80.0,221.440282035561,0.0,361.52074271670926,1000.0,10.0,35.1233145309626,0.0,129.90897754678085,3
56035,56,2,1,3,778,8,0.750556438791733,0.6403815580286168,0.3267090620031797,1024.0,25.0,112.12468680445151,0.0,254.37297549341716,1024.0,4.0,85.87513227344994,0.0,237.2734945639419,2
56037,56,3,1,13,970,14,0.7617101540396102,0.619695064445143,0.41519962276013833,1000.0,41.0,172.30874724929268,0.0,328.5993491941918,1000.0,8.0,57.193872209996854,0.0,172.82064516801626,3
56039,56,1,1,7,340,12,0.8446490218642118,0.6889144610663598,0.45262754123513615,1000.0,41.0,412.3283467587265,0.0,474.821407002306,1000.0,10.0,41.31808745684695,0.0,104.08012694832502,1
56041,56,3,1,6,518,9,0.9387880024484799,0.8963476841460927,0.513772699449092,1024.0,100.0,244.88114670475414,0.0,373.0605955643778,1024.0,20.0,137.58888879820444,0.0,294.5298848551904,3
56043,56,2,1,3,522,5,0.9961943793911007,0.4314988290398126,0.23536299765807964,1000.0,15.0,252.05766978922716,0.0,415.35716100409275,1000.0,3.0,149.20008899297423,0.0,343.95028564183883,2
56045,56,2,1,2,693,8,0.9961423060437206,0.8559794256322332,0.5143591941705958,1000.0,100.0,310.48778396913843,0.0,421.7137649272221,1000.0,20.0,207.98328332618945,0.0,392.5392565110543,2
60010,60,1,1,7,104,2,0.9568345323741008,0.9568345323741008,0.9568345323741008,100.0,100.0,95.70428776978417,0.0,20.26149283427972,100.0,100.0,95.69358273381295,0.0,20.311841761006736,1
60020,60,1,1,1,44,1,1.0,1.0,1.0,100.0,100.0,100.0,100.0,0.0,100.0,100.0,100.0,100.0,0.0,1
60050,60,1,1,8,98,2,0.9288389513108615,0.9288389513108615,0.9288389513108615,100.0,100.0,92.91595505617978,0.0,25.64185071964971,100.0,100.0,92.89731835205993,0.0,25.70909225899914,1
66010,66,1,1,57,249,3,0.9594307561597282,0.9594307561597282,0.3982582837723025,1000.0,50.0,67.05607476635514,0.0,70.73943605302487,1000.0,5.0,32.754672897196265,0.0,72.14436469889193,1
69100,69,1,1,1,41,2,0.9183673469387755,0.9183673469387755,0.9183673469387755,150.0,100.0,104.08163265306122,0.0,37.96480647405232,100.0,100.0,69.55102040816327,0.0,44.239434343359406,1
69110,69,1,1,17,125,2,0.989466754443713,0.989466754443713,0.989466754443713,150.0,100.0,102.56747860434497,0.0,16.73215395332265,100.0,50.0,40.80974325213957,0.0,36.04833177620125,1
69120,69,1,1,3,30,2,0.9047619047619048,0.9047619047619048,0.9047619047619048,150.0,100.0,97.61904761904762,0.0,36.54663067513877,100.0,100.0,77.47619047619048,0.0,40.83831181577948,1
72001,72,1,1,6,140,10,0.894212523719165,0.7898481973434535,0.5550284629981025,1000.0,100.0,89.51138519924099,0.0,129.8145819583274,1000.0,10.0,24.108159392789375,0.0,105.15462734670555,1
72003,72,1,1,10,87,12,0.875219683655536,0.7518453427065026,0.5543057996485061,1000.0,100.0,148.78558875219684,0.0,236.26312330746737,1000.0,12.0,62.382776801405974,0.0,212.34934442417764,1
72005,72,1,1,17,162,15,0.8973889905205389,0.7987693331115916,0.590221187427241,1000.0,100.0,167.7882920339265,0.0,258.0386083563629,1000.0,25.0,81.86246465990354,0.0,244.26125784811072,1
72007,72,1,1,6,114,12,0.9250133904659882,0.8371719335832887,0.5099089448312801,1000.0,100.0,133.92822710230317,0.0,228.06462433651922,1000.0,10.0,46.67305838243171,0.0,158.5684351142947,1
72009,72,1,1,6,101,16,0.9271735643246711,0.7407763875521335,0.4196342637151107,1000.0,30.0,102.70131536734038,0.0,188.46500487649146,1000.0,10.0,35.445684953480914,0.0,144.2062392541138,1
72011,72,1,1,8,118,12,0.8841093117408907,0.7697368421052632,0.5592105263157895,1000.0,100.0,143.38613360323887,0.0,224.3818675181146,1000.0,10.0,53.37864372469635,0.0,194.75180431885798,1
72013,72,1,1,25,181,16,0.8957824639289678,0.7980022197558269,0.5293007769145394,1000.0,100.0,187.86970033296336,0.0,292.91239835111503,1000.0,10.0,99.85843507214206,0.0,274.56842221882573,1
72015,72,1,1,5,126,10,0.8392759188151399,0.6692265496434449,0.5540318156884256,1000.0,100.0,147.8710916072408,0.0,223.33126850500986,1000.0,10.0,33.23790455293472,0.0,117.76418978919011,1
72017,72,1,1,5,133,13,0.9004291845493563,0.8034334763948497,0.511587982832618,1000.0,100.0,117.13519313304721,0.0,172.61470435318213,1000.0,10.0,27.012875536480685,0.0,113.89414083783814,1
72019,72,1,1,6,80,14,0.9173212071103762,0.7197188921041753,0.587019429516329,1000.0,100.0,131.1905746176106,0.0,214.27494951317945,1000.0,10.0,39.02046300124018,0.0,126.31305759196283,1
72021,72,1,1,63,129,21,0.9113212241851206,0.824433938790744,0.5050510077133615,2000.0,100.0,155.0379198805673,0.0,286.84209460127624,1000.0,10.0,66.79547151032595,0.0,222.45944144916146,1
72023,72,1,1,15,125,12,0.8626174981923355,0.7259580621836587,0.5982164376958303,1000.0,100.0,180.0236201494336,0.0,273.864353484099,1000.0,10.0,84.7829356471439,0.0,254.23295321694414,1
72025,72,1,1,34,201,20,0.8927248364467565,0.7893907149050209,0.5589973989122724,2000.0,100.0,139.37731536218175,0.0,222.08561218261656,1000.0,10.0,52.60962402459211,0.0,191.65480535454878,1
72027,72,1,1,8,86,13,0.8810888252148997,0.7645654250238777,0.5138490926456543,1000.0,100.0,149.9756446991404,0.0,247.69529521724198,1000.0,10.0,64.30348615090736,0.0,212.60536286159692,1
72029,72,1,1,12,112,15,0.8964646464646465,0.7931818181818182,0.46893939393939393,1000.0,40.0,116.86742424242425,0.0,190.27510254783775,1000.0,10.0,34.526641414141416,0.0,145.47300795778813,1
72031,72,1,1,45,113,22,0.9164479111977799,0.7308182704567614,0.45758643966099155,2000.0,40.0,126.67655441386034,0.0,226.11762618691554,1000.0,10.0,45.889199729993244,0.0,179.45752842471646,1
72033,72,1,1,16,56,17,0.919446704637917,0.7485760781122864,0.5109845402766476,1000.0,100.0,146.9853539462978,0.0,258.290319284585,1000.0,10.0,70.2139951179821,0.0,216.37459359896508,1
72035,72,1,1,11,231,16,0.8942376096751244,0.7877638131373014,0.5155323689826892,1000.0,100.0,113.67441308987432,0.0,179.4423564563305,1000.0,10.0,29.127863410007112,0.0,115.18485346911892,1
72037,72,1,1,4,184,11,0.8926453143534994,0.7858837485172004,0.48813760379596677,1000.0,30.0,121.80604982206405,0.0,187.08988870582922,1000.0,10.0,30.849347568208778,0.0,126.46260453887184,1
72039,72,1,1,4,89,13,0.865953947368421,0.7335526315789473,0.5230263157894737,1000.0,100.0,105.80263157894737,0.0,169.31544240953494,1000.0,10.0,30.45189144736842,0.0,132.04668689161883,1
72041,72,1,1,10,70,12,0.8930150309460654,0.7785145888594165,0.5123784261715296,1000.0,100.0,124.42793987621573,0.0,206.760388761945,1000.0,10.0,35.37758620689655,0.0,129.24812139258356,1
72043,72,1,1,9,141,14,0.9043423536815607,0.6859660163624921,0.3748688902873925,1000.0,25.0,129.58443465491925,0.0,252.24561886727835,1000.0,10.0,73.423159219635,0.0,239.66041011940845,1
72045,72,1,1,5,58,16,0.908502024291498,0.8121457489878543,0.5044534412955466,1000.0,100.0,100.07773279352227,0.0,154.46942320324163,1000.0,10.0,24.209797570850203,0.0,105.03520252471512,1
72047,72,1,1,6,100,17,0.9352369738004122,0.8448631145128054,0.3679717397703856,1000.0,30.0,104.95760965557845,0.0,204.07061144845554,1000.0,10.0,41.90314983809243,0.0,163.64040010526983,1
72049,72,1,1,2,73,6,0.981042654028436,0.9715639810426541,0.7109004739336493,1000.0,100.0,100.42654028436019,0.0,144.2923885293233,1000.0,25.0,43.492890995260666,0.0,149.55477956948928,1
72051,72,1,1,9,98,12,0.8961261570106274,0.7877956804936579,0.5543366472403154,1000.0,100.0,168.72471717518,0.0,268.93005242253025,1000.0,10.0,83.04148097360302,0.0,249.93440839191686,1
72053,72,1,1,11,165,15,0.8839183298921771,0.769671943106217,0.5281027758660243,1000.0,100.0,123.64579031888047,0.0,183.44026961104532,1000.0,10.0,27.88701537049782,0.0,119.17267640884955,1
72054,72,1,1,2,73,10,0.8660399529964747,0.7344300822561692,0.5616921269095182,1000.0,100.0,121.24559341950646,0.0,178.8988530229082,1000.0,10.0,25.500587544065805,0.0,98.2733926632063,1
72055,72,1,1,8,86,9,0.8256559766763848,0.6524781341107871,0.5422740524781341,1000.0,100.0,111.1399416909621,0.0,165.95397362438638,1000.0,10.0,23.304373177842567,0.0,95.51705119791757,1
72057,72,1,1,10,152,13,0.8647260273972602,0.7194227005870841,0.5971135029354208,1000.0,100.0,149.48336594911936,0.0,236.04131117161344,1000.0,10.0,61.217196673189825,0.0,208.81825673477047,1
72059,72,1,1,6,129,12,0.8218045112781955,0.6466165413533834,0.41353383458646614,1000.0,30.0,89.38796992481203,0.0,159.32898185871443,1000.0,10.0,26.706766917293233,0.0,117.72488889391595,1
72061,72,1,1,27,94,23,0.9093924942981547,0.7328426290690442,0.48641924113622226,2000.0,40.0,170.23419033796392,0.0,357.452278291788,1000.0,10.0,74.73231391250259,0.0,239.70244751030722,1
72063,72,1,1,11,109,15,0.9171060339777387,0.8304042179261862,0.4903339191564148,1000.0,40.0,113.62214411247803,0.0,183.25347336760282,1000.0,10.0,29.45140597539543,0.0,114.75177111485844,1
72065,72,1,1,7,114,14,0.8727901614142967,0.7513451191391237,0.4754035357417371,1000.0,50.0,167.5553420445811,0.0,272.4129259108048,1000.0,10.0,78.84415833973867,0.0,241.70511888830865,1
72067,72,1,1,5,120,10,0.8560411311053985,0.7133676092544987,0.5700514138817481,1000.0,100.0,121.19922879177378,0.0,172.51235705602497,1000.0,10.0,23.139460154241647,0.0,97.02072154823705,1
72069,72,1,1,14,93,16,0.900418410041841,0.8079497907949791,0.6062761506276151,1000.0,100.0,182.13096234309623,0.0,275.2408177351314,1000.0,25.0,90.36255230125523,0.0,261.0250450259113,1
72071,72,1,1,12,101,13,0.8846038863976083,0.7698056801195815,0.48101644245142006,1000.0,60.0,172.40597907324366,0.0,270.1469323090867,1000.0,25.0,86.24544095665172,0.0,254.86713133134003,1
72073,72,1,1,3,134,13,0.8297872340425532,0.6623198352779684,0.4914207275223061,1000.0,70.0,97.2656142759094,0.0,161.0241138843791,1000.0,10.0,26.927247769389155,0.0,123.68973804194232,1
72075,72,1,1,13,143,14,0.8771360588362536,0.7447544884274281,0.5074626865671642,1000.0,100.0,151.49816136707764,0.0,228.91490019347077,1000.0,15.0,53.97415098420939,0.0,192.4804115200266,1
72077,72,1,1,7,146,14,0.8871629542790153,0.7766705744431418,0.47772567409144195,1000.0,40.0,110.10404454865181,0.0,166.37715934297097,1000.0,10.0,21.735257913247363,0.0,93.49900055195094,1
72079,72,1,1,6,175,9,0.8577486507324595,0.7170393215111797,0.5605242868157286,1000.0,100.0,102.77525057825751,0.0,149.7187181054283,1000.0,10.0,21.573824209714726,0.0,89.0515740641061,1
72081,72,1,1,8,91,11,0.8605792832596957,0.7231222385861561,0.5591556210112911,1000.0,100.0,153.5203730976927,0.0,257.8288127078436,1000.0,10.0,54.90279823269514,0.0,164.55083272089664,1
72083,72,1,1,3,127,10,0.910167818361303,0.8213228035538006,0.4866732477788746,1000.0,50.0,100.93780848963475,0.0,152.9861172043002,1000.0,10.0,26.44422507403751,0.0,111.44380396154664,1
72085,72,1,1,8,89,16,0.8737541528239202,0.745609871855719,0.4788799240626483,1000.0,30.0,124.34693877551021,0.0,205.47392163683008,1000.0,10.0,40.38467014712862,0.0,158.5550703680994,1
72087,72,1,1,11,56,13,0.8835164835164835,0.7631868131868131,0.4351648351648352,1000.0,40.0,101.90989010989011,0.0,158.337443885919,1000.0,10.0,19.11813186813187,0.0,86.96276873174591,1
72089,72,1,1,6,148,11,0.8717541070482246,0.7435082140964494,0.4965553789083201,1000.0,30.0,117.6163222045575,0.0,169.09088869949687,1000.0,10.0,17.73025967143614,0.0,72.54907909188046,1
72091,72,1,1,10,135,14,0.8921594862188922,0.7886004816697886,0.6028900187316029,1000.0,100.0,186.76879850147176,0.0,277.6118224077508,1000.0,10.0,91.15038801177415,0.0,264.3455908523692,1
72093,72,1,1,2,127,9,0.8709219858156029,0.7418439716312056,0.6127659574468085,1000.0,100.0,118.31205673758865,0.0,177.3009901795056,1000.0,10.0,33.618439716312054,0.0,138.05590291598702,1
72095,72,1,1,4,101,11,0.8190954773869347,0.6432160804020101,0.5192629815745393,1000.0,100.0,118.61306532663316,0.0,179.75992387541612,1000.0,25.0,26.3249581239531,0.0,106.82133171611348,1
72097,72,1,1,26,168,13,0.8782146389713156,0.7586547972304649,0.6437932739861523,1000.0,100.0,200.32603857566767,0.0,293.92232903593407,1000.0,15.0,106.43663452027695,0.0,286.51227732747907,1
72099,72,1,1,8,95,12,0.860913280268119,0.7226644323418517,0.4880603267700042,1000.0,60.0,122.54084625052367,0.0,186.90189855807986,1000.0,12.0,31.491830749895264,0.0,132.00154719606172,1
72101,72,1,1,7,117,11,0.8919265271251602,0.6334899615548911,0.46475865014950873,1000.0,40.0,116.39897479709526,0.0,198.3519096639216,1000.0,10.0,34.51388295600171,0.0,140.95398836888478,1
72103,72,1,1,5,116,13,0.8460648148148148,0.6898148148148148,0.49421296296296297,1000.0,30.0,146.35416666666666,0.0,216.81612061014073,1000.0,10.0,37.116898148148145,0.0,145.88706243676188,1
72105,72,1,1,5,87,16,0.9422794117647059,0.8213235294117647,0.3764705882352941,1000.0,30.0,117.18161764705883,0.0,231.101540742293,1000.0,10.0,42.94419117647059,0.0,142.5481223381542,1
72107,72,1,1,7,139,16,0.9391371340523883,0.7438366718027735,0.3786594761171032,1000.0,25.0,68.42449922958397,0.0,120.13649302521087,1000.0,10.0,21.70724191063174,0.0,101.57645545136168,1
72109,72,1,1,5,147,9,0.8369175627240143,0.6672640382317802,0.5412186379928315,1000.0,100.0,126.8446833930705,0.0,189.85215189774513,1000.0,10.0,27.440083632019114,0.0,112.07935420053306,1
72111,72,1,1,7,147,11,0.8454987834549879,0.690389294403893,0.4981751824817518,1000.0,50.0,127.75851581508516,0.0,194.2549183400962,1000.0,10.0,30.618734793187347,0.0,125.82579341243496,1
72113,72,1,1,46,191,16,0.8789028304639627,0.7588561423985993,0.575488765684272,1000.0,100.0,162.339247154946,0.0,253.5759683760427,1000.0,15.0,75.93904289466005,0.0,237.74469840115012,1
72115,72,1,1,5,88,15,0.8856569709127382,0.7738214643931796,0.46489468405215645,1000.0,60.0,137.44383149448345,0.0,230.35615676800757,1000.0,10.0,60.493480441323975,0.0,208.06647739165592,1
72117,72,1,1,6,62,10,0.8671268334771355,0.7351164797238999,0.5504745470232959,1000.0,100.0,113.65056082830026,0.0,164.88582818435611,1000.0,10.0,23.23986194995686,0.0,93.9715686543129,1
72119,72,1,1,13,134,16,0.8940397350993378,0.7888585897935333,0.5077911959485781,1000.0,100.0,136.36365407089988,0.0,219.20887102610155,1000.0,10.0,49.15261005064277,0.0,185.04207412209567,1
72121,72,1,1,6,154,11,0.8618421052631579,0.7249177631578947,0.5546875,1000.0,100.0,114.03659539473684,0.0,159.96182923825825,1000.0,10.0,19.20435855263158,0.0,72.73699949656154,1
72123,72,1,1,9,207,11,0.8691646191646192,0.7152948402948403,0.6084152334152334,1000.0,100.0,205.59920147420146,0.0,306.785253881868,1000.0,10.0,115.22266584766585,0.0,299.59501982496386,1
72125,72,1,1,7,186,10,0.869943820224719,0.7407303370786517,0.6286516853932584,1000.0,100.0,162.7078651685393,0.0,264.4541134757488,1000.0,10.0,86.91516853932585,0.0,257.71607164226197,1
72127,72,1,1,138,141,23,0.9130638782760239,0.7478830127130952,0.4942020242643609,2000.0,40.0,206.7798780079094,0.0,423.22394199754973,1000.0,10.0,94.98422593113926,0.0,273.00632439538435,1
72129,72,1,1,9,76,12,0.909,0.818,0.533,1000.0,100.0,152.527,0.0,250.6411034774147,1000.0,10.0,69.54310000000001,0.0,225.1862332208745,1
72131,72,1,1,9,113,12,0.8986286636192525,0.7977951062113471,0.4697499327776284,1000.0,60.0,134.53858564130144,0.0,217.55541188064817,1000.0,12.0,49.09424576499059,0.0,177.29473066472977,1
72133,72,1,1,6,164,13,0.8765939942410531,0.7174002468120115,0.5438091320444262,1000.0,100.0,118.16577540106952,0.0,168.4579201495633,1000.0,10.0,22.51378033730975,0.0,92.40880119566106,1
72135,72,1,1,13,106,13,0.9098981457299556,0.8208409506398537,0.5863149647427527,1000.0,100.0,196.6526508226691,0.0,309.8175171711243,1000.0,10.0,109.02094541655785,0.0,276.86548097578014,1
72137,72,1,1,24,110,16,0.8981440237564959,0.7967334818114328,0.5643652561247215,1000.0,100.0,157.41841128433555,0.0,254.68626580219922,1000.0,10.0,68.12769116555307,0.0,214.8437791708447,1
72139,72,1,1,17,80,16,0.9089516305537316,0.8187787261982928,0.5147734734077478,2000.0,100.0,151.13898008316917,0.0,268.16134622042927,1000.0,10.0,65.50731013350843,0.0,221.72616359697582,1
72141,72,1,1,8,148,11,0.8738204367754112,0.7484497169048261,0.5281747101644648,1000.0,100.0,105.71798328390402,0.0,155.44065230507655,1000.0,10.0,23.712051765974657,0.0,101.79225421487708,1
72143,72,1,1,10,94,11,0.8910546467107553,0.7845457709711103,0.5482074486599373,1000.0,100.0,189.96171249564915,0.0,294.43355736646765,1000.0,10.0,103.4222067525235,0.0,282.5381730705861,1
72145,72,1,1,14,110,14,0.8897058823529411,0.7813990461049285,0.5743243243243243,2000.0,100.0,178.4866852146264,0.0,277.22569306475026,1000.0,10.0,88.66891891891892,0.0,259.2290836947465,1
72147,72,1,1,3,125,7,0.9366715758468336,0.8777614138438881,0.6347569955817378,1000.0,100.0,94.47717231222386,0.0,149.94487382399137,1000.0,25.0,42.768777614138436,0.0,153.7787779053055,1
72149,72,1,1,6,125,14,0.9,0.672360248447205,0.3658385093167702,1000.0,30.0,78.01086956521739,0.0,127.31837579967609,1000.0,10.0,20.340434782608696,0.0,87.62128727104785,1
72151,72,1,1,10,57,14,0.8556077904633983,0.7092008059100067,0.5157824042981867,1000.0,100.0,123.75016789791806,0.0,204.4085374351648,1000.0,10.0,43.3693754197448,0.0,169.28195197101712,1
72153,72,1,1,11,166,10,0.8592332455370207,0.7190517998244074,0.5695054141059409,1000.0,100.0,121.43020193151888,0.0,185.83208469249715,1000.0,10.0,33.7300848697688,0.0,139.15606724156567,1
78010,78,1,1,16,328,3,0.6619443087445042,0.6577918905715682,0.3165608207132389,1000.0,25.0,227.7259404005862,0.0,397.27645303751933,100.0,5.0,9.169516365412798,0.0,11.6197002362311,1
78020,78,1,1,3,281,2,0.718397997496871,0.718397997496871,0.26783479349186484,1000.0,25.0,116.89612015018774,0.0,275.9056683306961,30.0,5.0,6.683354192740926,0.0,7.971667294996051,1
78030,78,1,1,13,230,2,0.6788445199660152,0.6788445199660152,0.2973661852166525,1000.0,25.0,226.99660152931182,0.0,397.8029419309641,100.0,5.0,9.473237043330501,0.0,12.756452396528259,1
